dE_max_estimated,used_real_mask,valid_pixel_fraction,observed_baseline_rgb,n_baseline_pixels,correction_scale,correction_suspicious,used_background_model,n_valid_windows,n_blocks_dropped_as_implausible,max_dE_raw,part_id,image_filepath,well_size,truck_number,dE_max_measured,label
6.886305617659991,True,0.382813102816358,"(np.float64(201.0), np.float64(169.0), np.float64(130.0))",12800,"(np.float64(1.0228855721393035), np.float64(1.1597633136094674), np.float64(1.4376923076923078))",False,False,7969,0,9.752509068892229,69,training_set\images\image_00069.jpg,7024,111.0,2.2416543891765883,FAIL
6.654801698036642,True,0.382813102816358,"(np.float64(195.0), np.float64(162.0), np.float64(122.0))",12800,"(np.float64(1.0543589743589743), np.float64(1.2098765432098766), np.float64(1.5319672131147541))",False,False,7969,0,8.134391370055448,70,training_set\images\image_00070.jpg,7024,111.0,4.232756366895861,FAIL
6.455488517681514,True,0.382813102816358,"(np.float64(197.0), np.float64(168.0), np.float64(128.0))",12800,"(np.float64(1.0436548223350253), np.float64(1.1666666666666667), np.float64(1.46015625))",False,False,7969,0,6.7950415182125745,71,training_set\images\image_00071.jpg,7024,111.0,5.708259426772409,FAIL
6.095895081673023,True,0.382813102816358,"(np.float64(196.0), np.float64(171.0), np.float64(134.0))",12800,"(np.float64(1.0489795918367346), np.float64(1.1461988304093567), np.float64(1.394776119402985))",False,False,7969,0,6.764829801708552,72,training_set\images\image_00072.jpg,7024,111.0,2.294705500705295,PASS
6.471920350911937,True,0.382813102816358,"(np.float64(195.0), np.float64(170.0), np.float64(133.0))",12800,"(np.float64(1.0543589743589743), np.float64(1.1529411764705881), np.float64(1.405263157894737))",False,False,7969,0,6.989718309089491,73,training_set\images\image_00073.jpg,7024,111.0,3.2034525093914463,PASS
6.473127467445387,True,0.382813102816358,"(np.float64(195.0), np.float64(170.0), np.float64(133.0))",12800,"(np.float64(1.0543589743589743), np.float64(1.1529411764705881), np.float64(1.405263157894737))",False,False,7969,0,7.260365431518897,74,training_set\images\image_00074.jpg,7024,111.0,2.758758258823071,PASS
6.25789531037302,True,0.382813102816358,"(np.float64(196.0), np.float64(170.0), np.float64(132.0))",12800,"(np.float64(1.0489795918367346), np.float64(1.1529411764705881), np.float64(1.415909090909091))",False,False,7969,0,9.523482846341071,75,training_set\images\image_00075.jpg,7024,111.0,2.073667726369915,PASS
6.671838153027784,True,0.382813102816358,"(np.float64(197.0), np.float64(167.0), np.float64(126.0))",12800,"(np.float64(1.0436548223350253), np.float64(1.1736526946107784), np.float64(1.4833333333333334))",False,False,7969,0,9.06366575656189,76,training_set\images\image_00076.jpg,7024,111.0,2.7934877670485303,FAIL
6.96635200358732,True,0.382813102816358,"(np.float64(197.0), np.float64(168.0), np.float64(127.0))",12800,"(np.float64(1.0436548223350253), np.float64(1.1666666666666667), np.float64(1.4716535433070868))",False,False,7969,0,10.605655688625726,77,training_set\images\image_00077.jpg,7024,111.0,3.0360933946635225,FAIL
8.624826908917406,True,0.382813102816358,"(np.float64(66.0), np.float64(57.0), np.float64(42.0))",12800,"(np.float64(3.1151515151515152), np.float64(3.43859649122807), np.float64(4.45))",True,False,7969,0,11.499324936321385,78,training_set\images\image_00078.jpg,7024,111.0,2.3266244141348285,PASS
6.331978757213791,True,0.382813102816358,"(np.float64(197.0), np.float64(174.0), np.float64(139.5))",12800,"(np.float64(1.0436548223350253), np.float64(1.1264367816091954), np.float64(1.3397849462365592))",False,False,7969,0,10.202228789646242,79,training_set\images\image_00079.jpg,7024,111.0,2.8601054111181505,PASS
6.543070372935724,True,0.382813102816358,"(np.float64(193.0), np.float64(169.0), np.float64(134.0))",12800,"(np.float64(1.0652849740932642), np.float64(1.1597633136094674), np.float64(1.394776119402985))",False,False,7969,0,11.062881227672694,80,training_set\images\image_00080.jpg,7024,111.0,2.4087070659591245,PASS
6.255509889977492,True,0.382813102816358,"(np.float64(193.0), np.float64(169.0), np.float64(134.0))",12800,"(np.float64(1.0652849740932642), np.float64(1.1597633136094674), np.float64(1.394776119402985))",False,False,7969,0,10.503997845264633,81,training_set\images\image_00081.jpg,7024,111.0,2.720789729706061,PASS
6.950216617152165,True,0.382813102816358,"(np.float64(193.0), np.float64(169.0), np.float64(132.0))",12800,"(np.float64(1.0652849740932642), np.float64(1.1597633136094674), np.float64(1.415909090909091))",False,False,7969,0,10.953894403236962,82,training_set\images\image_00082.jpg,7024,111.0,2.917225070876717,PASS
7.155254036015277,True,0.382813102816358,"(np.float64(193.0), np.float64(168.0), np.float64(132.0))",12800,"(np.float64(1.0652849740932642), np.float64(1.1666666666666667), np.float64(1.415909090909091))",False,False,7969,0,12.482356009153165,83,training_set\images\image_00083.jpg,7024,111.0,3.1365488742766794,PASS
6.746154805445833,True,0.382813102816358,"(np.float64(192.0), np.float64(167.0), np.float64(131.0))",12800,"(np.float64(1.0708333333333333), np.float64(1.1736526946107784), np.float64(1.4267175572519084))",False,False,7969,0,18.509797709055487,84,training_set\images\image_00084.jpg,7024,111.0,1.954633740259104,PASS
6.033832664954188,True,0.382813102816358,"(np.float64(194.0), np.float64(170.0), np.float64(134.0))",12800,"(np.float64(1.0597938144329897), np.float64(1.1529411764705881), np.float64(1.394776119402985))",False,False,7969,0,11.30754052893851,85,training_set\images\image_00085.jpg,7024,111.0,1.7912593895208788,PASS
6.296505050232102,True,0.382813102816358,"(np.float64(194.0), np.float64(169.0), np.float64(134.0))",12800,"(np.float64(1.0597938144329897), np.float64(1.1597633136094674), np.float64(1.394776119402985))",False,False,7969,0,11.91696225259972,86,training_set\images\image_00086.jpg,7024,111.0,1.44435508882391,PASS
7.215057651790265,True,0.382813102816358,"(np.float64(194.0), np.float64(169.0), np.float64(134.0))",12800,"(np.float64(1.0597938144329897), np.float64(1.1597633136094674), np.float64(1.394776119402985))",False,False,7969,0,11.152428204911285,87,training_set\images\image_00087.jpg,7024,111.0,2.728254985055925,PASS
6.474839211781028,True,0.382813102816358,"(np.float64(196.0), np.float64(172.0), np.float64(137.0))",12800,"(np.float64(1.0489795918367346), np.float64(1.1395348837209303), np.float64(1.364233576642336))",False,False,7969,0,10.507703380209602,89,training_set\images\image_00089.jpg,7024,111.0,2.242809509210499,PASS
6.324382872871035,True,0.382813102816358,"(np.float64(197.0), np.float64(172.0), np.float64(137.0))",12800,"(np.float64(1.0436548223350253), np.float64(1.1395348837209303), np.float64(1.364233576642336))",False,False,7969,0,10.69575705485598,90,training_set\images\image_00090.jpg,7024,111.0,2.0597337005485192,PASS
10.489738872508152,True,0.382813102816358,"(np.float64(196.0), np.float64(172.0), np.float64(137.0))",12800,"(np.float64(1.0489795918367346), np.float64(1.1395348837209303), np.float64(1.364233576642336))",False,False,7969,0,18.427983059115316,91,training_set\images\image_00091.jpg,7024,111.0,2.2178459335861778,PASS
7.599861879877642,True,0.382813102816358,"(np.float64(195.0), np.float64(170.0), np.float64(133.0))",12800,"(np.float64(1.0543589743589743), np.float64(1.1529411764705881), np.float64(1.405263157894737))",False,False,7969,0,14.246389599722505,92,training_set\images\image_00092.jpg,7024,111.0,4.02357611737532,PASS
6.040767995152776,True,0.382813102816358,"(np.float64(196.0), np.float64(173.0), np.float64(138.0))",12800,"(np.float64(1.0489795918367346), np.float64(1.1329479768786128), np.float64(1.3543478260869566))",False,False,7969,0,10.170724063642732,93,training_set\images\image_00093.jpg,7024,111.0,2.914717798054555,PASS
6.606016169221465,True,0.382813102816358,"(np.float64(195.0), np.float64(170.0), np.float64(134.0))",12800,"(np.float64(1.0543589743589743), np.float64(1.1529411764705881), np.float64(1.394776119402985))",False,False,7969,0,11.292129516899767,94,training_set\images\image_00094.jpg,7024,111.0,1.733823270579698,PASS
6.476548883272645,True,0.382813102816358,"(np.float64(195.0), np.float64(169.0), np.float64(131.0))",12800,"(np.float64(1.0543589743589743), np.float64(1.1597633136094674), np.float64(1.4267175572519084))",False,False,7969,0,7.977133644153989,95,training_set\images\image_00095.jpg,7024,111.0,2.7922688320627,PASS
6.263149517008821,True,0.382813102816358,"(np.float64(196.0), np.float64(170.0), np.float64(132.0))",12800,"(np.float64(1.0489795918367346), np.float64(1.1529411764705881), np.float64(1.415909090909091))",False,False,7969,0,11.150247143932873,96,training_set\images\image_00096.jpg,7024,111.0,2.0911055942627903,PASS
7.0859665450489935,True,0.382813102816358,"(np.float64(195.0), np.float64(171.0), np.float64(135.0))",12800,"(np.float64(1.0543589743589743), np.float64(1.1461988304093567), np.float64(1.3844444444444446))",False,False,7969,0,13.644081764723808,98,training_set\images\image_00098.jpg,7024,111.0,2.2453663319797164,PASS
7.242615442474068,True,0.382813102816358,"(np.float64(196.0), np.float64(172.0), np.float64(135.0))",12800,"(np.float64(1.0489795918367346), np.float64(1.1395348837209303), np.float64(1.3844444444444446))",False,False,7969,0,12.355192450342336,99,training_set\images\image_00099.jpg,7024,111.0,2.287257336556311,PASS
7.442717712499646,True,0.382813102816358,"(np.float64(195.0), np.float64(170.0), np.float64(135.0))",12800,"(np.float64(1.0543589743589743), np.float64(1.1529411764705881), np.float64(1.3844444444444446))",False,False,7969,0,13.564409998615309,100,training_set\images\image_00100.jpg,7024,111.0,3.0859606781165474,PASS
7.316585666826832,True,0.382813102816358,"(np.float64(195.0), np.float64(171.0), np.float64(135.0))",12800,"(np.float64(1.0543589743589743), np.float64(1.1461988304093567), np.float64(1.3844444444444446))",False,False,7969,0,12.30546530635522,101,training_set\images\image_00101.jpg,7024,111.0,2.1620873553842874,PASS
7.518008266688807,True,0.382813102816358,"(np.float64(195.0), np.float64(170.0), np.float64(134.0))",12800,"(np.float64(1.0543589743589743), np.float64(1.1529411764705881), np.float64(1.394776119402985))",False,False,7969,0,13.495187155001178,102,training_set\images\image_00102.jpg,7024,111.0,2.449062450447475,PASS
11.39089180583047,True,0.5642314091435185,"(np.float64(200.0), np.float64(177.0), np.float64(143.0))",5650,"(np.float64(1.028), np.float64(1.1073446327683616), np.float64(1.3069930069930071))",False,False,11710,0,22.77097772150773,104,training_set\images\image_00104.jpg,7038,111.0,2.1222960611758244,PASS
13.133039465647544,True,0.5642314091435185,"(np.float64(201.0), np.float64(178.0), np.float64(145.0))",5650,"(np.float64(1.0228855721393035), np.float64(1.101123595505618), np.float64(1.2889655172413794))",False,False,11710,0,20.11578831208907,105,training_set\images\image_00105.jpg,7038,111.0,2.363641470185178,PASS
10.53156181932207,True,0.5642314091435185,"(np.float64(199.0), np.float64(177.0), np.float64(143.0))",5650,"(np.float64(1.0331658291457286), np.float64(1.1073446327683616), np.float64(1.3069930069930071))",False,False,11710,0,12.97801843516631,106,training_set\images\image_00106.jpg,7038,111.0,5.855829962750695,PASS
11.678750923281358,True,0.5642314091435185,"(np.float64(199.0), np.float64(176.0), np.float64(142.0))",5650,"(np.float64(1.0331658291457286), np.float64(1.1136363636363635), np.float64(1.3161971830985917))",False,False,11710,0,13.164576887258697,107,training_set\images\image_00107.jpg,7038,111.0,2.0706158110442816,PASS
11.773800583035637,True,0.5642314091435185,"(np.float64(198.0), np.float64(173.0), np.float64(137.0))",5650,"(np.float64(1.0383838383838384), np.float64(1.1329479768786128), np.float64(1.364233576642336))",False,False,11710,0,13.345169061490074,108,training_set\images\image_00108.jpg,7038,111.0,1.7518238219948346,PASS
12.164482670721501,True,0.5642314091435185,"(np.float64(201.0), np.float64(179.0), np.float64(146.0))",5650,"(np.float64(1.0228855721393035), np.float64(1.094972067039106), np.float64(1.2801369863013699))",False,False,11710,0,14.269539885630584,109,training_set\images\image_00109.jpg,7038,111.0,2.624474434084903,PASS
11.534970083314517,True,0.5642314091435185,"(np.float64(200.0), np.float64(178.0), np.float64(146.0))",5650,"(np.float64(1.028), np.float64(1.101123595505618), np.float64(1.2801369863013699))",False,False,11710,0,13.024014332036192,110,training_set\images\image_00110.jpg,7038,111.0,2.031857591126254,PASS
10.879753816094075,True,0.5642314091435185,"(np.float64(197.0), np.float64(173.0), np.float64(137.0))",5650,"(np.float64(1.0436548223350253), np.float64(1.1329479768786128), np.float64(1.364233576642336))",False,False,11710,0,14.4314578858936,112,training_set\images\image_00112.jpg,7038,111.0,2.2580464550328623,PASS
11.695025323754903,True,0.5642314091435185,"(np.float64(200.0), np.float64(178.0), np.float64(145.0))",5650,"(np.float64(1.028), np.float64(1.101123595505618), np.float64(1.2889655172413794))",False,False,11710,0,12.73669906595386,113,training_set\images\image_00113.jpg,7038,111.0,1.931435532259725,PASS
11.277806694801047,True,0.5642314091435185,"(np.float64(200.0), np.float64(178.0), np.float64(146.0))",5650,"(np.float64(1.028), np.float64(1.101123595505618), np.float64(1.2801369863013699))",False,False,11710,0,12.189675365657843,114,training_set\images\image_00114.jpg,7038,111.0,2.313704839379035,PASS
11.238642870269016,True,0.5642314091435185,"(np.float64(199.0), np.float64(178.0), np.float64(146.0))",5650,"(np.float64(1.0331658291457286), np.float64(1.101123595505618), np.float64(1.2801369863013699))",False,False,11710,0,15.191961118791964,115,training_set\images\image_00115.jpg,7038,111.0,4.00600296835397,PASS
11.287082230492372,True,0.5642314091435185,"(np.float64(199.0), np.float64(178.0), np.float64(145.0))",5650,"(np.float64(1.0331658291457286), np.float64(1.101123595505618), np.float64(1.2889655172413794))",False,False,11710,0,13.090886844551004,116,training_set\images\image_00116.jpg,7038,111.0,2.395720698107872,PASS
11.219020321569444,True,0.5642314091435185,"(np.float64(200.0), np.float64(176.0), np.float64(140.0))",5650,"(np.float64(1.028), np.float64(1.1136363636363635), np.float64(1.335))",False,False,11710,0,13.379238842810928,117,training_set\images\image_00117.jpg,7038,111.0,2.432283540516165,PASS
11.461401833503938,True,0.5642314091435185,"(np.float64(202.0), np.float64(179.0), np.float64(146.0))",5650,"(np.float64(1.0178217821782178), np.float64(1.094972067039106), np.float64(1.2801369863013699))",False,False,11710,0,16.58585496246415,118,training_set\images\image_00118.jpg,7038,111.0,2.045606416569492,PASS
14.630094859559588,True,0.382813102816358,"(np.float64(191.0), np.float64(166.0), np.float64(127.0))",12800,"(np.float64(1.0764397905759162), np.float64(1.180722891566265), np.float64(1.4716535433070868))",False,False,7969,0,21.97287818687503,120,training_set\images\image_00120.jpg,7024,111.0,2.0069503387289074,PASS
8.05568914581543,True,0.382813102816358,"(np.float64(193.0), np.float64(166.0), np.float64(127.0))",12800,"(np.float64(1.0652849740932642), np.float64(1.180722891566265), np.float64(1.4716535433070868))",False,False,7969,0,9.919705103047395,121,training_set\images\image_00121.jpg,7024,111.0,8.15758987830649,FAIL
7.039759057383776,True,0.382813102816358,"(np.float64(191.0), np.float64(164.0), np.float64(125.0))",12800,"(np.float64(1.0764397905759162), np.float64(1.1951219512195121), np.float64(1.4952))",False,False,7969,0,7.3261047403974935,122,training_set\images\image_00122.jpg,7024,111.0,2.8635851144537403,FAIL
7.290849599684818,True,0.382813102816358,"(np.float64(191.0), np.float64(165.0), np.float64(126.0))",12800,"(np.float64(1.0764397905759162), np.float64(1.187878787878788), np.float64(1.4833333333333334))",False,False,7969,0,8.653275616971923,123,training_set\images\image_00123.jpg,7024,111.0,5.112935004165309,FAIL
8.806489482608422,True,0.382813102816358,"(np.float64(191.0), np.float64(165.0), np.float64(127.0))",12800,"(np.float64(1.0764397905759162), np.float64(1.187878787878788), np.float64(1.4716535433070868))",False,False,7969,0,13.65890920857341,124,training_set\images\image_00124.jpg,7024,111.0,6.035557210333703,FAIL
7.817858838511158,True,0.382813102816358,"(np.float64(192.0), np.float64(166.0), np.float64(128.0))",12800,"(np.float64(1.0708333333333333), np.float64(1.180722891566265), np.float64(1.46015625))",False,False,7969,0,14.20225127463473,125,training_set\images\image_00125.jpg,7024,111.0,7.715330600289297,FAIL
7.632367293771996,True,0.382813102816358,"(np.float64(190.0), np.float64(165.0), np.float64(127.0))",12800,"(np.float64(1.0821052631578947), np.float64(1.187878787878788), np.float64(1.4716535433070868))",False,False,7969,0,14.416841273794837,126,training_set\images\image_00126.jpg,7024,111.0,5.903767453107667,FAIL
8.697368991095548,True,0.382813102816358,"(np.float64(189.0), np.float64(163.0), np.float64(124.0))",12800,"(np.float64(1.0878306878306878), np.float64(1.2024539877300613), np.float64(1.507258064516129))",False,False,7969,0,9.458372049820778,127,training_set\images\image_00127.jpg,7024,111.0,8.578533049706222,FAIL
8.658167563357397,True,0.382813102816358,"(np.float64(191.0), np.float64(165.0), np.float64(127.0))",12800,"(np.float64(1.0764397905759162), np.float64(1.187878787878788), np.float64(1.4716535433070868))",False,False,7969,0,9.939672039104991,128,training_set\images\image_00128.jpg,7024,111.0,4.505029660060925,FAIL
8.311965505141764,True,0.382813102816358,"(np.float64(192.0), np.float64(166.0), np.float64(127.0))",12800,"(np.float64(1.0708333333333333), np.float64(1.180722891566265), np.float64(1.4716535433070868))",False,False,7969,0,11.910754358881043,129,training_set\images\image_00129.jpg,7024,111.0,5.979970750029263,FAIL
8.963084498330968,True,0.382813102816358,"(np.float64(191.0), np.float64(165.0), np.float64(127.0))",12800,"(np.float64(1.0764397905759162), np.float64(1.187878787878788), np.float64(1.4716535433070868))",False,False,7969,0,9.419879874559866,131,training_set\images\image_00131.jpg,7024,111.0,6.337628441554772,FAIL
10.664551907099865,True,0.382813102816358,"(np.float64(192.0), np.float64(165.0), np.float64(126.0))",12800,"(np.float64(1.0708333333333333), np.float64(1.187878787878788), np.float64(1.4833333333333334))",False,False,7969,0,11.728396913180534,132,training_set\images\image_00132.jpg,7024,111.0,7.208624372132039,FAIL
7.64905399195064,True,0.382813102816358,"(np.float64(193.0), np.float64(166.0), np.float64(128.0))",12800,"(np.float64(1.0652849740932642), np.float64(1.180722891566265), np.float64(1.46015625))",False,False,7969,0,13.15047158157285,133,training_set\images\image_00133.jpg,7024,111.0,5.547714512643849,FAIL
7.583915170373289,True,0.382813102816358,"(np.float64(191.0), np.float64(165.0), np.float64(126.0))",12800,"(np.float64(1.0764397905759162), np.float64(1.187878787878788), np.float64(1.4833333333333334))",False,False,7969,0,12.69580217684601,134,training_set\images\image_00134.jpg,7024,111.0,4.813350539615102,FAIL
10.230783686484394,True,0.382813102816358,"(np.float64(193.0), np.float64(166.0), np.float64(127.0))",12800,"(np.float64(1.0652849740932642), np.float64(1.180722891566265), np.float64(1.4716535433070868))",False,False,7969,0,17.209938415932154,135,training_set\images\image_00135.jpg,7024,111.0,4.846350178298253,FAIL
7.476517220718793,True,0.382813102816358,"(np.float64(192.0), np.float64(166.0), np.float64(126.0))",12800,"(np.float64(1.0708333333333333), np.float64(1.180722891566265), np.float64(1.4833333333333334))",False,False,7969,0,7.994172826770103,136,training_set\images\image_00136.jpg,7024,111.0,3.782986252328477,FAIL
7.449562825305861,True,0.382813102816358,"(np.float64(193.0), np.float64(165.0), np.float64(125.0))",12800,"(np.float64(1.0652849740932642), np.float64(1.187878787878788), np.float64(1.4952))",False,False,7969,0,16.936013271385093,137,training_set\images\image_00137.jpg,7024,111.0,4.889185099990756,FAIL
18.16108149413045,True,0.382813102816358,"(np.float64(193.0), np.float64(165.0), np.float64(124.0))",12800,"(np.float64(1.0652849740932642), np.float64(1.187878787878788), np.float64(1.507258064516129))",False,False,7969,9,35.07942779091832,138,training_set\images\image_00138.jpg,7024,111.0,5.376157129950402,FAIL
9.08168965916782,True,0.382813102816358,"(np.float64(193.0), np.float64(165.0), np.float64(124.0))",12800,"(np.float64(1.0652849740932642), np.float64(1.187878787878788), np.float64(1.507258064516129))",False,False,7969,0,22.248364866086863,139,training_set\images\image_00139.jpg,7024,111.0,6.712774559028768,FAIL
10.3643983648842,True,0.382813102816358,"(np.float64(192.0), np.float64(165.0), np.float64(125.0))",12800,"(np.float64(1.0708333333333333), np.float64(1.187878787878788), np.float64(1.4952))",False,False,7969,0,20.571110532449,140,training_set\images\image_00140.jpg,7024,111.0,7.48970260823349,FAIL
16.35018534797512,True,0.4214867862654321,"(np.float64(192.0), np.float64(166.0), np.float64(130.0))",12800,"(np.float64(1.0708333333333333), np.float64(1.180722891566265), np.float64(1.4376923076923078))",False,False,8755,33,40.77744892322437,141,training_set\images\image_00141.jpg,6024,112.0,2.0779509563821965,PASS
15.034050678003334,True,0.4214867862654321,"(np.float64(191.5), np.float64(166.0), np.float64(130.0))",12800,"(np.float64(1.0736292428198433), np.float64(1.180722891566265), np.float64(1.4376923076923078))",False,False,8755,9,31.60588478880101,142,training_set\images\image_00142.jpg,6024,112.0,2.372384962116799,PASS
11.791041733776323,True,0.4214867862654321,"(np.float64(193.0), np.float64(167.0), np.float64(129.0))",12800,"(np.float64(1.0652849740932642), np.float64(1.1736526946107784), np.float64(1.4488372093023256))",False,False,8755,0,23.526224190251256,143,training_set\images\image_00143.jpg,6024,112.0,2.7396914522203004,PASS
14.965771836505933,True,0.4214867862654321,"(np.float64(194.0), np.float64(168.0), np.float64(129.0))",12800,"(np.float64(1.0597938144329897), np.float64(1.1666666666666667), np.float64(1.4488372093023256))",False,False,8755,19,37.469692376099026,144,training_set\images\image_00144.jpg,6024,112.0,2.8786224778793006,PASS
9.499139194096536,True,0.4214867862654321,"(np.float64(194.0), np.float64(167.0), np.float64(129.0))",12800,"(np.float64(1.0597938144329897), np.float64(1.1736526946107784), np.float64(1.4488372093023256))",False,False,8755,0,18.4148377258321,145,training_set\images\image_00145.jpg,6024,112.0,2.95668188118446,PASS
9.164080709722038,True,0.4214867862654321,"(np.float64(192.0), np.float64(166.0), np.float64(129.0))",12800,"(np.float64(1.0708333333333333), np.float64(1.180722891566265), np.float64(1.4488372093023256))",False,False,8755,0,18.36629342997731,146,training_set\images\image_00146.jpg,6024,112.0,3.9710838351591615,PASS
8.197260944415591,True,0.4214867862654321,"(np.float64(193.0), np.float64(167.0), np.float64(130.0))",12800,"(np.float64(1.0652849740932642), np.float64(1.1736526946107784), np.float64(1.4376923076923078))",False,False,8755,0,15.067451866775906,147,training_set\images\image_00147.jpg,6024,112.0,2.9123976529342683,PASS
11.565843665085744,True,0.4214867862654321,"(np.float64(192.0), np.float64(166.0), np.float64(129.0))",12800,"(np.float64(1.0708333333333333), np.float64(1.180722891566265), np.float64(1.4488372093023256))",False,False,8755,0,21.089023538024,148,training_set\images\image_00148.jpg,6024,112.0,3.021214910963544,PASS
16.45619625682709,True,0.4214867862654321,"(np.float64(192.5), np.float64(167.0), np.float64(130.0))",12800,"(np.float64(1.068051948051948), np.float64(1.1736526946107784), np.float64(1.4376923076923078))",False,False,8755,18,33.67502307153885,149,training_set\images\image_00149.jpg,6024,112.0,2.5468490172808447,PASS
7.548798054413671,True,0.4214867862654321,"(np.float64(194.0), np.float64(168.0), np.float64(131.0))",12800,"(np.float64(1.0597938144329897), np.float64(1.1666666666666667), np.float64(1.4267175572519084))",False,False,8755,0,10.560048873356056,150,training_set\images\image_00150.jpg,6024,112.0,2.214093602588642,PASS
9.136168727334704,True,0.4214867862654321,"(np.float64(193.0), np.float64(167.5), np.float64(131.0))",12800,"(np.float64(1.0652849740932642), np.float64(1.1701492537313434), np.float64(1.4267175572519084))",False,False,8755,0,15.693808665295407,151,training_set\images\image_00151.jpg,6024,112.0,2.3694414902884806,PASS
14.482273487323138,True,0.4214867862654321,"(np.float64(193.5), np.float64(168.0), np.float64(131.0))",12800,"(np.float64(1.062532299741602), np.float64(1.1666666666666667), np.float64(1.4267175572519084))",False,False,8755,9,34.58808814354656,152,training_set\images\image_00152.jpg,6024,112.0,1.7493876722174806,PASS
13.28984501848996,True,0.6222890142746914,"(np.float64(193.0), np.float64(167.0), np.float64(131.0))",12800,"(np.float64(1.0652849740932642), np.float64(1.1736526946107784), np.float64(1.4267175572519084))",False,False,12878,0,18.826026403076575,153,training_set\images\image_00153.jpg,6038,112.0,2.07240197373936,PASS
13.415858904857036,True,0.6222890142746914,"(np.float64(194.0), np.float64(168.0), np.float64(132.0))",12800,"(np.float64(1.0597938144329897), np.float64(1.1666666666666667), np.float64(1.415909090909091))",False,False,12878,0,18.16655010272885,154,training_set\images\image_00154.jpg,6038,112.0,1.7954126320070536,PASS
14.732664053118945,True,0.6222890142746914,"(np.float64(195.5), np.float64(169.0), np.float64(132.0))",12800,"(np.float64(1.0516624040920717), np.float64(1.1597633136094674), np.float64(1.415909090909091))",False,False,12878,0,23.834679449249073,155,training_set\images\image_00155.jpg,6038,112.0,2.265482432635073,PASS
13.457846683446265,True,0.6222890142746914,"(np.float64(195.0), np.float64(169.0), np.float64(132.0))",12800,"(np.float64(1.0543589743589743), np.float64(1.1597633136094674), np.float64(1.415909090909091))",False,False,12878,0,18.708280506427972,156,training_set\images\image_00156.jpg,6038,112.0,2.903544044566216,PASS
13.77503639820473,True,0.6222890142746914,"(np.float64(193.0), np.float64(168.0), np.float64(131.0))",12800,"(np.float64(1.0652849740932642), np.float64(1.1666666666666667), np.float64(1.4267175572519084))",False,False,12878,0,20.066656520624583,157,training_set\images\image_00157.jpg,6038,112.0,1.6723752529883202,PASS
13.692482036934598,True,0.6222890142746914,"(np.float64(192.0), np.float64(167.0), np.float64(131.0))",12800,"(np.float64(1.0708333333333333), np.float64(1.1736526946107784), np.float64(1.4267175572519084))",False,False,12878,1,26.89612424631754,158,training_set\images\image_00158.jpg,6038,112.0,2.0078969948478296,PASS
18.70335861117011,True,0.6222890142746914,"(np.float64(195.0), np.float64(169.0), np.float64(132.0))",12800,"(np.float64(1.0543589743589743), np.float64(1.1597633136094674), np.float64(1.415909090909091))",False,False,12878,44,54.51291877901571,160,training_set\images\image_00160.jpg,6038,112.0,2.063091273388,PASS
17.69385200088452,True,0.6222890142746914,"(np.float64(195.0), np.float64(169.0), np.float64(132.0))",12800,"(np.float64(1.0543589743589743), np.float64(1.1597633136094674), np.float64(1.415909090909091))",False,False,12878,42,52.38442094811331,161,training_set\images\image_00161.jpg,6038,112.0,2.0961469595459654,PASS
17.344170049264655,True,0.6222890142746914,"(np.float64(197.0), np.float64(170.5), np.float64(132.0))",12800,"(np.float64(1.0436548223350253), np.float64(1.1495601173020529), np.float64(1.415909090909091))",False,False,12878,36,52.43265119139285,162,training_set\images\image_00162.jpg,6038,112.0,2.879811788785964,PASS
16.08190047781374,True,0.6222890142746914,"(np.float64(197.0), np.float64(170.0), np.float64(132.0))",12800,"(np.float64(1.0436548223350253), np.float64(1.1529411764705881), np.float64(1.415909090909091))",False,False,12878,31,47.862403674671896,163,training_set\images\image_00163.jpg,6038,112.0,2.227891202021892,PASS
15.848052157793498,True,0.6222890142746914,"(np.float64(196.0), np.float64(170.0), np.float64(132.0))",12800,"(np.float64(1.0489795918367346), np.float64(1.1529411764705881), np.float64(1.415909090909091))",False,False,12878,10,34.1528047929643,164,training_set\images\image_00164.jpg,6038,112.0,1.7121379991419932,PASS
17.39995895666544,True,0.6222890142746914,"(np.float64(196.5), np.float64(170.0), np.float64(132.0))",12800,"(np.float64(1.0463104325699746), np.float64(1.1529411764705881), np.float64(1.415909090909091))",False,False,12878,38,52.18578499685403,165,training_set\images\image_00165.jpg,6038,112.0,2.0754696978800102,PASS
16.67408119258673,True,0.6222890142746914,"(np.float64(198.0), np.float64(171.0), np.float64(132.0))",12800,"(np.float64(1.0383838383838384), np.float64(1.1461988304093567), np.float64(1.415909090909091))",False,False,12878,25,44.61875857162642,166,training_set\images\image_00166.jpg,6038,112.0,2.7388065203098653,PASS
17.08876547059692,True,0.6222890142746914,"(np.float64(197.5), np.float64(170.5), np.float64(132.0))",12800,"(np.float64(1.041012658227848), np.float64(1.1495601173020529), np.float64(1.415909090909091))",False,False,12878,31,54.002584526393946,167,training_set\images\image_00167.jpg,6038,112.0,2.4588154056149603,PASS
17.669842783816836,True,0.6222890142746914,"(np.float64(196.0), np.float64(170.5), np.float64(132.0))",12800,"(np.float64(1.0489795918367346), np.float64(1.1495601173020529), np.float64(1.415909090909091))",False,False,12878,38,51.55148647854322,168,training_set\images\image_00168.jpg,6038,112.0,1.885517150390504,PASS
19.33107622062707,True,0.6222890142746914,"(np.float64(195.0), np.float64(170.0), np.float64(132.0))",12800,"(np.float64(1.0543589743589743), np.float64(1.1529411764705881), np.float64(1.415909090909091))",False,False,12878,79,57.8145251821208,169,training_set\images\image_00169.jpg,6038,112.0,2.3409611274951505,PASS
17.6051842551204,True,0.6222890142746914,"(np.float64(195.0), np.float64(169.0), np.float64(132.0))",12800,"(np.float64(1.0543589743589743), np.float64(1.1597633136094674), np.float64(1.415909090909091))",False,False,12878,37,51.902152886984034,170,training_set\images\image_00170.jpg,6038,112.0,2.2880175765792137,PASS
15.433712672616192,True,0.6222890142746914,"(np.float64(193.0), np.float64(167.0), np.float64(130.0))",12800,"(np.float64(1.0652849740932642), np.float64(1.1736526946107784), np.float64(1.4376923076923078))",False,False,12878,31,47.76749987361929,171,training_set\images\image_00171.jpg,6038,112.0,1.9780738210175035,PASS
18.1226096210739,True,0.6222890142746914,"(np.float64(194.0), np.float64(168.0), np.float64(131.0))",12800,"(np.float64(1.0597938144329897), np.float64(1.1666666666666667), np.float64(1.4267175572519084))",False,False,12878,42,54.556128417367816,172,training_set\images\image_00172.jpg,6038,112.0,2.384424736177065,PASS
17.93997137454038,True,0.6222890142746914,"(np.float64(192.5), np.float64(167.5), np.float64(131.0))",12800,"(np.float64(1.068051948051948), np.float64(1.1701492537313434), np.float64(1.4267175572519084))",False,False,12878,43,54.125890838485866,173,training_set\images\image_00173.jpg,6038,112.0,2.798531323760072,PASS
17.907139286340602,True,0.6222890142746914,"(np.float64(192.0), np.float64(167.0), np.float64(130.0))",12800,"(np.float64(1.0708333333333333), np.float64(1.1736526946107784), np.float64(1.4376923076923078))",False,False,12878,39,52.490029156057574,174,training_set\images\image_00174.jpg,6038,112.0,2.0878961258155946,PASS
16.809152957912712,True,0.6222890142746914,"(np.float64(193.0), np.float64(167.5), np.float64(131.0))",12800,"(np.float64(1.0652849740932642), np.float64(1.1701492537313434), np.float64(1.4267175572519084))",False,False,12878,38,52.98989282396517,175,training_set\images\image_00175.jpg,6038,112.0,1.9470819540302784,PASS
17.832341415325068,True,0.6222890142746914,"(np.float64(194.0), np.float64(167.5), np.float64(131.0))",12800,"(np.float64(1.0597938144329897), np.float64(1.1701492537313434), np.float64(1.4267175572519084))",False,False,12878,39,52.45870168914405,176,training_set\images\image_00176.jpg,6038,112.0,2.1416520964863577,PASS
16.5769797273311,True,0.6222890142746914,"(np.float64(193.5), np.float64(167.0), np.float64(131.0))",12800,"(np.float64(1.062532299741602), np.float64(1.1736526946107784), np.float64(1.4267175572519084))",False,False,12878,36,50.58032811449811,177,training_set\images\image_00177.jpg,6038,112.0,1.923366211201466,PASS
18.107588791594548,True,0.6222890142746914,"(np.float64(194.0), np.float64(168.0), np.float64(131.0))",12800,"(np.float64(1.0597938144329897), np.float64(1.1666666666666667), np.float64(1.4267175572519084))",False,False,12878,40,52.72930958111508,178,training_set\images\image_00178.jpg,6038,112.0,2.5551518379299027,PASS
18.35312945043442,True,0.6222890142746914,"(np.float64(193.5), np.float64(167.0), np.float64(130.0))",12800,"(np.float64(1.062532299741602), np.float64(1.1736526946107784), np.float64(1.4376923076923078))",False,False,12878,46,53.407019137584015,179,training_set\images\image_00179.jpg,6038,112.0,1.903747158928213,PASS
16.48932300549718,True,0.6222890142746914,"(np.float64(194.0), np.float64(168.0), np.float64(130.0))",12800,"(np.float64(1.0597938144329897), np.float64(1.1666666666666667), np.float64(1.4376923076923078))",False,False,12878,35,49.78493515250887,180,training_set\images\image_00180.jpg,6038,112.0,1.7674167917123356,PASS
19.679287161684353,True,0.6222890142746914,"(np.float64(193.0), np.float64(166.5), np.float64(130.0))",12800,"(np.float64(1.0652849740932642), np.float64(1.177177177177177), np.float64(1.4376923076923078))",False,False,12878,71,57.47413766112062,181,training_set\images\image_00181.jpg,6038,112.0,1.8107741374660449,PASS
8.499246482688282,True,0.382813102816358,"(np.float64(186.0), np.float64(160.0), np.float64(122.0))",12800,"(np.float64(1.1053763440860214), np.float64(1.225), np.float64(1.5319672131147541))",False,False,7969,0,13.308908923042399,182,training_set\images\image_00182.jpg,7024,111.0,5.83035272498779,FAIL
7.966603946192645,True,0.382813102816358,"(np.float64(187.0), np.float64(160.0), np.float64(120.0))",12800,"(np.float64(1.0994652406417111), np.float64(1.225), np.float64(1.5575))",False,False,7969,0,8.883225423047438,183,training_set\images\image_00183.jpg,7024,111.0,5.706529294931187,FAIL
8.082647315258312,True,0.382813102816358,"(np.float64(187.0), np.float64(160.0), np.float64(121.0))",12800,"(np.float64(1.0994652406417111), np.float64(1.225), np.float64(1.5446280991735537))",False,False,7969,0,9.027014668858024,184,training_set\images\image_00184.jpg,7024,111.0,5.966091827427232,FAIL
8.197089023476412,True,0.382813102816358,"(np.float64(188.0), np.float64(160.0), np.float64(121.0))",12800,"(np.float64(1.0936170212765957), np.float64(1.225), np.float64(1.5446280991735537))",False,False,7969,0,10.142498162704412,185,training_set\images\image_00185.jpg,7024,111.0,5.991650432651768,FAIL
8.815468128679594,True,0.382813102816358,"(np.float64(189.0), np.float64(161.0), np.float64(121.0))",12800,"(np.float64(1.0878306878306878), np.float64(1.2173913043478262), np.float64(1.5446280991735537))",False,False,7969,0,13.086405157853491,186,training_set\images\image_00186.jpg,7024,111.0,6.776745859338399,FAIL
7.719896849857498,True,0.382813102816358,"(np.float64(188.0), np.float64(161.0), np.float64(122.0))",12800,"(np.float64(1.0936170212765957), np.float64(1.2173913043478262), np.float64(1.5319672131147541))",False,False,7969,0,9.060698613537175,187,training_set\images\image_00187.jpg,7024,111.0,6.146199648266154,FAIL
13.002595338322681,True,0.382813102816358,"(np.float64(188.0), np.float64(161.0), np.float64(123.0))",12800,"(np.float64(1.0936170212765957), np.float64(1.2173913043478262), np.float64(1.5195121951219512))",False,False,7969,0,24.577255037440263,188,training_set\images\image_00188.jpg,7024,111.0,4.971375668239396,FAIL
6.460484308069046,True,0.382813102816358,"(np.float64(188.0), np.float64(162.0), np.float64(124.0))",12800,"(np.float64(1.0936170212765957), np.float64(1.2098765432098766), np.float64(1.507258064516129))",False,False,7969,0,7.162658185055159,189,training_set\images\image_00189.jpg,7024,111.0,3.610994652096564,FAIL
7.379699957133296,True,0.382813102816358,"(np.float64(188.0), np.float64(160.0), np.float64(122.0))",12800,"(np.float64(1.0936170212765957), np.float64(1.225), np.float64(1.5319672131147541))",False,False,7969,0,13.467062883301152,190,training_set\images\image_00190.jpg,7024,111.0,3.9446050177346574,FAIL
6.827176543299697,True,0.382813102816358,"(np.float64(188.0), np.float64(161.0), np.float64(122.0))",12800,"(np.float64(1.0936170212765957), np.float64(1.2173913043478262), np.float64(1.5319672131147541))",False,False,7969,0,8.073003117679308,191,training_set\images\image_00191.jpg,7024,111.0,3.479210197615027,FAIL
12.251957858797292,True,0.382813102816358,"(np.float64(188.0), np.float64(160.0), np.float64(121.0))",12800,"(np.float64(1.0936170212765957), np.float64(1.225), np.float64(1.5446280991735537))",False,False,7969,1,26.31547096201155,192,training_set\images\image_00192.jpg,7024,111.0,3.788154518669311,FAIL
8.952359829604843,True,0.382813102816358,"(np.float64(188.0), np.float64(160.0), np.float64(122.0))",12800,"(np.float64(1.0936170212765957), np.float64(1.225), np.float64(1.5319672131147541))",False,False,7969,0,19.700490747887972,193,training_set\images\image_00193.jpg,7024,111.0,3.5528581744963823,FAIL
6.724719336299771,True,0.382813102816358,"(np.float64(189.0), np.float64(160.0), np.float64(121.0))",12800,"(np.float64(1.0878306878306878), np.float64(1.225), np.float64(1.5446280991735537))",False,False,7969,0,16.82690599534941,194,training_set\images\image_00194.jpg,7024,111.0,2.087193458337926,FAIL
6.663986550833926,True,0.382813102816358,"(np.float64(189.0), np.float64(161.0), np.float64(122.0))",12800,"(np.float64(1.0878306878306878), np.float64(1.2173913043478262), np.float64(1.5319672131147541))",False,False,7969,0,14.570172640047874,195,training_set\images\image_00195.jpg,7024,111.0,3.367707995650229,FAIL
6.66970565530623,True,0.382813102816358,"(np.float64(190.0), np.float64(161.0), np.float64(122.0))",12800,"(np.float64(1.0821052631578947), np.float64(1.2173913043478262), np.float64(1.5319672131147541))",False,False,7969,0,16.274299207297,196,training_set\images\image_00196.jpg,7024,111.0,2.965236047647845,FAIL
9.032477729937339,True,0.382813102816358,"(np.float64(189.0), np.float64(160.0), np.float64(121.0))",12800,"(np.float64(1.0878306878306878), np.float64(1.225), np.float64(1.5446280991735537))",False,False,7969,0,16.370154970438648,197,training_set\images\image_00197.jpg,7024,111.0,2.285548030075596,FAIL
7.242763176075254,True,0.382813102816358,"(np.float64(189.0), np.float64(159.0), np.float64(119.0))",12800,"(np.float64(1.0878306878306878), np.float64(1.2327044025157232), np.float64(1.5705882352941176))",False,False,7969,0,8.31231148892314,198,training_set\images\image_00198.jpg,7024,111.0,2.688049743039896,FAIL
6.742576397252056,True,0.382813102816358,"(np.float64(188.0), np.float64(160.0), np.float64(121.0))",12800,"(np.float64(1.0936170212765957), np.float64(1.225), np.float64(1.5446280991735537))",False,False,7969,0,10.13792386088616,199,training_set\images\image_00199.jpg,7024,111.0,4.49783399529025,FAIL
6.954857570444949,True,0.382813102816358,"(np.float64(189.0), np.float64(159.0), np.float64(120.0))",12800,"(np.float64(1.0878306878306878), np.float64(1.2327044025157232), np.float64(1.5575))",False,False,7969,0,9.821643090006628,200,training_set\images\image_00200.jpg,7024,111.0,3.514171465085317,FAIL
7.049663831260775,True,0.382813102816358,"(np.float64(189.0), np.float64(159.0), np.float64(119.0))",12800,"(np.float64(1.0878306878306878), np.float64(1.2327044025157232), np.float64(1.5705882352941176))",False,False,7969,0,9.299002307450317,201,training_set\images\image_00201.jpg,7024,111.0,6.24201668680482,FAIL
13.528479757700248,True,0.382813102816358,"(np.float64(189.0), np.float64(160.0), np.float64(121.0))",12800,"(np.float64(1.0878306878306878), np.float64(1.225), np.float64(1.5446280991735537))",False,False,7969,1,25.59542610138366,202,training_set\images\image_00202.jpg,7024,111.0,3.3608075565593363,FAIL
6.8380898798493925,True,0.382813102816358,"(np.float64(188.0), np.float64(161.0), np.float64(123.0))",12800,"(np.float64(1.0936170212765957), np.float64(1.2173913043478262), np.float64(1.5195121951219512))",False,False,7969,0,9.790560261251093,203,training_set\images\image_00203.jpg,7024,111.0,3.90521445158499,FAIL
6.364914401163994,True,0.382813102816358,"(np.float64(189.0), np.float64(160.0), np.float64(121.0))",12800,"(np.float64(1.0878306878306878), np.float64(1.225), np.float64(1.5446280991735537))",False,False,7969,0,7.664443878286003,204,training_set\images\image_00204.jpg,7024,111.0,6.246930949521273,FAIL
6.837417730766054,True,0.382813102816358,"(np.float64(187.0), np.float64(162.0), np.float64(126.0))",12800,"(np.float64(1.0994652406417111), np.float64(1.2098765432098766), np.float64(1.4833333333333334))",False,False,7969,0,10.669920507512233,205,training_set\images\image_00205.jpg,7024,111.0,2.75076790842134,FAIL
7.6389259579705575,True,0.382813102816358,"(np.float64(188.0), np.float64(162.0), np.float64(124.0))",12800,"(np.float64(1.0936170212765957), np.float64(1.2098765432098766), np.float64(1.507258064516129))",False,False,7969,0,10.003703377506914,206,training_set\images\image_00206.jpg,7024,111.0,4.750257815342239,FAIL
7.6068501752624185,True,0.382813102816358,"(np.float64(188.0), np.float64(162.0), np.float64(124.0))",12800,"(np.float64(1.0936170212765957), np.float64(1.2098765432098766), np.float64(1.507258064516129))",False,False,7969,0,11.529616881464833,207,training_set\images\image_00207.jpg,7024,111.0,6.554164573202864,FAIL
8.943501327133038,True,0.382813102816358,"(np.float64(187.0), np.float64(162.0), np.float64(124.0))",12800,"(np.float64(1.0994652406417111), np.float64(1.2098765432098766), np.float64(1.507258064516129))",False,False,7969,0,19.83121227565508,208,training_set\images\image_00208.jpg,7024,111.0,7.594095982677249,FAIL
8.419615557599792,True,0.382813102816358,"(np.float64(187.0), np.float64(162.0), np.float64(122.0))",12800,"(np.float64(1.0994652406417111), np.float64(1.2098765432098766), np.float64(1.5319672131147541))",False,False,7969,0,15.86175600967422,209,training_set\images\image_00209.jpg,7024,111.0,4.2049049792850015,FAIL
7.996680357530421,True,0.382813102816358,"(np.float64(188.0), np.float64(163.0), np.float64(124.0))",12800,"(np.float64(1.0936170212765957), np.float64(1.2024539877300613), np.float64(1.507258064516129))",False,False,7969,0,18.753346608454994,210,training_set\images\image_00210.jpg,7024,111.0,4.945225177752393,FAIL
6.764625248644327,True,0.382813102816358,"(np.float64(189.0), np.float64(164.0), np.float64(126.0))",12800,"(np.float64(1.0878306878306878), np.float64(1.1951219512195121), np.float64(1.4833333333333334))",False,False,7969,0,12.011387424252463,211,training_set\images\image_00211.jpg,7024,111.0,5.0665713777055466,FAIL
7.026583575427728,True,0.382813102816358,"(np.float64(188.0), np.float64(163.0), np.float64(124.0))",12800,"(np.float64(1.0936170212765957), np.float64(1.2024539877300613), np.float64(1.507258064516129))",False,False,7969,0,9.243671963318471,212,training_set\images\image_00212.jpg,7024,111.0,6.305712564780893,FAIL
7.622982593286461,True,0.382813102816358,"(np.float64(188.0), np.float64(163.0), np.float64(124.0))",12800,"(np.float64(1.0936170212765957), np.float64(1.2024539877300613), np.float64(1.507258064516129))",False,False,7969,0,19.33066090111141,213,training_set\images\image_00213.jpg,7024,111.0,4.679190197909033,FAIL
17.23927556146519,True,0.382813102816358,"(np.float64(187.0), np.float64(162.0), np.float64(125.0))",12800,"(np.float64(1.0994652406417111), np.float64(1.2098765432098766), np.float64(1.4952))",False,False,7969,1,25.873301965863593,260,training_set\images\image_00260.jpg,7024,113.0,1.8120957166808027,PASS
6.301397955932253,True,0.382813102816358,"(np.float64(187.0), np.float64(162.0), np.float64(125.0))",12800,"(np.float64(1.0994652406417111), np.float64(1.2098765432098766), np.float64(1.4952))",False,False,7969,0,11.820046215400255,261,training_set\images\image_00261.jpg,7024,113.0,2.3689510903283373,PASS
6.752698692397412,True,0.382813102816358,"(np.float64(186.0), np.float64(161.0), np.float64(126.0))",12800,"(np.float64(1.1053763440860214), np.float64(1.2173913043478262), np.float64(1.4833333333333334))",False,False,7969,0,16.846172427404014,262,training_set\images\image_00262.jpg,7024,113.0,1.928515891432225,PASS
10.897073231797323,True,0.382813102816358,"(np.float64(186.0), np.float64(161.0), np.float64(125.0))",12800,"(np.float64(1.1053763440860214), np.float64(1.2173913043478262), np.float64(1.4952))",False,False,7969,0,17.25150741858536,263,training_set\images\image_00263.jpg,7024,113.0,3.615501087373426,PASS
9.64500873451296,True,0.382813102816358,"(np.float64(186.0), np.float64(161.0), np.float64(126.0))",12800,"(np.float64(1.1053763440860214), np.float64(1.2173913043478262), np.float64(1.4833333333333334))",False,False,7969,0,17.497306614114578,264,training_set\images\image_00264.jpg,7024,113.0,3.308092581099596,PASS
14.287347246482323,True,0.382813102816358,"(np.float64(186.0), np.float64(161.0), np.float64(125.0))",12800,"(np.float64(1.1053763440860214), np.float64(1.2173913043478262), np.float64(1.4952))",False,False,7969,0,21.307603118386993,265,training_set\images\image_00265.jpg,7024,113.0,2.456614504923234,PASS
19.54277646605011,True,0.382813102816358,"(np.float64(186.0), np.float64(161.0), np.float64(125.0))",12800,"(np.float64(1.1053763440860214), np.float64(1.2173913043478262), np.float64(1.4952))",False,False,7969,17,36.4453906724809,266,training_set\images\image_00266.jpg,7024,113.0,2.787038539870484,PASS
6.562306146221853,True,0.382813102816358,"(np.float64(186.0), np.float64(161.0), np.float64(124.0))",12800,"(np.float64(1.1053763440860214), np.float64(1.2173913043478262), np.float64(1.507258064516129))",False,False,7969,0,7.232027395715245,267,training_set\images\image_00267.jpg,7024,113.0,2.193151465893945,PASS
7.5506031314620845,True,0.382813102816358,"(np.float64(186.0), np.float64(161.0), np.float64(125.0))",12800,"(np.float64(1.1053763440860214), np.float64(1.2173913043478262), np.float64(1.4952))",False,False,7969,0,11.66042705325975,268,training_set\images\image_00268.jpg,7024,113.0,3.4805200221014254,PASS
6.55212749148047,True,0.382813102816358,"(np.float64(186.0), np.float64(161.0), np.float64(125.0))",12800,"(np.float64(1.1053763440860214), np.float64(1.2173913043478262), np.float64(1.4952))",False,False,7969,0,16.082437687815972,269,training_set\images\image_00269.jpg,7024,113.0,2.53548494460459,PASS
7.285926887652543,True,0.382813102816358,"(np.float64(189.0), np.float64(163.0), np.float64(126.0))",12800,"(np.float64(1.0878306878306878), np.float64(1.2024539877300613), np.float64(1.4833333333333334))",False,False,7969,0,12.06729560355022,270,training_set\images\image_00270.jpg,7024,113.0,2.460942406347088,PASS
6.727386810292977,True,0.382813102816358,"(np.float64(187.0), np.float64(161.0), np.float64(125.0))",12800,"(np.float64(1.0994652406417111), np.float64(1.2173913043478262), np.float64(1.4952))",False,False,7969,0,8.803767676597202,271,training_set\images\image_00271.jpg,7024,113.0,2.116974050876561,PASS
6.706702340415707,True,0.382813102816358,"(np.float64(186.0), np.float64(161.0), np.float64(125.0))",12800,"(np.float64(1.1053763440860214), np.float64(1.2173913043478262), np.float64(1.4952))",False,False,7969,1,25.408634792361568,272,training_set\images\image_00272.jpg,7024,113.0,1.7376875202896565,PASS
11.79534182360885,True,0.5642314091435185,"(np.float64(187.0), np.float64(163.0), np.float64(128.0))",5650,"(np.float64(1.0994652406417111), np.float64(1.2024539877300613), np.float64(1.46015625))",False,False,11710,0,13.996603602768937,273,training_set\images\image_00273.jpg,7038,113.0,2.64685030413572,PASS
14.118380771033454,True,0.5642314091435185,"(np.float64(187.0), np.float64(163.0), np.float64(128.0))",5650,"(np.float64(1.0994652406417111), np.float64(1.2024539877300613), np.float64(1.46015625))",False,False,11710,13,29.53217731089521,274,training_set\images\image_00274.jpg,7038,113.0,2.4689927491993484,PASS
11.806799622563757,True,0.5642314091435185,"(np.float64(187.0), np.float64(163.0), np.float64(129.0))",5650,"(np.float64(1.0994652406417111), np.float64(1.2024539877300613), np.float64(1.4488372093023256))",False,False,11710,0,14.29904190096287,275,training_set\images\image_00275.jpg,7038,113.0,2.181040147868009,PASS
12.18039624335371,True,0.5642314091435185,"(np.float64(187.0), np.float64(163.0), np.float64(127.0))",5650,"(np.float64(1.0994652406417111), np.float64(1.2024539877300613), np.float64(1.4716535433070868))",False,False,11710,0,19.491117816387906,276,training_set\images\image_00276.jpg,7038,113.0,2.667314258006738,PASS
11.925107921034247,True,0.5642314091435185,"(np.float64(186.0), np.float64(162.0), np.float64(126.0))",5650,"(np.float64(1.1053763440860214), np.float64(1.2098765432098766), np.float64(1.4833333333333334))",False,False,11710,0,14.193869471555741,277,training_set\images\image_00277.jpg,7038,113.0,3.8848214015236144,PASS
13.111268193763236,True,0.5642314091435185,"(np.float64(186.0), np.float64(160.0), np.float64(123.0))",5650,"(np.float64(1.1053763440860214), np.float64(1.225), np.float64(1.5195121951219512))",False,False,11710,0,24.246720981611396,280,training_set\images\image_00280.jpg,7038,113.0,2.897700965725577,PASS
14.757019894258885,True,0.5642314091435185,"(np.float64(188.0), np.float64(164.0), np.float64(131.0))",5650,"(np.float64(1.0936170212765957), np.float64(1.1951219512195121), np.float64(1.4267175572519084))",False,False,11710,3,26.500616857713744,281,training_set\images\image_00281.jpg,7038,113.0,2.808031221185068,PASS
12.870670486357417,True,0.5642314091435185,"(np.float64(187.0), np.float64(162.0), np.float64(127.0))",5650,"(np.float64(1.0994652406417111), np.float64(1.2098765432098766), np.float64(1.4716535433070868))",False,False,11710,16,29.462491587039242,282,training_set\images\image_00282.jpg,7038,113.0,2.15617613638154,PASS
13.999663315200113,True,0.5642314091435185,"(np.float64(187.0), np.float64(163.0), np.float64(128.0))",5650,"(np.float64(1.0994652406417111), np.float64(1.2024539877300613), np.float64(1.46015625))",False,False,11710,77,61.50943601161839,283,training_set\images\image_00283.jpg,7038,113.0,2.0030561980427115,PASS
13.513904213292285,True,0.5642314091435185,"(np.float64(186.0), np.float64(163.0), np.float64(129.0))",5650,"(np.float64(1.1053763440860214), np.float64(1.2024539877300613), np.float64(1.4488372093023256))",False,False,11710,24,35.62779586326332,284,training_set\images\image_00284.jpg,7038,113.0,1.9045419891256647,PASS
14.909627865757496,True,0.5642314091435185,"(np.float64(187.0), np.float64(163.0), np.float64(129.0))",5650,"(np.float64(1.0994652406417111), np.float64(1.2024539877300613), np.float64(1.4488372093023256))",False,False,11710,38,50.67225955450142,285,training_set\images\image_00285.jpg,7038,113.0,2.0515877185219487,PASS
13.542053353337227,True,0.5642314091435185,"(np.float64(186.0), np.float64(162.0), np.float64(129.0))",5650,"(np.float64(1.1053763440860214), np.float64(1.2098765432098766), np.float64(1.4488372093023256))",False,False,11710,26,34.97630754799433,286,training_set\images\image_00286.jpg,7038,113.0,2.408987403494228,PASS
15.884612550696664,True,0.5642314091435185,"(np.float64(187.0), np.float64(164.0), np.float64(130.0))",5650,"(np.float64(1.0994652406417111), np.float64(1.1951219512195121), np.float64(1.4376923076923078))",False,False,11710,43,55.8925827930685,287,training_set\images\image_00287.jpg,7038,113.0,2.459627755508903,PASS
12.84216096667497,True,0.5642314091435185,"(np.float64(187.0), np.float64(163.0), np.float64(130.0))",5650,"(np.float64(1.0994652406417111), np.float64(1.2024539877300613), np.float64(1.4376923076923078))",False,False,11710,29,45.54950726226047,288,training_set\images\image_00288.jpg,7038,113.0,3.200880519510564,PASS
15.103570237200719,True,0.5642314091435185,"(np.float64(187.0), np.float64(163.0), np.float64(130.0))",5650,"(np.float64(1.0994652406417111), np.float64(1.2024539877300613), np.float64(1.4376923076923078))",False,False,11710,33,41.75736216320839,289,training_set\images\image_00289.jpg,7038,113.0,2.401345844367852,PASS
14.294487354582678,True,0.5642314091435185,"(np.float64(190.0), np.float64(168.0), np.float64(139.0))",5650,"(np.float64(1.0821052631578947), np.float64(1.1666666666666667), np.float64(1.3446043165467627))",False,False,11710,48,51.763106293807766,290,training_set\images\image_00290.jpg,7038,113.0,2.302382295221584,PASS
13.683996586106584,True,0.5642314091435185,"(np.float64(187.0), np.float64(163.0), np.float64(130.0))",5650,"(np.float64(1.0994652406417111), np.float64(1.2024539877300613), np.float64(1.4376923076923078))",False,False,11710,64,58.67636052975971,291,training_set\images\image_00291.jpg,7038,113.0,2.709997233447793,PASS
12.878954669653156,True,0.5642314091435185,"(np.float64(186.0), np.float64(163.0), np.float64(129.0))",5650,"(np.float64(1.1053763440860214), np.float64(1.2024539877300613), np.float64(1.4488372093023256))",False,False,11710,13,30.626997507518503,292,training_set\images\image_00292.jpg,7038,113.0,3.173934937586228,PASS
13.109857807409082,True,0.5642314091435185,"(np.float64(188.0), np.float64(165.0), np.float64(131.0))",5650,"(np.float64(1.0936170212765957), np.float64(1.187878787878788), np.float64(1.4267175572519084))",False,False,11710,26,37.24759187693075,293,training_set\images\image_00293.jpg,7038,113.0,3.2027905118906874,PASS
13.254615539545501,True,0.5642314091435185,"(np.float64(186.0), np.float64(162.0), np.float64(128.0))",5650,"(np.float64(1.1053763440860214), np.float64(1.2098765432098766), np.float64(1.46015625))",False,False,11710,98,59.428050956031505,294,training_set\images\image_00294.jpg,7038,113.0,1.381567447306505,PASS
14.098352932658655,True,0.5642314091435185,"(np.float64(187.0), np.float64(163.0), np.float64(129.0))",5650,"(np.float64(1.0994652406417111), np.float64(1.2024539877300613), np.float64(1.4488372093023256))",False,False,11710,29,41.14379170055357,295,training_set\images\image_00295.jpg,7038,113.0,2.0326090081542523,PASS
14.04567896781022,True,0.5642314091435185,"(np.float64(186.0), np.float64(162.0), np.float64(128.0))",5650,"(np.float64(1.1053763440860214), np.float64(1.2098765432098766), np.float64(1.46015625))",False,False,11710,35,51.35356104469871,296,training_set\images\image_00296.jpg,7038,113.0,2.054181359874961,PASS
14.743631714144772,True,0.5642314091435185,"(np.float64(186.0), np.float64(163.0), np.float64(129.0))",5650,"(np.float64(1.1053763440860214), np.float64(1.2024539877300613), np.float64(1.4488372093023256))",False,False,11710,60,59.08999348514853,297,training_set\images\image_00297.jpg,7038,113.0,2.026631280609921,PASS
17.220413771378123,True,0.5642314091435185,"(np.float64(186.0), np.float64(162.0), np.float64(128.0))",5650,"(np.float64(1.1053763440860214), np.float64(1.2098765432098766), np.float64(1.46015625))",False,False,11710,33,57.03043139146599,298,training_set\images\image_00298.jpg,7038,113.0,2.263836029215593,PASS
12.856994022802203,True,0.5642314091435185,"(np.float64(189.0), np.float64(164.0), np.float64(128.0))",5650,"(np.float64(1.0878306878306878), np.float64(1.1951219512195121), np.float64(1.46015625))",False,False,11710,0,20.02576599677654,302,training_set\images\image_00302.jpg,7038,113.0,2.40004706865471,PASS
13.247039802578122,True,0.5642314091435185,"(np.float64(189.0), np.float64(164.0), np.float64(128.0))",5650,"(np.float64(1.0878306878306878), np.float64(1.1951219512195121), np.float64(1.46015625))",False,False,11710,0,23.436703677738997,303,training_set\images\image_00303.jpg,7038,113.0,3.7225631557147474,PASS
14.433661747108092,True,0.5642314091435185,"(np.float64(189.0), np.float64(164.0), np.float64(128.0))",5650,"(np.float64(1.0878306878306878), np.float64(1.1951219512195121), np.float64(1.46015625))",False,False,11710,2,25.172566486313027,304,training_set\images\image_00304.jpg,7038,113.0,2.3603628200550286,PASS
12.371480317416161,True,0.5642314091435185,"(np.float64(187.0), np.float64(162.0), np.float64(127.0))",5650,"(np.float64(1.0994652406417111), np.float64(1.2098765432098766), np.float64(1.4716535433070868))",False,False,11710,0,14.533514330676926,305,training_set\images\image_00305.jpg,7038,113.0,2.304036338600824,PASS
13.664263913216,True,0.5642314091435185,"(np.float64(188.0), np.float64(163.0), np.float64(127.0))",5650,"(np.float64(1.0936170212765957), np.float64(1.2024539877300613), np.float64(1.4716535433070868))",False,False,11710,11,27.19105309684675,306,training_set\images\image_00306.jpg,7038,113.0,2.975063132899486,PASS
11.710832406447635,True,0.5642314091435185,"(np.float64(187.0), np.float64(162.0), np.float64(126.0))",5650,"(np.float64(1.0994652406417111), np.float64(1.2098765432098766), np.float64(1.4833333333333334))",False,False,11710,0,14.404124882219369,307,training_set\images\image_00307.jpg,7038,113.0,2.7046142489948624,PASS
12.03876974178537,True,0.5642314091435185,"(np.float64(188.0), np.float64(163.0), np.float64(127.0))",5650,"(np.float64(1.0936170212765957), np.float64(1.2024539877300613), np.float64(1.4716535433070868))",False,False,11710,0,14.646171992418166,308,training_set\images\image_00308.jpg,7038,113.0,2.126228829959553,PASS
11.981914948130186,True,0.5642314091435185,"(np.float64(187.0), np.float64(163.0), np.float64(127.0))",5650,"(np.float64(1.0994652406417111), np.float64(1.2024539877300613), np.float64(1.4716535433070868))",False,False,11710,0,14.470221592907242,309,training_set\images\image_00309.jpg,7038,113.0,1.815063845138595,PASS
12.229586358645061,True,0.5642314091435185,"(np.float64(188.0), np.float64(163.0), np.float64(127.0))",5650,"(np.float64(1.0936170212765957), np.float64(1.2024539877300613), np.float64(1.4716535433070868))",False,False,11710,0,14.82614292307025,310,training_set\images\image_00310.jpg,7038,113.0,2.000909174811218,PASS
13.264022565494555,True,0.382813102816358,"(np.float64(187.0), np.float64(162.0), np.float64(126.0))",12800,"(np.float64(1.0994652406417111), np.float64(1.2098765432098766), np.float64(1.4833333333333334))",False,False,7969,0,13.89169702741701,332,training_set\images\image_00332.jpg,7024,111.0,5.117421546687427,FAIL
13.890429951416348,True,0.382813102816358,"(np.float64(186.0), np.float64(161.0), np.float64(123.0))",12800,"(np.float64(1.1053763440860214), np.float64(1.2173913043478262), np.float64(1.5195121951219512))",False,False,7969,1,25.38030158802643,333,training_set\images\image_00333.jpg,7024,111.0,7.748225663901454,FAIL
13.574012757874032,True,0.382813102816358,"(np.float64(187.0), np.float64(162.0), np.float64(126.0))",12800,"(np.float64(1.0994652406417111), np.float64(1.2098765432098766), np.float64(1.4833333333333334))",False,False,7969,11,41.71893006585015,334,training_set\images\image_00334.jpg,7024,111.0,6.245181176849876,FAIL
10.104241854376273,True,0.382813102816358,"(np.float64(186.0), np.float64(161.0), np.float64(125.0))",12800,"(np.float64(1.1053763440860214), np.float64(1.2173913043478262), np.float64(1.4952))",False,False,7969,0,14.043970172032237,335,training_set\images\image_00335.jpg,7024,111.0,6.000945544323163,FAIL
13.490623444962095,True,0.382813102816358,"(np.float64(187.0), np.float64(162.0), np.float64(126.0))",12800,"(np.float64(1.0994652406417111), np.float64(1.2098765432098766), np.float64(1.4833333333333334))",False,False,7969,6,31.134581026973024,336,training_set\images\image_00336.jpg,7024,111.0,5.75236630565148,FAIL
10.49108538449215,True,0.382813102816358,"(np.float64(186.0), np.float64(162.0), np.float64(125.0))",12800,"(np.float64(1.1053763440860214), np.float64(1.2098765432098766), np.float64(1.4952))",False,False,7969,0,16.61656987625139,337,training_set\images\image_00337.jpg,7024,111.0,5.4866501160522745,FAIL
10.12806654849711,True,0.382813102816358,"(np.float64(187.0), np.float64(159.0), np.float64(122.0))",12800,"(np.float64(1.0994652406417111), np.float64(1.2327044025157232), np.float64(1.5319672131147541))",False,False,7969,0,13.479027258597537,338,training_set\images\image_00338.jpg,7024,111.0,2.7203397073867888,FAIL
15.548551773054331,True,0.382813102816358,"(np.float64(187.0), np.float64(163.0), np.float64(128.0))",12800,"(np.float64(1.0994652406417111), np.float64(1.2024539877300613), np.float64(1.46015625))",False,False,7969,94,54.17745159755068,339,training_set\images\image_00339.jpg,7024,111.0,2.1741228111969284,FAIL
9.39200335662782,True,0.382813102816358,"(np.float64(188.0), np.float64(162.0), np.float64(124.0))",12800,"(np.float64(1.0936170212765957), np.float64(1.2098765432098766), np.float64(1.507258064516129))",False,False,7969,0,13.318423273851836,340,training_set\images\image_00340.jpg,7024,111.0,7.748796769059531,FAIL
15.938404456612087,True,0.382813102816358,"(np.float64(185.0), np.float64(161.0), np.float64(126.0))",12800,"(np.float64(1.1113513513513513), np.float64(1.2173913043478262), np.float64(1.4833333333333334))",False,False,7969,225,57.41951043738867,341,training_set\images\image_00341.jpg,7024,111.0,4.82625803065948,FAIL
8.90595671572905,True,0.382813102816358,"(np.float64(186.0), np.float64(159.0), np.float64(121.0))",12800,"(np.float64(1.1053763440860214), np.float64(1.2327044025157232), np.float64(1.5446280991735537))",False,False,7969,0,12.919320948648195,342,training_set\images\image_00342.jpg,7024,111.0,7.256018634667951,FAIL
11.121931407001014,True,0.382813102816358,"(np.float64(187.0), np.float64(160.0), np.float64(122.0))",12800,"(np.float64(1.0994652406417111), np.float64(1.225), np.float64(1.5319672131147541))",False,False,7969,1,25.282427348847225,343,training_set\images\image_00343.jpg,7024,111.0,7.397348660025226,FAIL
14.965199103588969,True,0.382813102816358,"(np.float64(186.0), np.float64(159.0), np.float64(121.0))",12800,"(np.float64(1.1053763440860214), np.float64(1.2327044025157232), np.float64(1.5446280991735537))",False,False,7969,7,41.604221367386366,344,training_set\images\image_00344.jpg,7024,111.0,7.077892152392903,FAIL
9.506689143669254,True,0.382813102816358,"(np.float64(186.0), np.float64(159.0), np.float64(120.0))",12800,"(np.float64(1.1053763440860214), np.float64(1.2327044025157232), np.float64(1.5575))",False,False,7969,2,28.830572693256165,345,training_set\images\image_00345.jpg,7024,111.0,9.49529698310806,FAIL
9.577526913813585,True,0.382813102816358,"(np.float64(186.0), np.float64(159.0), np.float64(121.0))",12800,"(np.float64(1.1053763440860214), np.float64(1.2327044025157232), np.float64(1.5446280991735537))",False,False,7969,0,18.915377281598563,346,training_set\images\image_00346.jpg,7024,111.0,8.147728695883979,FAIL
15.669865954694288,True,0.382813102816358,"(np.float64(185.0), np.float64(159.0), np.float64(122.0))",12800,"(np.float64(1.1113513513513513), np.float64(1.2327044025157232), np.float64(1.5319672131147541))",False,False,7969,11,46.48041496758654,347,training_set\images\image_00347.jpg,7024,111.0,8.744875355509556,FAIL
13.890831533334792,True,0.382813102816358,"(np.float64(186.0), np.float64(159.0), np.float64(121.0))",12800,"(np.float64(1.1053763440860214), np.float64(1.2327044025157232), np.float64(1.5446280991735537))",False,False,7969,6,36.94957237850486,348,training_set\images\image_00348.jpg,7024,111.0,8.235398455128744,FAIL
13.100562703997447,True,0.382813102816358,"(np.float64(188.0), np.float64(162.0), np.float64(124.0))",12800,"(np.float64(1.0936170212765957), np.float64(1.2098765432098766), np.float64(1.507258064516129))",False,False,7969,1,27.705907471092686,349,training_set\images\image_00349.jpg,7024,111.0,7.071467621278355,FAIL
12.78671732908193,True,0.382813102816358,"(np.float64(187.0), np.float64(159.0), np.float64(122.0))",12800,"(np.float64(1.0994652406417111), np.float64(1.2327044025157232), np.float64(1.5319672131147541))",False,False,7969,2,31.273699635961453,350,training_set\images\image_00350.jpg,7024,111.0,6.877482932290635,FAIL
12.296413358018627,True,0.382813102816358,"(np.float64(188.0), np.float64(159.0), np.float64(120.0))",12800,"(np.float64(1.0936170212765957), np.float64(1.2327044025157232), np.float64(1.5575))",False,False,7969,0,18.102643205519776,351,training_set\images\image_00351.jpg,7024,111.0,6.82487834438645,FAIL
11.432194799182746,True,0.382813102816358,"(np.float64(186.0), np.float64(158.0), np.float64(120.0))",12800,"(np.float64(1.1053763440860214), np.float64(1.240506329113924), np.float64(1.5575))",False,False,7969,0,13.846769794953163,352,training_set\images\image_00352.jpg,7024,111.0,5.18404768506669,FAIL
11.481439261242084,True,0.382813102816358,"(np.float64(186.0), np.float64(159.0), np.float64(122.0))",12800,"(np.float64(1.1053763440860214), np.float64(1.2327044025157232), np.float64(1.5319672131147541))",False,False,7969,0,19.07538326634762,353,training_set\images\image_00353.jpg,7024,111.0,6.463752697395603,FAIL
12.891770742148916,True,0.382813102816358,"(np.float64(187.0), np.float64(159.0), np.float64(121.0))",12800,"(np.float64(1.0994652406417111), np.float64(1.2327044025157232), np.float64(1.5446280991735537))",False,False,7969,2,29.053392232830774,354,training_set\images\image_00354.jpg,7024,111.0,6.75817416397081,FAIL
13.50303463008711,True,0.382813102816358,"(np.float64(186.0), np.float64(160.0), np.float64(122.0))",12800,"(np.float64(1.1053763440860214), np.float64(1.225), np.float64(1.5319672131147541))",False,False,7969,5,33.75695882745875,355,training_set\images\image_00355.jpg,7024,111.0,6.5364163404609394,FAIL
14.516052137018452,True,0.382813102816358,"(np.float64(186.0), np.float64(160.0), np.float64(122.0))",12800,"(np.float64(1.1053763440860214), np.float64(1.225), np.float64(1.5319672131147541))",False,False,7969,5,32.85415354901945,356,training_set\images\image_00356.jpg,7024,111.0,8.197745815433464,FAIL
17.522814628135755,True,0.382813102816358,"(np.float64(186.0), np.float64(159.0), np.float64(121.0))",12800,"(np.float64(1.1053763440860214), np.float64(1.2327044025157232), np.float64(1.5446280991735537))",False,False,7969,72,47.198565080926564,357,training_set\images\image_00357.jpg,7024,111.0,7.536596194739533,FAIL
13.277896322740908,True,0.382813102816358,"(np.float64(188.0), np.float64(161.0), np.float64(122.0))",12800,"(np.float64(1.0936170212765957), np.float64(1.2173913043478262), np.float64(1.5319672131147541))",False,False,7969,3,29.56519835234587,358,training_set\images\image_00358.jpg,7024,111.0,8.016687792375588,FAIL
10.271460964131327,True,0.382813102816358,"(np.float64(187.0), np.float64(159.0), np.float64(122.0))",12800,"(np.float64(1.0994652406417111), np.float64(1.2327044025157232), np.float64(1.5319672131147541))",False,False,7969,0,17.87328931211086,359,training_set\images\image_00359.jpg,7024,111.0,7.608835600422386,FAIL
9.583705004596656,True,0.382813102816358,"(np.float64(186.0), np.float64(161.0), np.float64(123.0))",12800,"(np.float64(1.1053763440860214), np.float64(1.2173913043478262), np.float64(1.5195121951219512))",False,False,7969,0,23.436289868936356,361,training_set\images\image_00361.jpg,7024,111.0,8.324975124379826,FAIL
9.643737345686874,True,0.382813102816358,"(np.float64(187.0), np.float64(162.0), np.float64(124.0))",12800,"(np.float64(1.0994652406417111), np.float64(1.2098765432098766), np.float64(1.507258064516129))",False,False,7969,0,17.10481576909876,362,training_set\images\image_00362.jpg,7024,111.0,6.994428680954795,FAIL
15.600703055546358,True,0.382813102816358,"(np.float64(188.0), np.float64(161.0), np.float64(122.0))",12800,"(np.float64(1.0936170212765957), np.float64(1.2173913043478262), np.float64(1.5319672131147541))",False,False,7969,11,42.53422647590771,367,training_set\images\image_00367.jpg,7024,111.0,6.579200882494501,FAIL
16.41097607562966,True,0.382813102816358,"(np.float64(186.0), np.float64(161.0), np.float64(123.0))",12800,"(np.float64(1.1053763440860214), np.float64(1.2173913043478262), np.float64(1.5195121951219512))",False,False,7969,11,44.77833325297887,368,training_set\images\image_00368.jpg,7024,111.0,6.780995619264848,FAIL
9.492441202016387,True,0.382813102816358,"(np.float64(189.0), np.float64(163.0), np.float64(124.0))",12800,"(np.float64(1.0878306878306878), np.float64(1.2024539877300613), np.float64(1.507258064516129))",False,False,7969,43,53.6122185777694,369,training_set\images\image_00369.jpg,7024,111.0,5.594222471928633,FAIL
14.71598335625429,True,0.382813102816358,"(np.float64(186.0), np.float64(159.0), np.float64(121.0))",12800,"(np.float64(1.1053763440860214), np.float64(1.2327044025157232), np.float64(1.5446280991735537))",False,False,7969,9,38.83389965692549,370,training_set\images\image_00370.jpg,7024,111.0,6.786922436229202,FAIL
9.242885626522863,True,0.382813102816358,"(np.float64(190.0), np.float64(163.0), np.float64(124.0))",12800,"(np.float64(1.0821052631578947), np.float64(1.2024539877300613), np.float64(1.507258064516129))",False,False,7969,40,53.13778917884158,371,training_set\images\image_00371.jpg,7024,111.0,6.151745627126159,FAIL
8.617169883359377,True,0.382813102816358,"(np.float64(191.0), np.float64(165.0), np.float64(126.0))",12800,"(np.float64(1.0764397905759162), np.float64(1.187878787878788), np.float64(1.4833333333333334))",False,False,7969,38,53.03049990100401,372,training_set\images\image_00372.jpg,7024,111.0,5.214746749794338,FAIL
8.797358842873154,True,0.382813102816358,"(np.float64(189.0), np.float64(163.0), np.float64(125.0))",12800,"(np.float64(1.0878306878306878), np.float64(1.2024539877300613), np.float64(1.4952))",False,False,7969,38,53.559385446265054,373,training_set\images\image_00373.jpg,7024,111.0,6.120876268266495,FAIL
8.246736445163076,True,0.382813102816358,"(np.float64(186.0), np.float64(160.0), np.float64(121.0))",12800,"(np.float64(1.1053763440860214), np.float64(1.225), np.float64(1.5446280991735537))",False,False,7969,0,20.928275786091437,374,training_set\images\image_00374.jpg,7024,111.0,4.661549123737519,FAIL
8.775616613820114,True,0.382813102816358,"(np.float64(186.0), np.float64(160.0), np.float64(122.0))",12800,"(np.float64(1.1053763440860214), np.float64(1.225), np.float64(1.5319672131147541))",False,False,7969,52,53.94775906259615,375,training_set\images\image_00375.jpg,7024,111.0,4.811630307328175,FAIL
15.429179734136289,True,0.382813102816358,"(np.float64(189.0), np.float64(163.0), np.float64(125.0))",12800,"(np.float64(1.0878306878306878), np.float64(1.2024539877300613), np.float64(1.4952))",False,False,7969,6,31.47931640607066,377,training_set\images\image_00377.jpg,7024,111.0,5.582434326172126,FAIL
12.960131348364618,True,0.382813102816358,"(np.float64(190.0), np.float64(163.0), np.float64(126.0))",12800,"(np.float64(1.0821052631578947), np.float64(1.2024539877300613), np.float64(1.4833333333333334))",False,False,7969,2,27.614514773214985,378,training_set\images\image_00378.jpg,7024,111.0,7.141395243090261,FAIL
13.841343739764715,True,0.382813102816358,"(np.float64(186.0), np.float64(161.0), np.float64(123.0))",12800,"(np.float64(1.1053763440860214), np.float64(1.2173913043478262), np.float64(1.5195121951219512))",False,False,7969,32,48.38823482603268,379,training_set\images\image_00379.jpg,7024,111.0,4.525774491850761,FAIL
11.524339103268574,True,0.382813102816358,"(np.float64(186.0), np.float64(161.0), np.float64(123.0))",12800,"(np.float64(1.1053763440860214), np.float64(1.2173913043478262), np.float64(1.5195121951219512))",False,False,7969,0,24.289261452870203,380,training_set\images\image_00380.jpg,7024,111.0,5.779677267183451,FAIL
10.432986627054216,True,0.382813102816358,"(np.float64(188.0), np.float64(161.0), np.float64(124.0))",12800,"(np.float64(1.0936170212765957), np.float64(1.2173913043478262), np.float64(1.507258064516129))",False,False,7969,0,14.007336408783226,381,training_set\images\image_00381.jpg,7024,111.0,6.458982998089641,FAIL
16.252313086569867,True,0.382813102816358,"(np.float64(187.0), np.float64(161.0), np.float64(124.0))",12800,"(np.float64(1.0994652406417111), np.float64(1.2173913043478262), np.float64(1.507258064516129))",False,False,7969,17,48.381212040635255,382,training_set\images\image_00382.jpg,7024,111.0,6.105340258784722,FAIL
15.524817085419915,True,0.382813102816358,"(np.float64(186.0), np.float64(161.0), np.float64(122.0))",12800,"(np.float64(1.1053763440860214), np.float64(1.2173913043478262), np.float64(1.5319672131147541))",False,False,7969,9,36.45576920423941,383,training_set\images\image_00383.jpg,7024,111.0,4.832774735941958,FAIL
10.637596282964726,True,0.382813102816358,"(np.float64(186.0), np.float64(160.0), np.float64(123.0))",12800,"(np.float64(1.1053763440860214), np.float64(1.225), np.float64(1.5195121951219512))",False,False,7969,6,32.82728705048052,384,training_set\images\image_00384.jpg,7024,111.0,7.272088701600893,FAIL
12.062315258215847,True,0.382813102816358,"(np.float64(187.0), np.float64(161.0), np.float64(122.0))",12800,"(np.float64(1.0994652406417111), np.float64(1.2173913043478262), np.float64(1.5319672131147541))",False,False,7969,26,41.91326869488791,385,training_set\images\image_00385.jpg,7024,111.0,7.102465413547232,FAIL
10.318528564215462,True,0.382813102816358,"(np.float64(186.0), np.float64(161.0), np.float64(123.0))",12800,"(np.float64(1.1053763440860214), np.float64(1.2173913043478262), np.float64(1.5195121951219512))",False,False,7969,55,53.80185912106795,386,training_set\images\image_00386.jpg,7024,111.0,5.610214181212816,FAIL
14.67215377164846,True,0.382813102816358,"(np.float64(189.0), np.float64(164.0), np.float64(127.0))",12800,"(np.float64(1.0878306878306878), np.float64(1.1951219512195121), np.float64(1.4716535433070868))",False,False,7969,102,61.825601299543955,387,training_set\images\image_00387.jpg,7024,,3.273868169675904,FAIL
14.882146740236145,True,0.4214867862654321,"(np.float64(190.0), np.float64(165.5), np.float64(128.0))",12800,"(np.float64(1.0821052631578947), np.float64(1.1842900302114803), np.float64(1.46015625))",False,False,8755,100,58.1869935659945,388,training_set\images\image_00388.jpg,6024,,3.9131309340009626,FAIL
19.82219490696147,True,0.4214867862654321,"(np.float64(190.5), np.float64(166.0), np.float64(129.5))",12800,"(np.float64(1.079265091863517), np.float64(1.180722891566265), np.float64(1.4432432432432434))",False,False,8755,358,61.49157704775958,389,training_set\images\image_00389.jpg,6024,,3.6869469526323697,FAIL
13.633665060902798,True,0.4214867862654321,"(np.float64(190.0), np.float64(165.0), np.float64(128.0))",12800,"(np.float64(1.0821052631578947), np.float64(1.187878787878788), np.float64(1.46015625))",False,False,8755,85,57.78455092836011,390,training_set\images\image_00390.jpg,6024,,3.784201644763841,FAIL
9.995114507566123,True,0.4214867862654321,"(np.float64(189.5), np.float64(166.0), np.float64(129.0))",12800,"(np.float64(1.0849604221635885), np.float64(1.180722891566265), np.float64(1.4488372093023256))",False,False,8755,8,32.11049814952586,391,training_set\images\image_00391.jpg,6024,,2.5433799555838847,FAIL
13.163621088243712,True,0.4214867862654321,"(np.float64(188.0), np.float64(163.5), np.float64(128.0))",12800,"(np.float64(1.0936170212765957), np.float64(1.198776758409786), np.float64(1.46015625))",False,False,8755,77,58.226540671203956,392,training_set\images\image_00392.jpg,6024,,2.456850967924562,FAIL
10.434650075531978,True,0.4214867862654321,"(np.float64(190.0), np.float64(163.5), np.float64(129.5))",12800,"(np.float64(1.0821052631578947), np.float64(1.198776758409786), np.float64(1.4432432432432434))",False,False,8755,0,13.94026116720522,393,training_set\images\image_00393.jpg,6024,,2.082601152442849,FAIL
10.052194472218709,True,0.4214867862654321,"(np.float64(188.0), np.float64(163.5), np.float64(129.0))",12800,"(np.float64(1.0936170212765957), np.float64(1.198776758409786), np.float64(1.4488372093023256))",False,False,8755,0,14.293892984681458,394,training_set\images\image_00394.jpg,6024,,2.493795650845126,FAIL
11.338701708332348,True,0.4214867862654321,"(np.float64(189.5), np.float64(165.0), np.float64(128.0))",12800,"(np.float64(1.0849604221635885), np.float64(1.187878787878788), np.float64(1.46015625))",False,False,8755,41,39.559483563987826,395,training_set\images\image_00395.jpg,6024,,3.822597830693587,FAIL
10.308285803120821,True,0.4214867862654321,"(np.float64(189.0), np.float64(164.5), np.float64(128.5))",12800,"(np.float64(1.0878306878306878), np.float64(1.1914893617021276), np.float64(1.4544747081712062))",False,False,8755,16,36.48483718374385,396,training_set\images\image_00396.jpg,6024,,4.674068789777731,FAIL
15.941994704818288,True,0.4214867862654321,"(np.float64(190.5), np.float64(165.5), np.float64(130.0))",12800,"(np.float64(1.079265091863517), np.float64(1.1842900302114803), np.float64(1.4376923076923078))",False,False,8755,39,57.15838259393047,397,training_set\images\image_00397.jpg,6024,,3.2361365821971866,FAIL
9.136281667270296,True,0.4214867862654321,"(np.float64(191.0), np.float64(166.0), np.float64(130.0))",12800,"(np.float64(1.0764397905759162), np.float64(1.180722891566265), np.float64(1.4376923076923078))",False,False,8755,0,18.173835511845333,398,training_set\images\image_00398.jpg,6024,,3.897846628748755,FAIL
14.878408427279835,True,0.4214867862654321,"(np.float64(188.0), np.float64(163.0), np.float64(126.0))",12800,"(np.float64(1.0936170212765957), np.float64(1.2024539877300613), np.float64(1.4833333333333334))",False,False,8755,28,52.15058466323254,399,training_set\images\image_00399.jpg,6024,,3.975694761147385,FAIL
9.354124947690512,True,0.4214867862654321,"(np.float64(190.0), np.float64(165.0), np.float64(127.0))",12800,"(np.float64(1.0821052631578947), np.float64(1.187878787878788), np.float64(1.4716535433070868))",False,False,8755,0,16.75633732449926,400,training_set\images\image_00400.jpg,6024,,5.980380167811748,FAIL
11.42051692642873,True,0.4214867862654321,"(np.float64(188.0), np.float64(164.0), np.float64(126.0))",12800,"(np.float64(1.0936170212765957), np.float64(1.1951219512195121), np.float64(1.4833333333333334))",False,False,8755,22,41.97946032319011,401,training_set\images\image_00401.jpg,6024,,3.337132220014964,FAIL
15.585750200493374,True,0.4214867862654321,"(np.float64(187.0), np.float64(162.0), np.float64(126.0))",12800,"(np.float64(1.0994652406417111), np.float64(1.2098765432098766), np.float64(1.4833333333333334))",False,False,8755,58,56.36323158278171,402,training_set\images\image_00402.jpg,6024,,3.530858968521788,FAIL
17.306156744312712,True,0.4214867862654321,"(np.float64(187.0), np.float64(163.0), np.float64(126.0))",12800,"(np.float64(1.0994652406417111), np.float64(1.2024539877300613), np.float64(1.4833333333333334))",False,False,8755,64,54.9427722053638,403,training_set\images\image_00403.jpg,6024,,3.525646709338225,FAIL
14.2047706513352,True,0.4214867862654321,"(np.float64(189.0), np.float64(164.0), np.float64(127.0))",12800,"(np.float64(1.0878306878306878), np.float64(1.1951219512195121), np.float64(1.4716535433070868))",False,False,8755,17,38.13488605798111,404,training_set\images\image_00404.jpg,6024,,4.238757379047548,FAIL
13.89169702741701,True,0.4214867862654321,"(np.float64(188.5), np.float64(163.0), np.float64(126.0))",12800,"(np.float64(1.0907161803713528), np.float64(1.2024539877300613), np.float64(1.4833333333333334))",False,False,8755,26,41.36237936708141,405,training_set\images\image_00405.jpg,6024,,3.7749550936587286,FAIL
13.891697027416729,True,0.4214867862654321,"(np.float64(188.0), np.float64(163.0), np.float64(126.0))",12800,"(np.float64(1.0936170212765957), np.float64(1.2024539877300613), np.float64(1.4833333333333334))",False,False,8755,20,40.500249014370105,406,training_set\images\image_00406.jpg,6024,,2.2761043647481496,FAIL
14.42903568712844,True,0.4214867862654321,"(np.float64(189.5), np.float64(164.0), np.float64(127.0))",12800,"(np.float64(1.0849604221635885), np.float64(1.1951219512195121), np.float64(1.4716535433070868))",False,False,8755,15,39.62614241934862,407,training_set\images\image_00407.jpg,6024,,2.927859860840309,FAIL
14.39540721594094,True,0.4214867862654321,"(np.float64(188.0), np.float64(163.5), np.float64(126.0))",12800,"(np.float64(1.0936170212765957), np.float64(1.198776758409786), np.float64(1.4833333333333334))",False,False,8755,35,45.45958402154648,408,training_set\images\image_00408.jpg,6024,,3.2543067021746226,FAIL
12.626468748498786,True,0.4214867862654321,"(np.float64(188.0), np.float64(163.0), np.float64(125.0))",12800,"(np.float64(1.0936170212765957), np.float64(1.2024539877300613), np.float64(1.4952))",False,False,8755,20,44.22230628017814,409,training_set\images\image_00409.jpg,6024,,2.987286907358941,FAIL
10.753763850765528,True,0.4214867862654321,"(np.float64(187.5), np.float64(163.5), np.float64(126.0))",12800,"(np.float64(1.0965333333333334), np.float64(1.198776758409786), np.float64(1.4833333333333334))",False,False,8755,0,13.611892441843441,410,training_set\images\image_00410.jpg,6024,,3.589153647001618,FAIL
16.853307193110492,True,0.4214867862654321,"(np.float64(188.0), np.float64(162.0), np.float64(125.0))",12800,"(np.float64(1.0936170212765957), np.float64(1.2098765432098766), np.float64(1.4952))",False,False,8755,205,53.85552513496306,411,training_set\images\image_00411.jpg,6024,,3.597335263470714,FAIL
15.284968100546896,True,0.4214867862654321,"(np.float64(187.5), np.float64(162.5), np.float64(125.5))",12800,"(np.float64(1.0965333333333334), np.float64(1.2061538461538461), np.float64(1.4892430278884463))",False,False,8755,29,47.600277574329695,412,training_set\images\image_00412.jpg,6024,,3.213913839762725,FAIL
10.393081970764745,True,0.4214867862654321,"(np.float64(188.0), np.float64(163.0), np.float64(126.0))",12800,"(np.float64(1.0936170212765957), np.float64(1.2024539877300613), np.float64(1.4833333333333334))",False,False,8755,0,14.885748778727976,413,training_set\images\image_00413.jpg,6024,,2.4230574355883774,FAIL
12.595341277589354,True,0.4214867862654321,"(np.float64(186.5), np.float64(162.0), np.float64(125.0))",12800,"(np.float64(1.1024128686327077), np.float64(1.2098765432098766), np.float64(1.4952))",False,False,8755,0,23.781509247280923,414,training_set\images\image_00414.jpg,6024,,4.077082214832323,FAIL
13.977573857729395,True,0.4214867862654321,"(np.float64(189.5), np.float64(163.0), np.float64(126.0))",12800,"(np.float64(1.0849604221635885), np.float64(1.2024539877300613), np.float64(1.4833333333333334))",False,False,8755,11,27.642381220715265,415,training_set\images\image_00415.jpg,6024,,3.239749537542479,FAIL
13.972117245792466,True,0.4214867862654321,"(np.float64(63.0), np.float64(54.0), np.float64(39.0))",12800,"(np.float64(3.2634920634920634), np.float64(3.6296296296296298), np.float64(4.792307692307692))",True,False,8755,13,32.18243878362609,417,training_set\images\image_00417.jpg,6024,,3.290343660619476,FAIL
13.891697027416937,True,0.4214867862654321,"(np.float64(187.0), np.float64(162.0), np.float64(125.0))",12800,"(np.float64(1.0994652406417111), np.float64(1.2098765432098766), np.float64(1.4952))",False,False,8755,27,42.25166136838594,418,training_set\images\image_00418.jpg,6024,,3.7167823471216073,FAIL
13.891697027416864,True,0.4214867862654321,"(np.float64(186.0), np.float64(161.0), np.float64(124.0))",12800,"(np.float64(1.1053763440860214), np.float64(1.2173913043478262), np.float64(1.507258064516129))",False,False,8755,31,44.070887008580215,419,training_set\images\image_00419.jpg,6024,,3.8661014118812425,FAIL
13.891697027416717,True,0.4214867862654321,"(np.float64(187.0), np.float64(162.0), np.float64(125.0))",12800,"(np.float64(1.0994652406417111), np.float64(1.2098765432098766), np.float64(1.4952))",False,False,8755,1,25.37490437771641,420,training_set\images\image_00420.jpg,6024,,3.977974805165711,FAIL
13.87691638244078,True,0.4214867862654321,"(np.float64(186.0), np.float64(161.0), np.float64(125.0))",12800,"(np.float64(1.1053763440860214), np.float64(1.2173913043478262), np.float64(1.4952))",False,False,8755,0,18.36508128523277,421,training_set\images\image_00421.jpg,6024,,2.229009115690478,FAIL
11.722027938532781,True,0.4214867862654321,"(np.float64(185.0), np.float64(162.0), np.float64(124.0))",12800,"(np.float64(1.1113513513513513), np.float64(1.2098765432098766), np.float64(1.507258064516129))",False,False,8755,0,14.774993233667523,422,training_set\images\image_00422.jpg,6024,,4.054992707577399,FAIL
13.891697027416695,True,0.4214867862654321,"(np.float64(186.0), np.float64(161.0), np.float64(124.0))",12800,"(np.float64(1.1053763440860214), np.float64(1.2173913043478262), np.float64(1.507258064516129))",False,False,8755,1,26.82131492887923,423,training_set\images\image_00423.jpg,6024,,3.569281685634568,FAIL
12.031305012476828,True,0.4214867862654321,"(np.float64(185.0), np.float64(161.0), np.float64(124.5))",12800,"(np.float64(1.1113513513513513), np.float64(1.2173913043478262), np.float64(1.5012048192771086))",False,False,8755,0,13.838890594626157,424,training_set\images\image_00424.jpg,6024,,4.111139757443479,FAIL
15.507955794168383,True,0.4214867862654321,"(np.float64(185.5), np.float64(161.0), np.float64(125.0))",12800,"(np.float64(1.108355795148248), np.float64(1.2173913043478262), np.float64(1.4952))",False,False,8755,68,51.45165033484284,425,training_set\images\image_00425.jpg,6024,,3.8752885348866783,FAIL
13.611941692073755,True,0.4214867862654321,"(np.float64(187.0), np.float64(162.0), np.float64(125.0))",12800,"(np.float64(1.0994652406417111), np.float64(1.2098765432098766), np.float64(1.4952))",False,False,8755,0,22.54933692318253,426,training_set\images\image_00426.jpg,6024,104.0,3.622882901251542,FAIL
13.882813935530276,True,0.4214867862654321,"(np.float64(186.0), np.float64(162.0), np.float64(126.0))",12800,"(np.float64(1.1053763440860214), np.float64(1.2098765432098766), np.float64(1.4833333333333334))",False,False,8755,0,24.877580999811784,427,training_set\images\image_00427.jpg,6024,104.0,3.517390236219761,FAIL
13.242204384054443,True,0.4214867862654321,"(np.float64(186.0), np.float64(162.0), np.float64(126.0))",12800,"(np.float64(1.1053763440860214), np.float64(1.2098765432098766), np.float64(1.4833333333333334))",False,False,8755,0,17.352431552696917,428,training_set\images\image_00428.jpg,6024,104.0,3.5590308001116187,FAIL
13.891697027416717,True,0.4214867862654321,"(np.float64(186.0), np.float64(162.0), np.float64(126.0))",12800,"(np.float64(1.1053763440860214), np.float64(1.2098765432098766), np.float64(1.4833333333333334))",False,False,8755,3,28.217309750357575,429,training_set\images\image_00429.jpg,6024,104.0,4.506238821542974,FAIL
12.332666297495736,True,0.4214867862654321,"(np.float64(186.0), np.float64(162.0), np.float64(126.0))",12800,"(np.float64(1.1053763440860214), np.float64(1.2098765432098766), np.float64(1.4833333333333334))",False,False,8755,0,15.018248490812612,430,training_set\images\image_00430.jpg,6024,104.0,3.356177970557059,FAIL
12.707115334046867,True,0.4214867862654321,"(np.float64(186.0), np.float64(162.0), np.float64(126.0))",12800,"(np.float64(1.1053763440860214), np.float64(1.2098765432098766), np.float64(1.4833333333333334))",False,False,8755,0,21.95261223469069,431,training_set\images\image_00431.jpg,6024,104.0,3.924839742893357,FAIL
13.218217203414099,True,0.4214867862654321,"(np.float64(186.0), np.float64(162.0), np.float64(126.0))",12800,"(np.float64(1.1053763440860214), np.float64(1.2098765432098766), np.float64(1.4833333333333334))",False,False,8755,0,24.122399085221904,432,training_set\images\image_00432.jpg,6024,104.0,3.4791367104478126,FAIL
13.452771185264123,True,0.4214867862654321,"(np.float64(186.0), np.float64(162.5), np.float64(126.0))",12800,"(np.float64(1.1053763440860214), np.float64(1.2061538461538461), np.float64(1.4833333333333334))",False,False,8755,4,26.79228217704814,433,training_set\images\image_00433.jpg,6024,104.0,3.833368334812727,FAIL
13.650021367419148,True,0.4214867862654321,"(np.float64(187.0), np.float64(163.0), np.float64(127.0))",12800,"(np.float64(1.0994652406417111), np.float64(1.2024539877300613), np.float64(1.4716535433070868))",False,False,8755,0,23.21794412603675,434,training_set\images\image_00434.jpg,6024,104.0,4.435587840317719,FAIL
13.469933204446331,True,0.4214867862654321,"(np.float64(187.0), np.float64(163.0), np.float64(127.0))",12800,"(np.float64(1.0994652406417111), np.float64(1.2024539877300613), np.float64(1.4716535433070868))",False,False,8755,0,15.009895176682102,435,training_set\images\image_00435.jpg,6024,104.0,3.274383974183607,FAIL
13.8916970274167,True,0.4214867862654321,"(np.float64(187.0), np.float64(162.5), np.float64(127.0))",12800,"(np.float64(1.0994652406417111), np.float64(1.2061538461538461), np.float64(1.4716535433070868))",False,False,8755,4,30.61636867547789,436,training_set\images\image_00436.jpg,6024,104.0,7.766115510113503,FAIL
13.254777341642138,True,0.4214867862654321,"(np.float64(187.0), np.float64(163.0), np.float64(127.0))",12800,"(np.float64(1.0994652406417111), np.float64(1.2024539877300613), np.float64(1.4716535433070868))",False,False,8755,0,13.89169702741701,437,training_set\images\image_00437.jpg,6024,104.0,4.375242534359335,FAIL
13.447159189422909,True,0.4214867862654321,"(np.float64(187.0), np.float64(163.0), np.float64(127.0))",12800,"(np.float64(1.0994652406417111), np.float64(1.2024539877300613), np.float64(1.4716535433070868))",False,False,8755,0,13.89169702741701,438,training_set\images\image_00438.jpg,6024,104.0,2.870823556581892,FAIL
12.957464840346224,True,0.4214867862654321,"(np.float64(187.0), np.float64(163.0), np.float64(126.5))",12800,"(np.float64(1.0994652406417111), np.float64(1.2024539877300613), np.float64(1.4774703557312254))",False,False,8755,0,13.89169702741701,439,training_set\images\image_00439.jpg,6024,104.0,3.434510902005774,FAIL
12.682933343446644,True,0.4214867862654321,"(np.float64(186.0), np.float64(163.0), np.float64(127.0))",12800,"(np.float64(1.1053763440860214), np.float64(1.2024539877300613), np.float64(1.4716535433070868))",False,False,8755,0,16.018473075264076,440,training_set\images\image_00440.jpg,6024,104.0,3.9413334752334617,FAIL
13.448252967614629,True,0.4214867862654321,"(np.float64(186.0), np.float64(162.0), np.float64(127.0))",12800,"(np.float64(1.1053763440860214), np.float64(1.2098765432098766), np.float64(1.4716535433070868))",False,False,8755,0,22.268296187487163,441,training_set\images\image_00441.jpg,6024,104.0,3.251464187808773,FAIL
13.554592366197875,True,0.4214867862654321,"(np.float64(187.0), np.float64(163.0), np.float64(126.0))",12800,"(np.float64(1.0994652406417111), np.float64(1.2024539877300613), np.float64(1.4833333333333334))",False,False,8755,0,22.251196690984575,442,training_set\images\image_00442.jpg,6024,104.0,3.681523854704477,FAIL
15.070367024276832,True,0.4214867862654321,"(np.float64(186.0), np.float64(162.0), np.float64(126.0))",12800,"(np.float64(1.1053763440860214), np.float64(1.2098765432098766), np.float64(1.4833333333333334))",False,False,8755,25,38.94126738816839,443,training_set\images\image_00443.jpg,6024,104.0,3.8273732683382793,FAIL
13.891697027416695,True,0.4214867862654321,"(np.float64(186.0), np.float64(162.0), np.float64(126.0))",12800,"(np.float64(1.1053763440860214), np.float64(1.2098765432098766), np.float64(1.4833333333333334))",False,False,8755,4,31.218393020901892,444,training_set\images\image_00444.jpg,6024,104.0,3.322087486451061,FAIL
13.183376389712858,True,0.4214867862654321,"(np.float64(186.0), np.float64(163.0), np.float64(127.0))",12800,"(np.float64(1.1053763440860214), np.float64(1.2024539877300613), np.float64(1.4716535433070868))",False,False,8755,0,22.125704762280353,445,training_set\images\image_00445.jpg,6024,104.0,3.627155782606389,FAIL
13.891697027416964,True,0.4214867862654321,"(np.float64(186.0), np.float64(162.0), np.float64(127.0))",12800,"(np.float64(1.1053763440860214), np.float64(1.2098765432098766), np.float64(1.4716535433070868))",False,False,8755,8,31.878685004400296,446,training_set\images\image_00446.jpg,6024,104.0,3.366157194551004,FAIL
14.160722509870379,True,0.4214867862654321,"(np.float64(189.0), np.float64(165.0), np.float64(130.0))",12800,"(np.float64(1.0878306878306878), np.float64(1.187878787878788), np.float64(1.4376923076923078))",False,False,8755,7,33.415505699104486,447,training_set\images\image_00447.jpg,6024,104.0,2.503362450278063,FAIL
7.562110084716695,True,0.4214867862654321,"(np.float64(188.0), np.float64(165.0), np.float64(130.0))",12800,"(np.float64(1.0936170212765957), np.float64(1.187878787878788), np.float64(1.4376923076923078))",False,False,8755,0,16.95805918760739,448,training_set\images\image_00448.jpg,6024,104.0,3.811813122600457,FAIL
8.825408009683235,True,0.4214867862654321,"(np.float64(189.0), np.float64(165.0), np.float64(130.0))",12800,"(np.float64(1.0878306878306878), np.float64(1.187878787878788), np.float64(1.4376923076923078))",False,False,8755,0,13.720812871818065,449,training_set\images\image_00449.jpg,6024,104.0,3.2817494780547465,FAIL
13.89169702741685,True,0.4214867862654321,"(np.float64(189.0), np.float64(165.0), np.float64(130.0))",12800,"(np.float64(1.0878306878306878), np.float64(1.187878787878788), np.float64(1.4376923076923078))",False,False,8755,18,35.89277210303728,450,training_set\images\image_00450.jpg,6024,104.0,3.514643208622484,FAIL
14.596903069731283,True,0.4214867862654321,"(np.float64(188.0), np.float64(165.0), np.float64(130.0))",12800,"(np.float64(1.0936170212765957), np.float64(1.187878787878788), np.float64(1.4376923076923078))",False,False,8755,13,36.22126817438665,451,training_set\images\image_00451.jpg,6024,104.0,3.815678310547332,FAIL
11.181855796491917,True,0.4214867862654321,"(np.float64(189.0), np.float64(165.0), np.float64(130.0))",12800,"(np.float64(1.0878306878306878), np.float64(1.187878787878788), np.float64(1.4376923076923078))",False,False,8755,0,16.47875434791655,452,training_set\images\image_00452.jpg,6024,104.0,3.5664115941639687,FAIL
13.45326609691009,True,0.4214867862654321,"(np.float64(188.0), np.float64(165.0), np.float64(130.0))",12800,"(np.float64(1.0936170212765957), np.float64(1.187878787878788), np.float64(1.4376923076923078))",False,False,8755,0,18.51944944737997,453,training_set\images\image_00453.jpg,6024,104.0,3.703040434925216,FAIL
13.891697027416754,True,0.4214867862654321,"(np.float64(188.0), np.float64(164.0), np.float64(129.0))",12800,"(np.float64(1.0936170212765957), np.float64(1.1951219512195121), np.float64(1.4488372093023256))",False,False,8755,3,28.39476979442185,454,training_set\images\image_00454.jpg,6024,104.0,3.9924456175048153,FAIL
13.063326796012896,True,0.4214867862654321,"(np.float64(187.0), np.float64(164.0), np.float64(129.0))",12800,"(np.float64(1.0994652406417111), np.float64(1.1951219512195121), np.float64(1.4488372093023256))",False,False,8755,0,17.493861470569946,455,training_set\images\image_00455.jpg,6024,104.0,3.318520960895337,FAIL
13.891697027416914,True,0.4214867862654321,"(np.float64(187.0), np.float64(164.0), np.float64(129.0))",12800,"(np.float64(1.0994652406417111), np.float64(1.1951219512195121), np.float64(1.4488372093023256))",False,False,8755,58,48.43076886704794,456,training_set\images\image_00456.jpg,6024,104.0,3.660308623473982,FAIL
13.066335901627843,True,0.4214867862654321,"(np.float64(188.0), np.float64(165.0), np.float64(130.0))",12800,"(np.float64(1.0936170212765957), np.float64(1.187878787878788), np.float64(1.4376923076923078))",False,False,8755,0,16.742661559960904,457,training_set\images\image_00457.jpg,6024,104.0,3.6036449990259327,FAIL
15.491011935446009,True,0.4214867862654321,"(np.float64(129.0), np.float64(113.0), np.float64(87.0))",12800,"(np.float64(1.5937984496124031), np.float64(1.7345132743362832), np.float64(2.1482758620689655))",True,False,8755,21,34.15468828787333,463,training_set\images\image_00463.jpg,6024,114.0,1.906942823946146,PASS
11.55372880437249,True,0.4214867862654321,"(np.float64(128.0), np.float64(111.0), np.float64(86.0))",12800,"(np.float64(1.60625), np.float64(1.7657657657657657), np.float64(2.1732558139534883))",True,False,8755,0,21.413179194265787,464,training_set\images\image_00464.jpg,6024,114.0,2.7751518544313547,PASS
12.917145318063323,True,0.4214867862654321,"(np.float64(129.0), np.float64(113.0), np.float64(87.0))",12800,"(np.float64(1.5937984496124031), np.float64(1.7345132743362832), np.float64(2.1482758620689655))",True,False,8755,19,39.3300173257057,465,training_set\images\image_00465.jpg,6024,114.0,1.3892259957552455,PASS
15.277347997493564,True,0.4214867862654321,"(np.float64(128.0), np.float64(112.0), np.float64(87.0))",12800,"(np.float64(1.60625), np.float64(1.75), np.float64(2.1482758620689655))",True,False,8755,41,41.67348421147386,466,training_set\images\image_00466.jpg,6024,114.0,2.5449426303750537,PASS
8.52786008334392,True,0.4214867862654321,"(np.float64(129.0), np.float64(112.0), np.float64(87.0))",12800,"(np.float64(1.5937984496124031), np.float64(1.75), np.float64(2.1482758620689655))",True,False,8755,0,12.408060705357496,468,training_set\images\image_00468.jpg,6024,114.0,2.4124739643956814,PASS
10.898462151952407,True,0.4214867862654321,"(np.float64(128.0), np.float64(111.0), np.float64(86.0))",12800,"(np.float64(1.60625), np.float64(1.7657657657657657), np.float64(2.1732558139534883))",True,False,8755,0,18.101974667597606,469,training_set\images\image_00469.jpg,6024,114.0,2.6599143336642603,PASS
7.512124764132608,True,0.4214867862654321,"(np.float64(129.0), np.float64(112.0), np.float64(87.0))",12800,"(np.float64(1.5937984496124031), np.float64(1.75), np.float64(2.1482758620689655))",True,False,8755,0,11.603559535263226,470,training_set\images\image_00470.jpg,6024,114.0,1.212918236857596,PASS
9.159182320971329,True,0.4214867862654321,"(np.float64(129.0), np.float64(112.0), np.float64(87.0))",12800,"(np.float64(1.5937984496124031), np.float64(1.75), np.float64(2.1482758620689655))",True,False,8755,0,16.483193614437322,471,training_set\images\image_00471.jpg,6024,114.0,1.2456301049271965,PASS
7.790833474123483,True,0.4214867862654321,"(np.float64(129.0), np.float64(112.0), np.float64(87.0))",12800,"(np.float64(1.5937984496124031), np.float64(1.75), np.float64(2.1482758620689655))",True,False,8755,0,11.27011332588335,472,training_set\images\image_00472.jpg,6024,114.0,1.4241779077414465,PASS
17.345785534276313,True,0.4214867862654321,"(np.float64(128.0), np.float64(112.0), np.float64(86.0))",12800,"(np.float64(1.60625), np.float64(1.75), np.float64(2.1732558139534883))",True,False,8755,44,49.4915316697602,473,training_set\images\image_00473.jpg,6024,114.0,2.075863709912293,PASS
14.673399590156631,True,0.4214867862654321,"(np.float64(129.0), np.float64(112.0), np.float64(87.0))",12800,"(np.float64(1.5937984496124031), np.float64(1.75), np.float64(2.1482758620689655))",True,False,8755,0,23.51311909911487,474,training_set\images\image_00474.jpg,6024,114.0,2.847479944912332,PASS
17.331159265467978,True,0.4214867862654321,"(np.float64(128.0), np.float64(112.0), np.float64(87.0))",12800,"(np.float64(1.60625), np.float64(1.75), np.float64(2.1482758620689655))",True,False,8755,31,39.23048517567701,475,training_set\images\image_00475.jpg,6024,114.0,1.5441269055627482,PASS
8.866604920487678,True,0.4214867862654321,"(np.float64(129.0), np.float64(112.0), np.float64(87.0))",12800,"(np.float64(1.5937984496124031), np.float64(1.75), np.float64(2.1482758620689655))",True,False,8755,0,14.340433438200593,476,training_set\images\image_00476.jpg,6024,114.0,2.2040182347605115,PASS
12.477493867478866,True,0.4214867862654321,"(np.float64(129.0), np.float64(113.0), np.float64(87.0))",12800,"(np.float64(1.5937984496124031), np.float64(1.7345132743362832), np.float64(2.1482758620689655))",True,False,8755,5,27.79929092044268,477,training_set\images\image_00477.jpg,6024,114.0,2.240226623341494,PASS
16.686199097033303,True,0.6222890142746914,"(np.float64(132.0), np.float64(115.0), np.float64(89.0))",12800,"(np.float64(1.5575757575757576), np.float64(1.7043478260869565), np.float64(2.1))",True,False,12878,38,52.3358940927767,478,training_set\images\image_00478.jpg,6038,114.0,1.7943263222243528,PASS
16.15281677937379,True,0.6222890142746914,"(np.float64(132.0), np.float64(116.0), np.float64(90.0))",12800,"(np.float64(1.5575757575757576), np.float64(1.6896551724137931), np.float64(2.0766666666666667))",True,False,12878,40,52.95160008451981,479,training_set\images\image_00479.jpg,6038,114.0,1.558635742498376,PASS
16.050102907388325,True,0.6222890142746914,"(np.float64(133.0), np.float64(116.0), np.float64(90.0))",12800,"(np.float64(1.5458646616541354), np.float64(1.6896551724137931), np.float64(2.0766666666666667))",True,False,12878,36,53.65097126719265,480,training_set\images\image_00480.jpg,6038,114.0,1.806716748521396,PASS
16.883344671550763,True,0.6222890142746914,"(np.float64(129.0), np.float64(113.0), np.float64(88.0))",12800,"(np.float64(1.5937984496124031), np.float64(1.7345132743362832), np.float64(2.1238636363636365))",True,False,12878,50,56.310067200615464,481,training_set\images\image_00481.jpg,6038,114.0,2.9566540347539587,PASS
12.549887040166096,True,0.6222890142746914,"(np.float64(129.0), np.float64(113.0), np.float64(88.0))",12800,"(np.float64(1.5937984496124031), np.float64(1.7345132743362832), np.float64(2.1238636363636365))",True,False,12878,101,60.23343154573143,482,training_set\images\image_00482.jpg,6038,114.0,2.521812880691865,PASS
16.534301816646277,True,0.6222890142746914,"(np.float64(129.0), np.float64(112.0), np.float64(88.0))",12800,"(np.float64(1.5937984496124031), np.float64(1.75), np.float64(2.1238636363636365))",True,False,12878,42,55.028051626528395,483,training_set\images\image_00483.jpg,6038,114.0,1.8515370306911056,PASS
17.74301693034108,True,0.6222890142746914,"(np.float64(129.0), np.float64(113.0), np.float64(88.0))",12800,"(np.float64(1.5937984496124031), np.float64(1.7345132743362832), np.float64(2.1238636363636365))",True,False,12878,103,62.24648204012271,484,training_set\images\image_00484.jpg,6038,114.0,1.7068256328743443,PASS
14.340942680189837,True,0.6222890142746914,"(np.float64(129.0), np.float64(113.0), np.float64(88.0))",12800,"(np.float64(1.5937984496124031), np.float64(1.7345132743362832), np.float64(2.1238636363636365))",True,False,12878,10,37.442205789349714,485,training_set\images\image_00485.jpg,6038,114.0,2.49544728573152,PASS
19.21119769594195,True,0.6222890142746914,"(np.float64(129.0), np.float64(113.0), np.float64(89.0))",12800,"(np.float64(1.5937984496124031), np.float64(1.7345132743362832), np.float64(2.1))",True,False,12878,76,56.855899789892256,486,training_set\images\image_00486.jpg,6038,114.0,1.821171869375496,PASS
17.208880741270416,True,0.6222890142746914,"(np.float64(132.0), np.float64(116.0), np.float64(90.0))",12800,"(np.float64(1.5575757575757576), np.float64(1.6896551724137931), np.float64(2.0766666666666667))",True,False,12878,43,55.6263224942067,487,training_set\images\image_00487.jpg,6038,114.0,2.5558685529827065,PASS
15.935689351280027,True,0.6222890142746914,"(np.float64(133.0), np.float64(116.0), np.float64(90.0))",12800,"(np.float64(1.5458646616541354), np.float64(1.6896551724137931), np.float64(2.0766666666666667))",True,False,12878,36,51.71290886506078,488,training_set\images\image_00488.jpg,6038,114.0,1.6244244680423368,PASS
17.28653040470457,True,0.6222890142746914,"(np.float64(130.0), np.float64(113.0), np.float64(86.0))",12800,"(np.float64(1.5815384615384616), np.float64(1.7345132743362832), np.float64(2.1732558139534883))",True,False,12878,43,52.838513754571416,489,training_set\images\image_00489.jpg,6038,114.0,2.216042901314986,PASS
19.08339218454709,True,0.6222890142746914,"(np.float64(132.0), np.float64(115.0), np.float64(88.0))",12800,"(np.float64(1.5575757575757576), np.float64(1.7043478260869565), np.float64(2.1238636363636365))",True,False,12878,43,50.53946041462841,491,training_set\images\image_00491.jpg,6038,114.0,5.111722841998753,PASS
17.082033876033435,True,0.6222890142746914,"(np.float64(132.0), np.float64(114.0), np.float64(88.0))",12800,"(np.float64(1.5575757575757576), np.float64(1.719298245614035), np.float64(2.1238636363636365))",True,False,12878,21,47.61627695702815,492,training_set\images\image_00492.jpg,6038,114.0,1.4400419432511733,PASS
16.430482684809476,True,0.6222890142746914,"(np.float64(131.0), np.float64(113.0), np.float64(87.0))",12800,"(np.float64(1.5694656488549619), np.float64(1.7345132743362832), np.float64(2.1482758620689655))",True,False,12878,27,45.891347506879555,493,training_set\images\image_00493.jpg,6038,114.0,2.273971589055677,PASS
17.91589931537098,True,0.6222890142746914,"(np.float64(131.0), np.float64(114.0), np.float64(87.0))",12800,"(np.float64(1.5694656488549619), np.float64(1.719298245614035), np.float64(2.1482758620689655))",True,False,12878,39,51.06845285152487,494,training_set\images\image_00494.jpg,6038,114.0,1.5246369348168165,PASS
16.66823610158192,True,0.6222890142746914,"(np.float64(132.0), np.float64(114.0), np.float64(87.0))",12800,"(np.float64(1.5575757575757576), np.float64(1.719298245614035), np.float64(2.1482758620689655))",True,False,12878,33,46.94863844715295,495,training_set\images\image_00495.jpg,6038,114.0,2.607172702337376,PASS
17.140427947111306,True,0.6222890142746914,"(np.float64(132.0), np.float64(114.0), np.float64(88.0))",12800,"(np.float64(1.5575757575757576), np.float64(1.719298245614035), np.float64(2.1238636363636365))",True,False,12878,32,45.51872365441875,496,training_set\images\image_00496.jpg,6038,114.0,1.5211045180030154,PASS
15.189944896273827,True,0.6222890142746914,"(np.float64(130.0), np.float64(113.0), np.float64(87.0))",12800,"(np.float64(1.5815384615384616), np.float64(1.7345132743362832), np.float64(2.1482758620689655))",True,False,12878,18,39.68303927659252,497,training_set\images\image_00497.jpg,6038,114.0,1.511328791886232,PASS
14.7599200243368,True,0.6222890142746914,"(np.float64(131.0), np.float64(114.0), np.float64(88.0))",12800,"(np.float64(1.5694656488549619), np.float64(1.719298245614035), np.float64(2.1238636363636365))",True,False,12878,14,34.2847271531579,498,training_set\images\image_00498.jpg,6038,114.0,1.2485871414393812,PASS
19.24542434713947,True,0.6222890142746914,"(np.float64(130.0), np.float64(113.0), np.float64(87.0))",12800,"(np.float64(1.5815384615384616), np.float64(1.7345132743362832), np.float64(2.1482758620689655))",True,False,12878,67,57.840899309032174,499,training_set\images\image_00499.jpg,6038,114.0,2.042627022096004,PASS
18.188333786788544,True,0.6222890142746914,"(np.float64(129.0), np.float64(112.0), np.float64(85.0))",12800,"(np.float64(1.5937984496124031), np.float64(1.75), np.float64(2.1988235294117646))",True,False,12878,40,50.230515010096575,500,training_set\images\image_00500.jpg,6038,114.0,1.7802794730453184,PASS
17.439064715471947,True,0.6222890142746914,"(np.float64(129.0), np.float64(112.0), np.float64(86.0))",12800,"(np.float64(1.5937984496124031), np.float64(1.75), np.float64(2.1732558139534883))",True,False,12878,16,40.80883450542463,501,training_set\images\image_00501.jpg,6038,114.0,1.715841208258888,PASS
17.75793487256551,True,0.6222890142746914,"(np.float64(129.0), np.float64(112.0), np.float64(86.0))",12800,"(np.float64(1.5937984496124031), np.float64(1.75), np.float64(2.1732558139534883))",True,False,12878,37,55.154533824872516,502,training_set\images\image_00502.jpg,6038,114.0,1.1362377101741854,PASS
16.40339945231316,True,0.6222890142746914,"(np.float64(129.0), np.float64(112.0), np.float64(86.0))",12800,"(np.float64(1.5937984496124031), np.float64(1.75), np.float64(2.1732558139534883))",True,False,12878,24,49.26598923271425,503,training_set\images\image_00503.jpg,6038,114.0,1.6835786438352192,PASS
18.154502780363583,True,0.6222890142746914,"(np.float64(129.0), np.float64(112.0), np.float64(85.0))",12800,"(np.float64(1.5937984496124031), np.float64(1.75), np.float64(2.1988235294117646))",True,False,12878,44,57.10905652668037,504,training_set\images\image_00504.jpg,6038,114.0,2.219872570934547,PASS
16.846082272714884,True,0.6222890142746914,"(np.float64(131.0), np.float64(113.0), np.float64(87.0))",12800,"(np.float64(1.5694656488549619), np.float64(1.7345132743362832), np.float64(2.1482758620689655))",True,False,12878,26,46.76856393627857,505,training_set\images\image_00505.jpg,6038,114.0,1.9022167462718749,PASS
19.536448062427908,True,0.6222890142746914,"(np.float64(130.0), np.float64(113.0), np.float64(86.0))",12800,"(np.float64(1.5815384615384616), np.float64(1.7345132743362832), np.float64(2.1732558139534883))",True,False,12878,57,58.497568141813616,506,training_set\images\image_00506.jpg,6038,114.0,1.4201219789542034,PASS
16.8616923205771,True,0.6222890142746914,"(np.float64(130.0), np.float64(112.0), np.float64(86.0))",12800,"(np.float64(1.5815384615384616), np.float64(1.75), np.float64(2.1732558139534883))",True,False,12878,20,53.41597700004997,507,training_set\images\image_00507.jpg,6038,114.0,1.6782812022144806,PASS
18.191670392540193,True,0.6222890142746914,"(np.float64(129.0), np.float64(112.0), np.float64(86.0))",12800,"(np.float64(1.5937984496124031), np.float64(1.75), np.float64(2.1732558139534883))",True,False,12878,40,57.388970312208464,508,training_set\images\image_00508.jpg,6038,114.0,2.019282803903156,PASS
18.967383491267213,True,0.6222890142746914,"(np.float64(130.0), np.float64(113.0), np.float64(86.0))",12800,"(np.float64(1.5815384615384616), np.float64(1.7345132743362832), np.float64(2.1732558139534883))",True,False,12878,47,58.46145096465132,509,training_set\images\image_00509.jpg,6038,114.0,1.4296214798891784,PASS
16.86894717236929,True,0.6222890142746914,"(np.float64(129.0), np.float64(112.0), np.float64(86.0))",12800,"(np.float64(1.5937984496124031), np.float64(1.75), np.float64(2.1732558139534883))",True,False,12878,20,49.33949776773538,510,training_set\images\image_00510.jpg,6038,114.0,2.004616433335752,PASS
16.371296608883682,True,0.6222890142746914,"(np.float64(129.0), np.float64(111.0), np.float64(86.0))",12800,"(np.float64(1.5937984496124031), np.float64(1.7657657657657657), np.float64(2.1732558139534883))",True,False,12878,14,42.83073682449892,511,training_set\images\image_00511.jpg,6038,114.0,2.0714063479838045,PASS
12.505410603039087,True,0.4214867862654321,"(np.float64(59.0), np.float64(50.0), np.float64(35.0))",12800,"(np.float64(3.484745762711864), np.float64(3.92), np.float64(5.34))",True,False,8755,0,20.27315992247843,522,training_set\images\image_00522.jpg,6024,115.0,2.143374574900706,PASS
14.780368904008007,True,0.4214867862654321,"(np.float64(61.0), np.float64(52.0), np.float64(38.0))",12800,"(np.float64(3.3704918032786884), np.float64(3.769230769230769), np.float64(4.9184210526315795))",True,False,8755,3,28.512172832954153,523,training_set\images\image_00523.jpg,6024,115.0,3.4351783703823573,PASS
14.536536147833113,True,0.4214867862654321,"(np.float64(60.0), np.float64(51.0), np.float64(37.0))",12800,"(np.float64(3.4266666666666667), np.float64(3.843137254901961), np.float64(5.051351351351352))",True,False,8755,21,36.52204797591397,524,training_set\images\image_00524.jpg,6024,115.0,3.260567761295088,PASS
11.51787198950639,True,0.4214867862654321,"(np.float64(60.0), np.float64(52.0), np.float64(38.0))",12800,"(np.float64(3.4266666666666667), np.float64(3.769230769230769), np.float64(4.9184210526315795))",True,False,8755,0,20.32433297573853,525,training_set\images\image_00525.jpg,6024,115.0,2.035165741968588,PASS
14.081765364727945,True,0.4214867862654321,"(np.float64(61.0), np.float64(52.0), np.float64(39.0))",12800,"(np.float64(3.3704918032786884), np.float64(3.769230769230769), np.float64(4.792307692307692))",True,False,8755,23,46.12704902585582,526,training_set\images\image_00526.jpg,6024,115.0,2.487559140801542,PASS
14.965844969291464,True,0.4214867862654321,"(np.float64(60.0), np.float64(53.0), np.float64(39.0))",12800,"(np.float64(3.4266666666666667), np.float64(3.69811320754717), np.float64(4.792307692307692))",True,False,8755,65,54.41675422334721,527,training_set\images\image_00527.jpg,6024,115.0,1.912146174256188,PASS
12.177553761659084,True,0.4214867862654321,"(np.float64(61.0), np.float64(53.0), np.float64(39.0))",12800,"(np.float64(3.3704918032786884), np.float64(3.69811320754717), np.float64(4.792307692307692))",True,False,8755,27,48.99876557858706,528,training_set\images\image_00528.jpg,6024,115.0,1.967979502380504,PASS
14.331237072868086,True,0.4214867862654321,"(np.float64(60.0), np.float64(51.0), np.float64(38.0))",12800,"(np.float64(3.4266666666666667), np.float64(3.843137254901961), np.float64(4.9184210526315795))",True,False,8755,15,39.472393171894716,529,training_set\images\image_00529.jpg,6024,115.0,2.469685320742377,PASS
13.111896108704366,True,0.4214867862654321,"(np.float64(61.0), np.float64(51.0), np.float64(38.0))",12800,"(np.float64(3.3704918032786884), np.float64(3.843137254901961), np.float64(4.9184210526315795))",True,False,8755,0,15.986529041389106,530,training_set\images\image_00530.jpg,6024,115.0,2.3868531294601385,PASS
13.592298580540945,True,0.4214867862654321,"(np.float64(60.0), np.float64(51.0), np.float64(36.0))",12800,"(np.float64(3.4266666666666667), np.float64(3.843137254901961), np.float64(5.191666666666666))",True,False,8755,17,37.23430904515267,531,training_set\images\image_00531.jpg,6024,115.0,3.273580769313747,PASS
16.00448642552901,True,0.4214867862654321,"(np.float64(61.0), np.float64(51.0), np.float64(37.0))",12800,"(np.float64(3.3704918032786884), np.float64(3.843137254901961), np.float64(5.051351351351352))",True,False,8755,55,45.852112652867135,532,training_set\images\image_00532.jpg,6024,115.0,2.169313759554216,PASS
15.488020687059716,True,0.4214867862654321,"(np.float64(61.0), np.float64(52.0), np.float64(37.0))",12800,"(np.float64(3.3704918032786884), np.float64(3.769230769230769), np.float64(5.051351351351352))",True,False,8755,45,46.384967800387315,533,training_set\images\image_00533.jpg,6024,115.0,1.974130028303076,PASS
13.09877672183018,True,0.4214867862654321,"(np.float64(60.0), np.float64(51.0), np.float64(37.0))",12800,"(np.float64(3.4266666666666667), np.float64(3.843137254901961), np.float64(5.051351351351352))",True,False,8755,0,19.196153272656105,534,training_set\images\image_00534.jpg,6024,115.0,1.5581449170807538,PASS
16.490954820280518,True,0.4214867862654321,"(np.float64(60.0), np.float64(51.0), np.float64(37.0))",12800,"(np.float64(3.4266666666666667), np.float64(3.843137254901961), np.float64(5.051351351351352))",True,False,8755,79,47.97842178444094,535,training_set\images\image_00535.jpg,6024,115.0,1.97570652479658,PASS
12.719956053776388,True,0.4214867862654321,"(np.float64(60.0), np.float64(51.5), np.float64(37.0))",12800,"(np.float64(3.4266666666666667), np.float64(3.8058252427184467), np.float64(5.051351351351352))",True,False,8755,5,31.226029379849503,536,training_set\images\image_00536.jpg,6024,115.0,1.5138593677362198,PASS
11.664338675980176,True,0.4214867862654321,"(np.float64(61.0), np.float64(52.0), np.float64(38.0))",12800,"(np.float64(3.3704918032786884), np.float64(3.769230769230769), np.float64(4.9184210526315795))",True,False,8755,0,20.096642951175443,537,training_set\images\image_00537.jpg,6024,115.0,1.6844477727383758,PASS
15.505581616505706,True,0.4214867862654321,"(np.float64(60.0), np.float64(52.0), np.float64(38.0))",12800,"(np.float64(3.4266666666666667), np.float64(3.769230769230769), np.float64(4.9184210526315795))",True,False,8755,64,53.367554976526414,538,training_set\images\image_00538.jpg,6024,115.0,2.401698782800288,PASS
15.439559026952944,True,0.4214867862654321,"(np.float64(62.0), np.float64(54.0), np.float64(41.0))",12800,"(np.float64(3.3161290322580643), np.float64(3.6296296296296298), np.float64(4.558536585365854))",True,False,8755,41,53.34562290735575,539,training_set\images\image_00539.jpg,6024,115.0,1.6813477766003797,PASS
10.019100610851122,True,0.4214867862654321,"(np.float64(62.0), np.float64(54.0), np.float64(40.0))",12800,"(np.float64(3.3161290322580643), np.float64(3.6296296296296298), np.float64(4.6725))",True,False,8755,0,12.341863593840282,540,training_set\images\image_00540.jpg,6024,115.0,2.337568042439264,PASS
9.575769462348113,True,0.4214867862654321,"(np.float64(61.0), np.float64(54.0), np.float64(40.0))",12800,"(np.float64(3.3704918032786884), np.float64(3.6296296296296298), np.float64(4.6725))",True,False,8755,0,15.250828173936636,541,training_set\images\image_00541.jpg,6024,115.0,2.192416760018852,PASS
10.296350986137327,True,0.4214867862654321,"(np.float64(62.0), np.float64(54.0), np.float64(40.0))",12800,"(np.float64(3.3161290322580643), np.float64(3.6296296296296298), np.float64(4.6725))",True,False,8755,10,41.44250634238101,542,training_set\images\image_00542.jpg,6024,115.0,1.817198208241182,PASS
16.484212611855366,True,0.4214867862654321,"(np.float64(62.0), np.float64(53.0), np.float64(40.0))",12800,"(np.float64(3.3161290322580643), np.float64(3.69811320754717), np.float64(4.6725))",True,False,8755,44,51.598493710279016,543,training_set\images\image_00543.jpg,6024,115.0,1.2933621189314248,PASS
16.476963676675716,True,0.4214867862654321,"(np.float64(61.0), np.float64(53.0), np.float64(40.0))",12800,"(np.float64(3.3704918032786884), np.float64(3.69811320754717), np.float64(4.6725))",True,False,8755,46,48.72791458422511,544,training_set\images\image_00544.jpg,6024,115.0,2.2205133596850697,PASS
13.107060028416289,True,0.4214867862654321,"(np.float64(62.0), np.float64(53.0), np.float64(40.0))",12800,"(np.float64(3.3161290322580643), np.float64(3.69811320754717), np.float64(4.6725))",True,False,8755,17,39.47049726330037,545,training_set\images\image_00545.jpg,6024,115.0,1.3945596703950955,PASS
10.160689454129848,True,0.4214867862654321,"(np.float64(134.0), np.float64(135.0), np.float64(139.0))",12800,"(np.float64(1.534328358208955), np.float64(1.451851851851852), np.float64(1.3446043165467627))",False,False,8755,26,58.68671472585293,556,training_set\images\image_00556.jpg,6024,115.0,1.4939483469954826,PASS
11.787733767892119,True,0.4214867862654321,"(np.float64(134.0), np.float64(134.0), np.float64(136.0))",12800,"(np.float64(1.534328358208955), np.float64(1.462686567164179), np.float64(1.374264705882353))",False,False,8755,32,51.42291956964471,557,training_set\images\image_00557.jpg,6024,115.0,2.6577276357654074,PASS
15.303614532523754,True,0.4214867862654321,"(np.float64(136.0), np.float64(138.0), np.float64(141.0))",12800,"(np.float64(1.511764705882353), np.float64(1.4202898550724639), np.float64(1.325531914893617))",False,False,8755,66,58.55411747432875,559,training_set\images\image_00559.jpg,6024,115.0,1.86676869322364,PASS
12.577508707056266,True,0.6222890142746914,"(np.float64(136.0), np.float64(138.0), np.float64(141.0))",12800,"(np.float64(1.511764705882353), np.float64(1.4202898550724639), np.float64(1.325531914893617))",False,False,12878,0,17.890254827092257,561,training_set\images\image_00561.jpg,6038,115.0,2.55763385581295,FAIL
14.418494825941416,True,0.6222890142746914,"(np.float64(136.0), np.float64(137.0), np.float64(141.0))",12800,"(np.float64(1.511764705882353), np.float64(1.4306569343065694), np.float64(1.325531914893617))",False,False,12878,3,29.51171781039871,562,training_set\images\image_00562.jpg,6038,115.0,3.4233665514112044,FAIL
16.439133684861325,True,0.6222890142746914,"(np.float64(139.0), np.float64(140.0), np.float64(144.0))",12800,"(np.float64(1.4791366906474819), np.float64(1.4), np.float64(1.2979166666666666))",False,False,12878,27,47.117886010039804,564,training_set\images\image_00564.jpg,6038,115.0,2.8654728624079246,FAIL
14.560320439011486,True,0.6222890142746914,"(np.float64(137.0), np.float64(140.0), np.float64(146.0))",12800,"(np.float64(1.5007299270072991), np.float64(1.4), np.float64(1.2801369863013699))",False,False,12878,1,25.005201269152128,565,training_set\images\image_00565.jpg,6038,115.0,1.7577084610218312,FAIL
14.096664016691843,True,0.6222890142746914,"(np.float64(138.0), np.float64(139.0), np.float64(142.0))",12800,"(np.float64(1.489855072463768), np.float64(1.410071942446043), np.float64(1.3161971830985917))",False,False,12878,3,27.081432295484678,566,training_set\images\image_00566.jpg,6038,115.0,2.158063350560138,FAIL
17.521090150995352,True,0.6222890142746914,"(np.float64(139.0), np.float64(138.0), np.float64(138.0))",12800,"(np.float64(1.4791366906474819), np.float64(1.4202898550724639), np.float64(1.3543478260869566))",False,False,12878,26,47.00154307373558,567,training_set\images\image_00567.jpg,6038,115.0,2.071986954291809,FAIL
11.37787867283763,True,0.382813102816358,"(np.float64(133.0), np.float64(134.0), np.float64(136.0))",12800,"(np.float64(1.5458646616541354), np.float64(1.462686567164179), np.float64(1.374264705882353))",False,False,7969,38,50.49721465144659,570,training_set\images\image_00570.jpg,7024,116.0,2.397961395541752,PASS
12.710767432504387,True,0.382813102816358,"(np.float64(134.0), np.float64(135.0), np.float64(138.5))",12800,"(np.float64(1.534328358208955), np.float64(1.451851851851852), np.float64(1.3494584837545127))",False,False,7969,42,50.11226872487355,571,training_set\images\image_00571.jpg,7024,116.0,1.7661339913215148,PASS
13.838997682200606,True,0.382813102816358,"(np.float64(134.0), np.float64(135.0), np.float64(138.0))",12800,"(np.float64(1.534328358208955), np.float64(1.451851851851852), np.float64(1.3543478260869566))",False,False,7969,44,50.68103066930196,572,training_set\images\image_00572.jpg,7024,116.0,2.6113107660537964,PASS
14.498064033521088,True,0.382813102816358,"(np.float64(135.0), np.float64(136.0), np.float64(138.5))",12800,"(np.float64(1.5229629629629629), np.float64(1.4411764705882353), np.float64(1.3494584837545127))",False,False,7969,13,44.73289716146645,573,training_set\images\image_00573.jpg,7024,116.0,2.0200099703936645,PASS
11.465920100203535,True,0.382813102816358,"(np.float64(135.0), np.float64(136.0), np.float64(137.0))",12800,"(np.float64(1.5229629629629629), np.float64(1.4411764705882353), np.float64(1.364233576642336))",False,False,7969,1,25.72565138375885,574,training_set\images\image_00574.jpg,7024,116.0,1.8766079830112752,PASS
11.755842972737804,True,0.382813102816358,"(np.float64(133.0), np.float64(133.0), np.float64(135.0))",12800,"(np.float64(1.5458646616541354), np.float64(1.4736842105263157), np.float64(1.3844444444444446))",False,False,7969,33,51.442071465349834,575,training_set\images\image_00575.jpg,7024,116.0,2.3302734174607296,PASS
7.852989839025381,True,0.382813102816358,"(np.float64(135.0), np.float64(132.0), np.float64(133.0))",12800,"(np.float64(1.5229629629629629), np.float64(1.4848484848484849), np.float64(1.405263157894737))",False,False,7969,0,9.494401407795404,576,training_set\images\image_00576.jpg,7024,116.0,4.086361523027236,PASS
8.19226474169712,True,0.382813102816358,"(np.float64(131.0), np.float64(132.5), np.float64(135.5))",12800,"(np.float64(1.5694656488549619), np.float64(1.4792452830188678), np.float64(1.3793357933579335))",False,False,7969,0,10.131319582343783,577,training_set\images\image_00577.jpg,7024,116.0,3.563200775790534,PASS
8.005704086764904,True,0.382813102816358,"(np.float64(130.0), np.float64(131.0), np.float64(135.5))",12800,"(np.float64(1.5815384615384616), np.float64(1.4961832061068703), np.float64(1.3793357933579335))",False,False,7969,0,12.505591526225112,578,training_set\images\image_00578.jpg,7024,116.0,2.395338790388951,PASS
7.34661916364857,True,0.382813102816358,"(np.float64(132.0), np.float64(134.0), np.float64(139.0))",12800,"(np.float64(1.5575757575757576), np.float64(1.462686567164179), np.float64(1.3446043165467627))",False,False,7969,0,8.029695744931546,579,training_set\images\image_00579.jpg,7024,116.0,1.5113086677007277,PASS
7.689981631549424,True,0.382813102816358,"(np.float64(132.0), np.float64(133.0), np.float64(135.0))",12800,"(np.float64(1.5575757575757576), np.float64(1.4736842105263157), np.float64(1.3844444444444446))",False,False,7969,0,13.350402633879355,581,training_set\images\image_00581.jpg,7024,116.0,1.854145622805835,PASS
7.402094116655293,True,0.382813102816358,"(np.float64(130.0), np.float64(131.0), np.float64(133.0))",12800,"(np.float64(1.5815384615384616), np.float64(1.4961832061068703), np.float64(1.405263157894737))",False,False,7969,0,19.977398301249746,582,training_set\images\image_00582.jpg,7024,116.0,2.3639657857744614,FAIL
7.668591329905907,True,0.382813102816358,"(np.float64(131.0), np.float64(133.0), np.float64(138.0))",12800,"(np.float64(1.5694656488549619), np.float64(1.4736842105263157), np.float64(1.3543478260869566))",False,False,7969,0,9.107176977218455,583,training_set\images\image_00583.jpg,7024,116.0,3.5454517963652306,PASS
9.222758313254884,True,0.382813102816358,"(np.float64(131.0), np.float64(132.0), np.float64(135.0))",12800,"(np.float64(1.5694656488549619), np.float64(1.4848484848484849), np.float64(1.3844444444444446))",False,False,7969,0,15.171837946920968,584,training_set\images\image_00584.jpg,7024,116.0,1.8726786830051827,PASS
10.435195742729205,True,0.5642314091435185,"(np.float64(130.0), np.float64(130.0), np.float64(132.0))",5650,"(np.float64(1.5815384615384616), np.float64(1.5076923076923077), np.float64(1.415909090909091))",False,False,11710,0,15.677139740815887,585,training_set\images\image_00585.jpg,7038,116.0,2.3331402378875605,PASS
12.055981654017971,True,0.5642314091435185,"(np.float64(131.0), np.float64(132.0), np.float64(134.0))",5650,"(np.float64(1.5694656488549619), np.float64(1.4848484848484849), np.float64(1.394776119402985))",False,False,11710,85,56.573760467102076,586,training_set\images\image_00586.jpg,7038,116.0,1.916132978200164,PASS
12.149805068579123,True,0.5642314091435185,"(np.float64(132.0), np.float64(130.0), np.float64(128.0))",5650,"(np.float64(1.5575757575757576), np.float64(1.5076923076923077), np.float64(1.46015625))",False,False,11710,0,18.85819496780548,587,training_set\images\image_00587.jpg,7038,116.0,2.0731647219584595,PASS
12.994701101612929,True,0.5642314091435185,"(np.float64(131.0), np.float64(130.0), np.float64(131.0))",5650,"(np.float64(1.5694656488549619), np.float64(1.5076923076923077), np.float64(1.4267175572519084))",False,False,11710,48,44.892243921782885,588,training_set\images\image_00588.jpg,7038,116.0,2.5247867007767537,PASS
12.480656015426312,True,0.5642314091435185,"(np.float64(129.0), np.float64(129.0), np.float64(131.0))",5650,"(np.float64(1.5937984496124031), np.float64(1.5193798449612403), np.float64(1.4267175572519084))",False,False,11710,52,48.618367890848106,589,training_set\images\image_00589.jpg,7038,116.0,2.6953751840477955,PASS
15.597346429521975,True,0.5642314091435185,"(np.float64(131.0), np.float64(131.0), np.float64(132.0))",5650,"(np.float64(1.5694656488549619), np.float64(1.4961832061068703), np.float64(1.415909090909091))",False,False,11710,42,50.79221832130994,590,training_set\images\image_00590.jpg,7038,116.0,2.3338469753248487,PASS
12.125634820506818,True,0.5642314091435185,"(np.float64(130.0), np.float64(129.0), np.float64(130.0))",5650,"(np.float64(1.5815384615384616), np.float64(1.5193798449612403), np.float64(1.4376923076923078))",False,False,11710,17,33.39120209380096,591,training_set\images\image_00591.jpg,7038,116.0,2.4892688673003653,PASS
11.897133375801955,True,0.5642314091435185,"(np.float64(130.0), np.float64(129.0), np.float64(130.0))",5650,"(np.float64(1.5815384615384616), np.float64(1.5193798449612403), np.float64(1.4376923076923078))",False,False,11710,29,40.34776018734261,592,training_set\images\image_00592.jpg,7038,116.0,2.515975194881873,PASS
14.57942685837311,True,0.5642314091435185,"(np.float64(132.0), np.float64(131.0), np.float64(131.0))",5650,"(np.float64(1.5575757575757576), np.float64(1.4961832061068703), np.float64(1.4267175572519084))",False,False,11710,49,56.11095734792637,593,training_set\images\image_00593.jpg,7038,116.0,3.597097625642804,PASS
12.313562594990508,True,0.5642314091435185,"(np.float64(130.0), np.float64(130.0), np.float64(133.0))",5650,"(np.float64(1.5815384615384616), np.float64(1.5076923076923077), np.float64(1.405263157894737))",False,False,11710,24,41.86123332522044,594,training_set\images\image_00594.jpg,7038,116.0,5.8307917719013895,PASS
14.69296084434541,True,0.5642314091435185,"(np.float64(126.0), np.float64(128.0), np.float64(132.0))",5650,"(np.float64(1.6317460317460317), np.float64(1.53125), np.float64(1.415909090909091))",False,False,11710,25,27.823413031111716,595,training_set\images\image_00595.jpg,7038,116.0,2.706309865006746,PASS
12.26847074325141,True,0.5642314091435185,"(np.float64(127.0), np.float64(128.0), np.float64(131.0))",5650,"(np.float64(1.6188976377952755), np.float64(1.53125), np.float64(1.4267175572519084))",False,False,11710,104,58.72464483159401,596,training_set\images\image_00596.jpg,7038,116.0,2.167625358267308,PASS
11.999454866889764,True,0.5642314091435185,"(np.float64(130.0), np.float64(130.0), np.float64(132.0))",5650,"(np.float64(1.5815384615384616), np.float64(1.5076923076923077), np.float64(1.415909090909091))",False,False,11710,85,58.67250330909071,597,training_set\images\image_00597.jpg,7038,116.0,2.327646941648404,PASS
12.36778337770564,True,0.5642314091435185,"(np.float64(129.0), np.float64(129.0), np.float64(130.0))",5650,"(np.float64(1.5937984496124031), np.float64(1.5193798449612403), np.float64(1.4376923076923078))",False,False,11710,93,59.19407372434067,598,training_set\images\image_00598.jpg,7038,116.0,6.214120077952863,PASS
13.119979220879728,True,0.5642314091435185,"(np.float64(129.0), np.float64(129.0), np.float64(132.0))",5650,"(np.float64(1.5937984496124031), np.float64(1.5193798449612403), np.float64(1.415909090909091))",False,False,11710,4,26.527003183877778,599,training_set\images\image_00599.jpg,7038,116.0,2.465429319252124,PASS
14.137456759143646,True,0.5642314091435185,"(np.float64(129.0), np.float64(130.0), np.float64(133.0))",5650,"(np.float64(1.5937984496124031), np.float64(1.5076923076923077), np.float64(1.405263157894737))",False,False,11710,20,30.304676803270564,600,training_set\images\image_00600.jpg,7038,116.0,2.276484586229905,PASS
13.33074272517813,True,0.5642314091435185,"(np.float64(129.0), np.float64(129.0), np.float64(131.0))",5650,"(np.float64(1.5937984496124031), np.float64(1.5193798449612403), np.float64(1.4267175572519084))",False,False,11710,3,25.89572366541562,601,training_set\images\image_00601.jpg,7038,116.0,2.432978950959365,PASS
12.630662408321083,True,0.5642314091435185,"(np.float64(127.0), np.float64(128.0), np.float64(131.0))",5650,"(np.float64(1.6188976377952755), np.float64(1.53125), np.float64(1.4267175572519084))",False,False,11710,103,54.45781095976826,602,training_set\images\image_00602.jpg,7038,116.0,3.1040315402476,PASS
12.161188141780364,True,0.5642314091435185,"(np.float64(128.0), np.float64(129.0), np.float64(132.0))",5650,"(np.float64(1.60625), np.float64(1.5193798449612403), np.float64(1.415909090909091))",False,False,11710,102,54.9214672418798,603,training_set\images\image_00603.jpg,7038,116.0,4.570284821090366,PASS
11.80870205809011,True,0.5642314091435185,"(np.float64(128.0), np.float64(129.0), np.float64(132.0))",5650,"(np.float64(1.60625), np.float64(1.5193798449612403), np.float64(1.415909090909091))",False,False,11710,71,57.6884626957087,604,training_set\images\image_00604.jpg,7038,116.0,2.913225533316782,PASS
12.345970945638745,True,0.5642314091435185,"(np.float64(133.0), np.float64(132.0), np.float64(133.0))",5650,"(np.float64(1.5458646616541354), np.float64(1.4848484848484849), np.float64(1.405263157894737))",False,False,11710,11,31.65198621698775,605,training_set\images\image_00605.jpg,7038,116.0,3.0428183224446888,PASS
13.65663517368006,True,0.5642314091435185,"(np.float64(131.0), np.float64(132.0), np.float64(134.0))",5650,"(np.float64(1.5694656488549619), np.float64(1.4848484848484849), np.float64(1.394776119402985))",False,False,11710,50,49.19247839588691,606,training_set\images\image_00606.jpg,7038,116.0,3.532705532374942,PASS
14.490932786160798,True,0.5642314091435185,"(np.float64(132.0), np.float64(131.0), np.float64(132.0))",5650,"(np.float64(1.5575757575757576), np.float64(1.4961832061068703), np.float64(1.415909090909091))",False,False,11710,45,48.327628449002255,607,training_set\images\image_00607.jpg,7038,116.0,3.635822142357775,PASS
11.27814282942066,True,0.5642314091435185,"(np.float64(132.0), np.float64(131.0), np.float64(132.0))",5650,"(np.float64(1.5575757575757576), np.float64(1.4961832061068703), np.float64(1.415909090909091))",False,False,11710,0,24.28284069825844,608,training_set\images\image_00608.jpg,7038,116.0,3.628221691067847,PASS
10.730785559787586,True,0.5642314091435185,"(np.float64(131.0), np.float64(130.0), np.float64(131.0))",5650,"(np.float64(1.5694656488549619), np.float64(1.5076923076923077), np.float64(1.4267175572519084))",False,False,11710,0,16.514506855105388,609,training_set\images\image_00609.jpg,7038,116.0,3.870923779617568,PASS
11.119145819570134,True,0.5642314091435185,"(np.float64(128.0), np.float64(129.0), np.float64(132.0))",5650,"(np.float64(1.60625), np.float64(1.5193798449612403), np.float64(1.415909090909091))",False,False,11710,0,22.990772642935077,610,training_set\images\image_00610.jpg,7038,116.0,2.542067531776417,PASS
10.995930946966832,True,0.5642314091435185,"(np.float64(131.0), np.float64(131.0), np.float64(135.0))",5650,"(np.float64(1.5694656488549619), np.float64(1.4961832061068703), np.float64(1.3844444444444446))",False,False,11710,0,12.826443773037365,611,training_set\images\image_00611.jpg,7038,116.0,3.4174947782423977,PASS
13.58881068192147,True,0.4214867862654321,"(np.float64(161.0), np.float64(142.0), np.float64(112.0))",12800,"(np.float64(1.2770186335403726), np.float64(1.380281690140845), np.float64(1.66875))",False,False,8755,0,14.654346233873063,612,training_set\images\image_00612.jpg,6024,117.0,1.9607914982123047,PASS
13.765128441435047,True,0.4214867862654321,"(np.float64(134.0), np.float64(136.0), np.float64(140.0))",12800,"(np.float64(1.534328358208955), np.float64(1.4411764705882353), np.float64(1.335))",False,False,8755,0,14.617475212001114,613,training_set\images\image_00613.jpg,6024,117.0,2.4553801073271084,PASS
13.891697027416754,True,0.4214867862654321,"(np.float64(132.0), np.float64(133.0), np.float64(137.0))",12800,"(np.float64(1.5575757575757576), np.float64(1.4736842105263157), np.float64(1.364233576642336))",False,False,8755,0,20.707095681271532,614,training_set\images\image_00614.jpg,6024,117.0,1.5907735878900486,PASS
13.891697027416754,True,0.4214867862654321,"(np.float64(132.0), np.float64(132.0), np.float64(134.0))",12800,"(np.float64(1.5575757575757576), np.float64(1.4848484848484849), np.float64(1.394776119402985))",False,False,8755,0,23.93073526330497,615,training_set\images\image_00615.jpg,6024,117.0,2.314594263194621,PASS
13.841379952597988,True,0.4214867862654321,"(np.float64(129.0), np.float64(131.0), np.float64(134.0))",12800,"(np.float64(1.5937984496124031), np.float64(1.4961832061068703), np.float64(1.394776119402985))",False,False,8755,0,14.019558320845793,616,training_set\images\image_00616.jpg,6024,117.0,2.1760408094465475,PASS
13.956712520600432,True,0.4214867862654321,"(np.float64(131.0), np.float64(133.0), np.float64(137.0))",12800,"(np.float64(1.5694656488549619), np.float64(1.4736842105263157), np.float64(1.364233576642336))",False,False,8755,3,26.951414133034934,617,training_set\images\image_00617.jpg,6024,117.0,2.163616020892462,PASS
15.589365255745589,True,0.4214867862654321,"(np.float64(132.0), np.float64(134.0), np.float64(139.0))",12800,"(np.float64(1.5575757575757576), np.float64(1.462686567164179), np.float64(1.3446043165467627))",False,False,8755,19,33.63500141095957,618,training_set\images\image_00618.jpg,6024,117.0,1.8963887475844032,PASS
14.108145202841742,True,0.4214867862654321,"(np.float64(135.0), np.float64(136.0), np.float64(140.0))",12800,"(np.float64(1.5229629629629629), np.float64(1.4411764705882353), np.float64(1.335))",False,False,8755,2,26.37035685465415,619,training_set\images\image_00619.jpg,6024,117.0,2.7416335382506243,PASS
14.209641322613711,True,0.4214867862654321,"(np.float64(134.0), np.float64(136.0), np.float64(140.0))",12800,"(np.float64(1.534328358208955), np.float64(1.4411764705882353), np.float64(1.335))",False,False,8755,16,34.649410331456956,620,training_set\images\image_00620.jpg,6024,117.0,2.3492322354637305,PASS
14.530925855057042,True,0.4214867862654321,"(np.float64(134.0), np.float64(139.0), np.float64(146.0))",12800,"(np.float64(1.534328358208955), np.float64(1.410071942446043), np.float64(1.2801369863013699))",False,False,8755,3,26.89815694579763,622,training_set\images\image_00622.jpg,6024,117.0,2.6996690316623178,PASS
14.876234983249132,True,0.4214867862654321,"(np.float64(139.0), np.float64(142.0), np.float64(147.0))",12800,"(np.float64(1.4791366906474819), np.float64(1.380281690140845), np.float64(1.2714285714285716))",False,False,8755,10,30.28774212922518,623,training_set\images\image_00623.jpg,6024,117.0,2.3958642506098498,PASS
14.843877213400981,True,0.6222890142746914,"(np.float64(140.0), np.float64(140.0), np.float64(141.0))",12800,"(np.float64(1.4685714285714286), np.float64(1.4), np.float64(1.325531914893617))",False,False,12878,32,41.373362905436885,624,training_set\images\image_00624.jpg,6038,117.0,4.560004109890749,PASS
14.249714629392042,True,0.6222890142746914,"(np.float64(136.0), np.float64(138.0), np.float64(141.0))",12800,"(np.float64(1.511764705882353), np.float64(1.4202898550724639), np.float64(1.325531914893617))",False,False,12878,12,34.80325086878249,625,training_set\images\image_00625.jpg,6038,117.0,1.6142409133519653,PASS
13.96058840718781,True,0.6222890142746914,"(np.float64(136.0), np.float64(138.0), np.float64(141.0))",12800,"(np.float64(1.511764705882353), np.float64(1.4202898550724639), np.float64(1.325531914893617))",False,False,12878,19,38.929768323151116,626,training_set\images\image_00626.jpg,6038,117.0,2.396403873863336,PASS
12.91604048185274,True,0.6222890142746914,"(np.float64(142.0), np.float64(143.0), np.float64(147.0))",12800,"(np.float64(1.447887323943662), np.float64(1.3706293706293706), np.float64(1.2714285714285716))",False,False,12878,1,26.183510555178938,627,training_set\images\image_00627.jpg,6038,117.0,4.6162087141702735,PASS
15.755863959728728,True,0.6222890142746914,"(np.float64(137.0), np.float64(133.0), np.float64(129.0))",12800,"(np.float64(1.5007299270072991), np.float64(1.4736842105263157), np.float64(1.4488372093023256))",False,False,12878,11,34.48694399296842,628,training_set\images\image_00628.jpg,6038,117.0,2.953475478819656,PASS
14.545752871431876,True,0.6222890142746914,"(np.float64(136.0), np.float64(141.0), np.float64(150.0))",12800,"(np.float64(1.511764705882353), np.float64(1.3900709219858156), np.float64(1.246))",False,False,12878,20,40.61840147098286,629,training_set\images\image_00629.jpg,6038,117.0,5.5207988526218505,PASS
13.09048501371147,True,0.6222890142746914,"(np.float64(138.0), np.float64(139.0), np.float64(142.0))",12800,"(np.float64(1.489855072463768), np.float64(1.410071942446043), np.float64(1.3161971830985917))",False,False,12878,1,25.845435653067742,631,training_set\images\image_00631.jpg,6038,117.0,3.4130314149488954,PASS
15.179444202742792,True,0.6222890142746914,"(np.float64(136.0), np.float64(135.0), np.float64(136.0))",12800,"(np.float64(1.511764705882353), np.float64(1.451851851851852), np.float64(1.374264705882353))",False,False,12878,9,32.06289246165111,632,training_set\images\image_00632.jpg,6038,117.0,3.2065034034099136,PASS
16.01224282996879,True,0.6222890142746914,"(np.float64(132.0), np.float64(133.0), np.float64(134.0))",12800,"(np.float64(1.5575757575757576), np.float64(1.4736842105263157), np.float64(1.394776119402985))",False,False,12878,20,38.87300693683359,633,training_set\images\image_00633.jpg,6038,117.0,2.896171353294322,PASS
15.1335085086266,True,0.6222890142746914,"(np.float64(134.0), np.float64(139.0), np.float64(146.0))",12800,"(np.float64(1.534328358208955), np.float64(1.410071942446043), np.float64(1.2801369863013699))",False,False,12878,35,44.99021034038303,634,training_set\images\image_00634.jpg,6038,117.0,2.337766662584845,PASS
13.217964667498372,True,0.6222890142746914,"(np.float64(139.0), np.float64(140.0), np.float64(144.0))",12800,"(np.float64(1.4791366906474819), np.float64(1.4), np.float64(1.2979166666666666))",False,False,12878,26,44.90223802239073,635,training_set\images\image_00635.jpg,6038,117.0,2.558937314036502,PASS
15.566684790541581,True,0.6222890142746914,"(np.float64(137.0), np.float64(134.0), np.float64(132.0))",12800,"(np.float64(1.5007299270072991), np.float64(1.462686567164179), np.float64(1.415909090909091))",False,False,12878,21,39.940856342023366,636,training_set\images\image_00636.jpg,6038,117.0,1.777492929598644,PASS
15.780253749041819,True,0.6222890142746914,"(np.float64(135.0), np.float64(136.0), np.float64(140.0))",12800,"(np.float64(1.5229629629629629), np.float64(1.4411764705882353), np.float64(1.335))",False,False,12878,33,42.32978310747241,637,training_set\images\image_00637.jpg,6038,117.0,2.0048721912592185,PASS
15.862220548110482,True,0.6222890142746914,"(np.float64(135.0), np.float64(134.0), np.float64(134.0))",12800,"(np.float64(1.5229629629629629), np.float64(1.462686567164179), np.float64(1.394776119402985))",False,False,12878,24,39.89850142124984,638,training_set\images\image_00638.jpg,6038,117.0,1.9543243747678736,PASS
12.690654902587394,True,0.6222890142746914,"(np.float64(132.0), np.float64(133.0), np.float64(137.0))",12800,"(np.float64(1.5575757575757576), np.float64(1.4736842105263157), np.float64(1.364233576642336))",False,False,12878,0,24.861605206152337,639,training_set\images\image_00639.jpg,6038,117.0,2.7750001876454173,PASS
12.893561656914509,True,0.6222890142746914,"(np.float64(135.0), np.float64(135.0), np.float64(137.0))",12800,"(np.float64(1.5229629629629629), np.float64(1.451851851851852), np.float64(1.364233576642336))",False,False,12878,11,37.5677232935505,640,training_set\images\image_00640.jpg,6038,117.0,2.2644490413342178,PASS
14.994186061243422,True,0.6222890142746914,"(np.float64(134.0), np.float64(134.0), np.float64(134.0))",12800,"(np.float64(1.534328358208955), np.float64(1.462686567164179), np.float64(1.394776119402985))",False,False,12878,4,37.4418402079411,641,training_set\images\image_00641.jpg,6038,117.0,2.5409617420875645,PASS
13.590273709641497,True,0.6222890142746914,"(np.float64(142.0), np.float64(142.0), np.float64(145.0))",12800,"(np.float64(1.447887323943662), np.float64(1.380281690140845), np.float64(1.2889655172413794))",False,False,12878,4,31.871009973779795,643,training_set\images\image_00643.jpg,6038,117.0,1.2032962936676832,FAIL
15.256140937073082,True,0.6222890142746914,"(np.float64(142.0), np.float64(142.0), np.float64(144.0))",12800,"(np.float64(1.447887323943662), np.float64(1.380281690140845), np.float64(1.2979166666666666))",False,False,12878,8,33.31520000527203,644,training_set\images\image_00644.jpg,6038,117.0,1.6306206229526208,FAIL
12.728473284067924,True,0.6222890142746914,"(np.float64(140.0), np.float64(140.0), np.float64(140.0))",12800,"(np.float64(1.4685714285714286), np.float64(1.4), np.float64(1.335))",False,False,12878,0,15.957429388904217,645,training_set\images\image_00645.jpg,6038,117.0,5.6431448314935855,FAIL
12.308188690917484,True,0.6222890142746914,"(np.float64(140.0), np.float64(142.0), np.float64(146.0))",12800,"(np.float64(1.4685714285714286), np.float64(1.380281690140845), np.float64(1.2801369863013699))",False,False,12878,2,27.82280937493231,646,training_set\images\image_00646.jpg,6038,117.0,4.808803360606007,FAIL
14.73862673660064,True,0.6222890142746914,"(np.float64(140.0), np.float64(144.0), np.float64(152.0))",12800,"(np.float64(1.4685714285714286), np.float64(1.3611111111111112), np.float64(1.2296052631578949))",False,False,12878,26,46.00905935593993,647,training_set\images\image_00647.jpg,6038,117.0,1.5654329647868672,FAIL
12.735489971834937,True,0.6222890142746914,"(np.float64(145.0), np.float64(147.0), np.float64(150.0))",12800,"(np.float64(1.4179310344827585), np.float64(1.3333333333333333), np.float64(1.246))",False,False,12878,22,35.31830445731362,648,training_set\images\image_00648.jpg,6038,117.0,1.5237552007533803,FAIL
14.765176213055245,True,0.6222890142746914,"(np.float64(147.0), np.float64(149.0), np.float64(152.0))",12800,"(np.float64(1.398639455782313), np.float64(1.3154362416107384), np.float64(1.2296052631578949))",False,False,12878,6,32.49606923881443,649,training_set\images\image_00649.jpg,6038,117.0,2.6903281222278155,FAIL
13.06873827089109,True,0.6222890142746914,"(np.float64(146.0), np.float64(148.0), np.float64(153.0))",12800,"(np.float64(1.4082191780821918), np.float64(1.3243243243243243), np.float64(1.2215686274509805))",False,False,12878,0,22.063465086865758,650,training_set\images\image_00650.jpg,6038,117.0,2.707745514647116,FAIL
10.58072334281929,True,0.4214867862654321,"(np.float64(178.0), np.float64(157.0), np.float64(126.0))",12800,"(np.float64(1.155056179775281), np.float64(1.2484076433121019), np.float64(1.4833333333333334))",False,False,8755,147,56.080688594190505,651,training_set\images\image_00651.jpg,6024,118.0,2.6214569328652737,PASS
13.426594102198656,True,0.4214867862654321,"(np.float64(148.0), np.float64(150.0), np.float64(154.0))",12800,"(np.float64(1.3891891891891892), np.float64(1.3066666666666666), np.float64(1.2136363636363636))",False,False,8755,146,55.81932942742442,652,training_set\images\image_00652.jpg,6024,118.0,3.106165144175685,PASS
8.72548710779755,True,0.382813102816358,"(np.float64(177.0), np.float64(154.0), np.float64(121.0))",12800,"(np.float64(1.1615819209039548), np.float64(1.2727272727272727), np.float64(1.5446280991735537))",False,False,7969,0,18.322346555257266,653,training_set\images\image_00653.jpg,7024,118.0,3.61053403078478,PASS
9.023471418570741,True,0.382813102816358,"(np.float64(137.0), np.float64(141.0), np.float64(158.0))",12800,"(np.float64(1.5007299270072991), np.float64(1.3900709219858156), np.float64(1.1829113924050634))",False,False,7969,0,9.362631742782025,656,training_set\images\image_00656.jpg,7024,118.0,1.9478706455427133,PASS
8.446001317900826,True,0.382813102816358,"(np.float64(145.0), np.float64(146.0), np.float64(150.0))",12800,"(np.float64(1.4179310344827585), np.float64(1.3424657534246576), np.float64(1.246))",False,False,7969,0,9.060566359025767,657,training_set\images\image_00657.jpg,7024,118.0,2.200404578050987,PASS
8.625800172610758,True,0.382813102816358,"(np.float64(144.0), np.float64(145.0), np.float64(149.0))",12800,"(np.float64(1.4277777777777778), np.float64(1.3517241379310345), np.float64(1.2543624161073825))",False,False,7969,0,16.375877421335787,658,training_set\images\image_00658.jpg,7024,118.0,2.224818509299501,PASS
8.685362666771836,True,0.382813102816358,"(np.float64(144.0), np.float64(144.0), np.float64(147.0))",12800,"(np.float64(1.4277777777777778), np.float64(1.3611111111111112), np.float64(1.2714285714285716))",False,False,7969,0,9.12120640381906,659,training_set\images\image_00659.jpg,7024,118.0,2.5969580678855246,PASS
8.664368467388623,True,0.382813102816358,"(np.float64(143.0), np.float64(144.0), np.float64(148.0))",12800,"(np.float64(1.4377622377622377), np.float64(1.3611111111111112), np.float64(1.262837837837838))",False,False,7969,0,9.015620832042224,660,training_set\images\image_00660.jpg,7024,118.0,3.236551348687563,PASS
8.899371446105798,True,0.382813102816358,"(np.float64(143.0), np.float64(145.0), np.float64(148.0))",12800,"(np.float64(1.4377622377622377), np.float64(1.3517241379310345), np.float64(1.262837837837838))",False,False,7969,0,14.805410190027459,661,training_set\images\image_00661.jpg,7024,118.0,2.880518491494643,PASS
8.96060321927989,True,0.382813102816358,"(np.float64(145.0), np.float64(146.0), np.float64(150.0))",12800,"(np.float64(1.4179310344827585), np.float64(1.3424657534246576), np.float64(1.246))",False,False,7969,1,25.680924634704642,662,training_set\images\image_00662.jpg,7024,118.0,2.783408378415168,PASS
8.846806338166685,True,0.382813102816358,"(np.float64(143.0), np.float64(145.0), np.float64(148.0))",12800,"(np.float64(1.4377622377622377), np.float64(1.3517241379310345), np.float64(1.262837837837838))",False,False,7969,0,12.835430442815374,663,training_set\images\image_00663.jpg,7024,115.0,2.514548341144537,PASS
9.074818990561106,True,0.382813102816358,"(np.float64(142.0), np.float64(143.0), np.float64(147.0))",12800,"(np.float64(1.447887323943662), np.float64(1.3706293706293706), np.float64(1.2714285714285716))",False,False,7969,0,10.582512608732756,664,training_set\images\image_00664.jpg,7024,118.0,3.0312469623940625,PASS
9.482540190300009,True,0.382813102816358,"(np.float64(141.0), np.float64(144.0), np.float64(149.0))",12800,"(np.float64(1.4581560283687942), np.float64(1.3611111111111112), np.float64(1.2543624161073825))",False,False,7969,0,12.374075212162587,665,training_set\images\image_00665.jpg,7024,118.0,1.832938424698536,PASS
14.27317479432678,True,0.382813102816358,"(np.float64(144.0), np.float64(146.0), np.float64(150.0))",12800,"(np.float64(1.4277777777777778), np.float64(1.3424657534246576), np.float64(1.246))",False,False,7969,6,28.795995245097433,666,training_set\images\image_00666.jpg,7024,118.0,1.9684314000989929,PASS
13.954686764283098,True,0.382813102816358,"(np.float64(44.0), np.float64(40.0), np.float64(34.0))",12800,"(np.float64(4.672727272727273), np.float64(4.9), np.float64(5.497058823529412))",True,False,7969,0,14.851363530273906,667,training_set\images\image_00667.jpg,7024,118.0,2.4535951319412588,PASS
14.043429621191953,True,0.382813102816358,"(np.float64(40.0), np.float64(39.0), np.float64(39.0))",12800,"(np.float64(5.14), np.float64(5.0256410256410255), np.float64(4.792307692307692))",True,False,7969,0,15.0341486052583,668,training_set\images\image_00668.jpg,7024,118.0,2.6533749375818507,PASS
9.232054645496284,True,0.382813102816358,"(np.float64(133.0), np.float64(140.0), np.float64(160.0))",12800,"(np.float64(1.5458646616541354), np.float64(1.4), np.float64(1.168125))",False,False,7969,0,15.834257529873817,669,training_set\images\image_00669.jpg,7024,118.0,3.170183803722595,PASS
16.29401593447365,True,0.382813102816358,"(np.float64(143.0), np.float64(145.0), np.float64(148.0))",12800,"(np.float64(1.4377622377622377), np.float64(1.3517241379310345), np.float64(1.262837837837838))",False,False,7969,11,32.89790446211499,670,training_set\images\image_00670.jpg,7024,118.0,2.530118363401788,PASS
17.826000742841046,True,0.382813102816358,"(np.float64(143.0), np.float64(145.0), np.float64(149.0))",12800,"(np.float64(1.4377622377622377), np.float64(1.3517241379310345), np.float64(1.2543624161073825))",False,False,7969,14,37.29823395558827,671,training_set\images\image_00671.jpg,7024,118.0,2.358947005196226,PASS
15.84153202766737,True,0.382813102816358,"(np.float64(143.0), np.float64(144.0), np.float64(147.0))",12800,"(np.float64(1.4377622377622377), np.float64(1.3611111111111112), np.float64(1.2714285714285716))",False,False,7969,13,35.56196010109272,672,training_set\images\image_00672.jpg,7024,118.0,2.21555309781979,PASS
12.482659354800509,True,0.5642314091435185,"(np.float64(142.0), np.float64(145.0), np.float64(150.0))",5650,"(np.float64(1.447887323943662), np.float64(1.3517241379310345), np.float64(1.246))",False,False,11710,0,15.973097483387207,673,training_set\images\image_00673.jpg,7038,118.0,2.567364334495178,PASS
13.439037358216677,True,0.5642314091435185,"(np.float64(145.0), np.float64(146.0), np.float64(149.0))",5650,"(np.float64(1.4179310344827585), np.float64(1.3424657534246576), np.float64(1.2543624161073825))",False,False,11710,0,20.349192602264104,674,training_set\images\image_00674.jpg,7038,118.0,4.668983373958881,PASS
14.470753647991057,True,0.5642314091435185,"(np.float64(146.0), np.float64(147.0), np.float64(150.0))",5650,"(np.float64(1.4082191780821918), np.float64(1.3333333333333333), np.float64(1.246))",False,False,11710,19,32.35263988125255,675,training_set\images\image_00675.jpg,7038,118.0,2.840849347600641,PASS
13.42194898306805,True,0.5642314091435185,"(np.float64(146.0), np.float64(147.0), np.float64(150.0))",5650,"(np.float64(1.4082191780821918), np.float64(1.3333333333333333), np.float64(1.246))",False,False,11710,0,18.029143723901356,676,training_set\images\image_00676.jpg,7038,118.0,3.0754114591925883,PASS
15.03042087172468,True,0.5642314091435185,"(np.float64(146.0), np.float64(147.0), np.float64(150.0))",5650,"(np.float64(1.4082191780821918), np.float64(1.3333333333333333), np.float64(1.246))",False,False,11710,29,41.26791694714572,677,training_set\images\image_00677.jpg,7038,118.0,2.6631237079413785,PASS
15.778285830333934,True,0.5642314091435185,"(np.float64(145.0), np.float64(146.0), np.float64(149.0))",5650,"(np.float64(1.4179310344827585), np.float64(1.3424657534246576), np.float64(1.2543624161073825))",False,False,11710,43,47.32393802693876,678,training_set\images\image_00678.jpg,7038,118.0,2.5888381555117155,PASS
12.69816078844052,True,0.5642314091435185,"(np.float64(144.0), np.float64(144.0), np.float64(146.0))",5650,"(np.float64(1.4277777777777778), np.float64(1.3611111111111112), np.float64(1.2801369863013699))",False,False,11710,0,16.56034889967479,679,training_set\images\image_00679.jpg,7038,118.0,2.086708749328986,PASS
14.017603358830305,True,0.5642314091435185,"(np.float64(143.0), np.float64(144.0), np.float64(147.0))",5650,"(np.float64(1.4377622377622377), np.float64(1.3611111111111112), np.float64(1.2714285714285716))",False,False,11710,18,31.667705287515243,680,training_set\images\image_00680.jpg,7038,118.0,1.9903639442320529,PASS
14.111168053791548,True,0.5642314091435185,"(np.float64(145.0), np.float64(145.0), np.float64(148.0))",5650,"(np.float64(1.4179310344827585), np.float64(1.3517241379310345), np.float64(1.262837837837838))",False,False,11710,0,22.09717478401637,681,training_set\images\image_00681.jpg,7038,118.0,2.515504961434728,PASS
16.08842667238029,True,0.5642314091435185,"(np.float64(144.0), np.float64(145.0), np.float64(148.0))",5650,"(np.float64(1.4277777777777778), np.float64(1.3517241379310345), np.float64(1.262837837837838))",False,False,11710,37,41.82865551210307,682,training_set\images\image_00682.jpg,7038,118.0,2.0389980065152784,PASS
15.075840029112923,True,0.5642314091435185,"(np.float64(143.0), np.float64(145.0), np.float64(149.0))",5650,"(np.float64(1.4377622377622377), np.float64(1.3517241379310345), np.float64(1.2543624161073825))",False,False,11710,56,44.73670906877848,683,training_set\images\image_00683.jpg,7038,118.0,2.370142192363768,PASS
14.581672698952795,True,0.5642314091435185,"(np.float64(145.0), np.float64(145.0), np.float64(148.0))",5650,"(np.float64(1.4179310344827585), np.float64(1.3517241379310345), np.float64(1.262837837837838))",False,False,11710,63,50.8617816914465,684,training_set\images\image_00684.jpg,7038,118.0,2.679049517333613,PASS
16.28284930326652,True,0.5642314091435185,"(np.float64(145.0), np.float64(147.0), np.float64(150.0))",5650,"(np.float64(1.4179310344827585), np.float64(1.3333333333333333), np.float64(1.246))",False,False,11710,42,40.092742819099605,685,training_set\images\image_00685.jpg,7038,118.0,2.5882188023955983,PASS
14.629740803946222,True,0.5642314091435185,"(np.float64(144.0), np.float64(145.0), np.float64(148.0))",5650,"(np.float64(1.4277777777777778), np.float64(1.3517241379310345), np.float64(1.262837837837838))",False,False,11710,22,30.307551940305498,686,training_set\images\image_00686.jpg,7038,118.0,2.8645744632167,PASS
15.570629138402905,True,0.5642314091435185,"(np.float64(145.0), np.float64(145.0), np.float64(147.0))",5650,"(np.float64(1.4179310344827585), np.float64(1.3517241379310345), np.float64(1.2714285714285716))",False,False,11710,57,43.14815395393988,687,training_set\images\image_00687.jpg,7038,118.0,2.239094562915508,PASS
15.700409813180633,True,0.5642314091435185,"(np.float64(145.0), np.float64(145.0), np.float64(149.0))",5650,"(np.float64(1.4179310344827585), np.float64(1.3517241379310345), np.float64(1.2543624161073825))",False,False,11710,38,43.40188487156653,688,training_set\images\image_00688.jpg,7038,118.0,2.341201984506259,PASS
16.285934957486134,True,0.5642314091435185,"(np.float64(145.0), np.float64(146.0), np.float64(150.0))",5650,"(np.float64(1.4179310344827585), np.float64(1.3424657534246576), np.float64(1.246))",False,False,11710,46,47.31120655078977,689,training_set\images\image_00689.jpg,7038,118.0,2.9568006381015657,PASS
16.17151842316915,True,0.5642314091435185,"(np.float64(144.0), np.float64(144.0), np.float64(147.0))",5650,"(np.float64(1.4277777777777778), np.float64(1.3611111111111112), np.float64(1.2714285714285716))",False,False,11710,39,50.0643482051033,690,training_set\images\image_00690.jpg,7038,118.0,2.41325210228956,PASS
11.314645657292568,True,0.5642314091435185,"(np.float64(150.0), np.float64(153.0), np.float64(161.0))",5650,"(np.float64(1.3706666666666667), np.float64(1.2810457516339868), np.float64(1.1608695652173913))",False,False,11710,0,15.147688311035738,691,training_set\images\image_00691.jpg,7038,118.0,2.4255638677938847,FAIL
11.71111178703558,True,0.5642314091435185,"(np.float64(154.0), np.float64(154.0), np.float64(155.0))",5650,"(np.float64(1.335064935064935), np.float64(1.2727272727272727), np.float64(1.2058064516129032))",False,False,11710,0,15.169039018940982,692,training_set\images\image_00692.jpg,7038,118.0,1.5177786966464522,PASS
11.609397690312159,True,0.5642314091435185,"(np.float64(153.0), np.float64(155.0), np.float64(161.0))",5650,"(np.float64(1.3437908496732025), np.float64(1.264516129032258), np.float64(1.1608695652173913))",False,False,11710,0,17.566857360009827,693,training_set\images\image_00693.jpg,7038,118.0,1.624406109105638,FAIL
11.091318523446764,True,0.5642314091435185,"(np.float64(155.0), np.float64(154.0), np.float64(156.0))",5650,"(np.float64(1.3264516129032258), np.float64(1.2727272727272727), np.float64(1.198076923076923))",False,False,11710,0,14.24174350694802,694,training_set\images\image_00694.jpg,7038,118.0,0.8388130909471655,PASS
11.749319677679326,True,0.5642314091435185,"(np.float64(152.0), np.float64(153.0), np.float64(156.0))",5650,"(np.float64(1.3526315789473684), np.float64(1.2810457516339868), np.float64(1.198076923076923))",False,False,11710,0,15.650674224375123,695,training_set\images\image_00695.jpg,7038,118.0,1.402436027893739,PASS
10.548818559517615,True,0.5642314091435185,"(np.float64(150.0), np.float64(150.0), np.float64(153.0))",5650,"(np.float64(1.3706666666666667), np.float64(1.3066666666666666), np.float64(1.2215686274509805))",False,False,11710,0,13.5122844502229,696,training_set\images\image_00696.jpg,7038,118.0,2.379000639259533,PASS
10.136573915610914,True,0.5642314091435185,"(np.float64(149.0), np.float64(148.0), np.float64(150.0))",5650,"(np.float64(1.3798657718120806), np.float64(1.3243243243243243), np.float64(1.246))",False,False,11710,0,13.14575756752864,697,training_set\images\image_00697.jpg,7038,118.0,1.9088576728337847,PASS
12.862632138997926,True,0.5642314091435185,"(np.float64(150.0), np.float64(151.0), np.float64(155.0))",5650,"(np.float64(1.3706666666666667), np.float64(1.2980132450331126), np.float64(1.2058064516129032))",False,False,11710,13,29.488688127354106,698,training_set\images\image_00698.jpg,7038,118.0,1.091414068390763,PASS
14.048725962584081,True,0.5642314091435185,"(np.float64(150.0), np.float64(150.0), np.float64(152.0))",5650,"(np.float64(1.3706666666666667), np.float64(1.3066666666666666), np.float64(1.2296052631578949))",False,False,11710,0,20.025988277684352,699,training_set\images\image_00699.jpg,7038,118.0,0.661629269584595,PASS
10.977988853646098,True,0.5642314091435185,"(np.float64(148.0), np.float64(148.0), np.float64(151.0))",5650,"(np.float64(1.3891891891891892), np.float64(1.3243243243243243), np.float64(1.237748344370861))",False,False,11710,0,14.102390668265768,700,training_set\images\image_00700.jpg,7038,118.0,4.074995003603189,PASS
11.116587968790268,True,0.5642314091435185,"(np.float64(146.0), np.float64(146.0), np.float64(150.0))",5650,"(np.float64(1.4082191780821918), np.float64(1.3424657534246576), np.float64(1.246))",False,False,11710,0,18.084263301706216,701,training_set\images\image_00701.jpg,7038,118.0,1.726304372154999,PASS
11.258281857739817,True,0.5642314091435185,"(np.float64(149.0), np.float64(150.0), np.float64(152.0))",5650,"(np.float64(1.3798657718120806), np.float64(1.3066666666666666), np.float64(1.2296052631578949))",False,False,11710,0,14.321449628435946,702,training_set\images\image_00702.jpg,7038,118.0,3.468644914571412,PASS
12.684802310744438,True,0.5642314091435185,"(np.float64(148.0), np.float64(147.0), np.float64(146.0))",5650,"(np.float64(1.3891891891891892), np.float64(1.3333333333333333), np.float64(1.2801369863013699))",False,False,11710,28,41.92161382471148,703,training_set\images\image_00703.jpg,7038,118.0,1.7826433021286967,PASS
11.795069090423757,True,0.5642314091435185,"(np.float64(149.0), np.float64(148.0), np.float64(149.0))",5650,"(np.float64(1.3798657718120806), np.float64(1.3243243243243243), np.float64(1.2543624161073825))",False,False,11710,0,17.246793724379643,704,training_set\images\image_00704.jpg,7038,118.0,1.4955299118662408,PASS
11.726315845587914,True,0.5642314091435185,"(np.float64(149.0), np.float64(148.0), np.float64(148.0))",5650,"(np.float64(1.3798657718120806), np.float64(1.3243243243243243), np.float64(1.262837837837838))",False,False,11710,0,15.036250242088837,705,training_set\images\image_00705.jpg,7038,118.0,0.8282830685818605,PASS
10.800002466253748,True,0.5642314091435185,"(np.float64(147.0), np.float64(147.0), np.float64(150.0))",5650,"(np.float64(1.398639455782313), np.float64(1.3333333333333333), np.float64(1.246))",False,False,11710,0,14.451445881924428,706,training_set\images\image_00706.jpg,7038,118.0,0.8822933652507029,PASS
11.468536192895893,True,0.5642314091435185,"(np.float64(147.0), np.float64(146.0), np.float64(146.0))",5650,"(np.float64(1.398639455782313), np.float64(1.3424657534246576), np.float64(1.2801369863013699))",False,False,11710,0,14.798653307936489,707,training_set\images\image_00707.jpg,7038,118.0,1.6980365650784377,PASS
10.74726048046471,True,0.5642314091435185,"(np.float64(148.0), np.float64(150.0), np.float64(154.0))",5650,"(np.float64(1.3891891891891892), np.float64(1.3066666666666666), np.float64(1.2136363636363636))",False,False,11710,0,14.040150539097512,708,training_set\images\image_00708.jpg,7038,118.0,2.072570093104936,PASS
15.980266770907132,True,0.5642314091435185,"(np.float64(150.0), np.float64(150.0), np.float64(151.0))",5650,"(np.float64(1.3706666666666667), np.float64(1.3066666666666666), np.float64(1.237748344370861))",False,False,11710,163,54.54147480595481,709,training_set\images\image_00709.jpg,7038,118.0,1.5537315787551071,PASS
11.356702370381743,True,0.5642314091435185,"(np.float64(151.0), np.float64(150.0), np.float64(150.0))",5650,"(np.float64(1.36158940397351), np.float64(1.3066666666666666), np.float64(1.246))",False,False,11710,0,14.547738382376973,710,training_set\images\image_00710.jpg,7038,118.0,4.123629437013495,PASS
12.124009648475194,True,0.5642314091435185,"(np.float64(149.0), np.float64(150.0), np.float64(152.0))",5650,"(np.float64(1.3798657718120806), np.float64(1.3066666666666666), np.float64(1.2296052631578949))",False,False,11710,0,16.622818584258546,711,training_set\images\image_00711.jpg,7038,118.0,1.6213262535728838,PASS
12.221093297409729,True,0.5642314091435185,"(np.float64(150.0), np.float64(151.0), np.float64(154.0))",5650,"(np.float64(1.3706666666666667), np.float64(1.2980132450331126), np.float64(1.2136363636363636))",False,False,11710,0,17.506672235936534,712,training_set\images\image_00712.jpg,7038,118.0,2.9431823984249936,PASS
11.074216049447891,True,0.5642314091435185,"(np.float64(150.0), np.float64(150.0), np.float64(152.0))",5650,"(np.float64(1.3706666666666667), np.float64(1.3066666666666666), np.float64(1.2296052631578949))",False,False,11710,0,14.698861885225067,713,training_set\images\image_00713.jpg,7038,118.0,1.7509415176443677,PASS
11.828869039091684,True,0.5642314091435185,"(np.float64(150.0), np.float64(150.0), np.float64(153.0))",5650,"(np.float64(1.3706666666666667), np.float64(1.3066666666666666), np.float64(1.2215686274509805))",False,False,11710,0,17.182905138985205,714,training_set\images\image_00714.jpg,7038,118.0,1.5398808293498114,PASS
12.214950170562775,True,0.5642314091435185,"(np.float64(151.0), np.float64(151.0), np.float64(154.0))",5650,"(np.float64(1.36158940397351), np.float64(1.2980132450331126), np.float64(1.2136363636363636))",False,False,11710,133,52.5768540054596,715,training_set\images\image_00715.jpg,7038,118.0,3.212040194838282,PASS
12.521205294149585,True,0.5642314091435185,"(np.float64(149.0), np.float64(150.0), np.float64(152.0))",5650,"(np.float64(1.3798657718120806), np.float64(1.3066666666666666), np.float64(1.2296052631578949))",False,False,11710,132,52.7198156842465,716,training_set\images\image_00716.jpg,7038,118.0,2.822461615874938,PASS
12.896827032366652,True,0.5642314091435185,"(np.float64(148.0), np.float64(148.0), np.float64(148.0))",5650,"(np.float64(1.3891891891891892), np.float64(1.3243243243243243), np.float64(1.262837837837838))",False,False,11710,0,18.09984305673696,717,training_set\images\image_00717.jpg,7038,118.0,1.971942348747605,PASS
11.227566690643261,True,0.5642314091435185,"(np.float64(147.0), np.float64(147.0), np.float64(147.0))",5650,"(np.float64(1.398639455782313), np.float64(1.3333333333333333), np.float64(1.2714285714285716))",False,False,11710,0,14.553709206181853,718,training_set\images\image_00718.jpg,7038,118.0,2.586991514837888,PASS
18.529532402526133,True,0.5642314091435185,"(np.float64(146.0), np.float64(146.0), np.float64(147.0))",5650,"(np.float64(1.4082191780821918), np.float64(1.3424657534246576), np.float64(1.2714285714285716))",False,False,11710,331,57.20126410036155,719,training_set\images\image_00719.jpg,7038,118.0,2.054821087295139,PASS
14.49804159112699,True,0.5642314091435185,"(np.float64(145.0), np.float64(145.0), np.float64(146.0))",5650,"(np.float64(1.4179310344827585), np.float64(1.3517241379310345), np.float64(1.2801369863013699))",False,False,11710,26,40.033937708535504,720,training_set\images\image_00720.jpg,7038,118.0,4.08954845646329,PASS
18.245556310779538,True,0.5642314091435185,"(np.float64(146.0), np.float64(147.0), np.float64(152.0))",5650,"(np.float64(1.4082191780821918), np.float64(1.3333333333333333), np.float64(1.2296052631578949))",False,False,11710,281,56.32267454725708,721,training_set\images\image_00721.jpg,7038,118.0,1.636756542388615,PASS
12.321290764550513,True,0.5642314091435185,"(np.float64(149.0), np.float64(149.0), np.float64(150.0))",5650,"(np.float64(1.3798657718120806), np.float64(1.3154362416107384), np.float64(1.246))",False,False,11710,0,16.119562748980833,722,training_set\images\image_00722.jpg,7038,118.0,1.5917072605716067,PASS
15.547750948763463,True,0.5642314091435185,"(np.float64(147.0), np.float64(147.0), np.float64(149.0))",5650,"(np.float64(1.398639455782313), np.float64(1.3333333333333333), np.float64(1.2543624161073825))",False,False,11710,45,53.10007260611187,723,training_set\images\image_00723.jpg,7038,118.0,3.604823579121601,PASS
11.83603648451917,True,0.5642314091435185,"(np.float64(146.0), np.float64(146.0), np.float64(147.0))",5650,"(np.float64(1.4082191780821918), np.float64(1.3424657534246576), np.float64(1.2714285714285716))",False,False,11710,0,15.536248345634567,724,training_set\images\image_00724.jpg,7038,118.0,2.2842591387534767,PASS
14.328945132654976,True,0.5642314091435185,"(np.float64(151.0), np.float64(152.0), np.float64(154.0))",5650,"(np.float64(1.36158940397351), np.float64(1.2894736842105263), np.float64(1.2136363636363636))",False,False,11710,121,53.03312875454637,725,training_set\images\image_00725.jpg,7038,118.0,1.6259887871722298,PASS
11.25448095626523,True,0.5642314091435185,"(np.float64(146.0), np.float64(144.0), np.float64(144.0))",5650,"(np.float64(1.4082191780821918), np.float64(1.3611111111111112), np.float64(1.2979166666666666))",False,False,11710,0,14.983355921560035,726,training_set\images\image_00726.jpg,7038,118.0,2.307922439761644,PASS
11.681374335111819,True,0.5642314091435185,"(np.float64(147.0), np.float64(147.0), np.float64(150.0))",5650,"(np.float64(1.398639455782313), np.float64(1.3333333333333333), np.float64(1.246))",False,False,11710,0,15.167844591200296,727,training_set\images\image_00727.jpg,7038,118.0,1.5039080419859796,PASS
11.955771136774729,True,0.5642314091435185,"(np.float64(147.0), np.float64(147.0), np.float64(147.0))",5650,"(np.float64(1.398639455782313), np.float64(1.3333333333333333), np.float64(1.2714285714285716))",False,False,11710,0,14.999594304074385,728,training_set\images\image_00728.jpg,7038,118.0,3.304196056194749,PASS
12.605087876412622,True,0.5642314091435185,"(np.float64(149.0), np.float64(150.0), np.float64(153.0))",5650,"(np.float64(1.3798657718120806), np.float64(1.3066666666666666), np.float64(1.2215686274509805))",False,False,11710,0,16.04918406912033,729,training_set\images\image_00729.jpg,7038,118.0,1.083288153573039,PASS
12.211829413730817,True,0.5642314091435185,"(np.float64(148.0), np.float64(149.0), np.float64(153.0))",5650,"(np.float64(1.3891891891891892), np.float64(1.3154362416107384), np.float64(1.2215686274509805))",False,False,11710,0,16.151964384484398,730,training_set\images\image_00730.jpg,7038,118.0,1.5944489666740904,PASS
13.126229700131136,True,0.5642314091435185,"(np.float64(147.0), np.float64(147.0), np.float64(149.0))",5650,"(np.float64(1.398639455782313), np.float64(1.3333333333333333), np.float64(1.2543624161073825))",False,False,11710,128,52.63967965223256,731,training_set\images\image_00731.jpg,7038,118.0,2.2583832347803927,PASS
12.69429677540416,True,0.5642314091435185,"(np.float64(177.0), np.float64(154.0), np.float64(121.0))",5650,"(np.float64(1.1615819209039548), np.float64(1.2727272727272727), np.float64(1.5446280991735537))",False,False,11710,0,16.51201696915552,732,training_set\images\image_00732.jpg,7038,118.0,2.078897438698663,PASS
9.572899170665488,True,0.4214867862654321,"(np.float64(153.0), np.float64(156.0), np.float64(161.0))",12800,"(np.float64(1.3437908496732025), np.float64(1.2564102564102564), np.float64(1.1608695652173913))",False,False,8755,0,14.932352958254418,735,training_set\images\image_00735.jpg,6024,119.0,2.6630320827215868,FAIL
15.323369723822953,True,0.4214867862654321,"(np.float64(151.0), np.float64(153.0), np.float64(159.0))",12800,"(np.float64(1.36158940397351), np.float64(1.2810457516339868), np.float64(1.1754716981132076))",False,False,8755,18,34.49008959410897,737,training_set\images\image_00737.jpg,6024,119.0,2.072824681309189,PASS
13.691194021469897,True,0.4214867862654321,"(np.float64(153.0), np.float64(155.0), np.float64(162.0))",12800,"(np.float64(1.3437908496732025), np.float64(1.264516129032258), np.float64(1.1537037037037037))",False,False,8755,26,45.348717648638754,738,training_set\images\image_00738.jpg,6024,119.0,2.280777055641292,PASS
14.073660753898967,True,0.4214867862654321,"(np.float64(152.0), np.float64(154.0), np.float64(158.0))",12800,"(np.float64(1.3526315789473684), np.float64(1.2727272727272727), np.float64(1.1829113924050634))",False,False,8755,16,36.278241837064165,739,training_set\images\image_00739.jpg,6024,119.0,2.401731469092319,PASS
11.156679214580963,True,0.4214867862654321,"(np.float64(153.0), np.float64(156.0), np.float64(162.0))",12800,"(np.float64(1.3437908496732025), np.float64(1.2564102564102564), np.float64(1.1537037037037037))",False,False,8755,0,20.495804238016632,740,training_set\images\image_00740.jpg,6024,119.0,1.338232746292676,PASS
10.112922133581941,True,0.4214867862654321,"(np.float64(152.0), np.float64(153.0), np.float64(156.0))",12800,"(np.float64(1.3526315789473684), np.float64(1.2810457516339868), np.float64(1.198076923076923))",False,False,8755,0,15.392028193986258,741,training_set\images\image_00741.jpg,6024,119.0,1.611392583059295,PASS
15.134163257061218,True,0.4214867862654321,"(np.float64(151.0), np.float64(152.0), np.float64(155.0))",12800,"(np.float64(1.36158940397351), np.float64(1.2894736842105263), np.float64(1.2058064516129032))",False,False,8755,20,34.11603606963175,742,training_set\images\image_00742.jpg,6024,119.0,2.065659608593682,PASS
10.786832909853835,True,0.4214867862654321,"(np.float64(148.0), np.float64(149.0), np.float64(152.0))",12800,"(np.float64(1.3891891891891892), np.float64(1.3154362416107384), np.float64(1.2296052631578949))",False,False,8755,0,13.698720333944241,743,training_set\images\image_00743.jpg,6024,119.0,3.1176490964380146,PASS
9.800484462516755,True,0.4214867862654321,"(np.float64(147.0), np.float64(149.0), np.float64(153.0))",12800,"(np.float64(1.398639455782313), np.float64(1.3154362416107384), np.float64(1.2215686274509805))",False,False,8755,0,16.978785859523043,744,training_set\images\image_00744.jpg,6024,119.0,2.6858903174210864,PASS
16.965777971741613,True,0.4214867862654321,"(np.float64(147.0), np.float64(149.0), np.float64(153.0))",12800,"(np.float64(1.398639455782313), np.float64(1.3154362416107384), np.float64(1.2215686274509805))",False,False,8755,58,37.07897709384077,745,training_set\images\image_00745.jpg,6024,119.0,2.6698652572888024,PASS
11.897134821711365,True,0.4214867862654321,"(np.float64(145.0), np.float64(146.5), np.float64(152.0))",12800,"(np.float64(1.4179310344827585), np.float64(1.3378839590443685), np.float64(1.2296052631578949))",False,False,8755,0,18.270004115281044,746,training_set\images\image_00746.jpg,6024,119.0,2.9045228731805026,PASS
10.80824487926394,True,0.4214867862654321,"(np.float64(146.0), np.float64(149.0), np.float64(152.0))",12800,"(np.float64(1.4082191780821918), np.float64(1.3154362416107384), np.float64(1.2296052631578949))",False,False,8755,0,23.738988173544296,747,training_set\images\image_00747.jpg,6024,119.0,2.6176137499480983,PASS
13.89169702741685,True,0.4214867862654321,"(np.float64(150.0), np.float64(154.0), np.float64(161.0))",12800,"(np.float64(1.3706666666666667), np.float64(1.2727272727272727), np.float64(1.1608695652173913))",False,False,8755,0,15.919453419019533,748,training_set\images\image_00748.jpg,6024,119.0,1.780475413257811,PASS
13.89169702741701,True,0.4214867862654321,"(np.float64(150.0), np.float64(152.0), np.float64(158.0))",12800,"(np.float64(1.3706666666666667), np.float64(1.2894736842105263), np.float64(1.1829113924050634))",False,False,8755,0,17.98158969282344,749,training_set\images\image_00749.jpg,6024,119.0,2.693538996998764,PASS
21.09409870237267,True,0.4214867862654321,"(np.float64(151.0), np.float64(154.0), np.float64(159.0))",12800,"(np.float64(1.36158940397351), np.float64(1.2727272727272727), np.float64(1.1754716981132076))",False,False,8755,282,40.65139985054537,750,training_set\images\image_00750.jpg,6024,119.0,2.2201794514765325,PASS
13.891697027416898,True,0.4214867862654321,"(np.float64(150.0), np.float64(152.0), np.float64(156.0))",12800,"(np.float64(1.3706666666666667), np.float64(1.2894736842105263), np.float64(1.198076923076923))",False,False,8755,0,18.20630357880818,751,training_set\images\image_00751.jpg,6024,119.0,1.737403126091298,PASS
8.868440617383383,True,0.4214867862654321,"(np.float64(151.0), np.float64(152.0), np.float64(156.0))",12800,"(np.float64(1.36158940397351), np.float64(1.2894736842105263), np.float64(1.198076923076923))",False,False,8755,0,17.96747504799513,752,training_set\images\image_00752.jpg,6024,119.0,2.2251938776930014,PASS
8.635526004476944,True,0.4214867862654321,"(np.float64(151.0), np.float64(153.0), np.float64(157.0))",12800,"(np.float64(1.36158940397351), np.float64(1.2810457516339868), np.float64(1.1904458598726115))",False,False,8755,0,11.738698592317123,753,training_set\images\image_00753.jpg,6024,119.0,2.1691575733075004,PASS
9.058877510067088,True,0.4214867862654321,"(np.float64(151.0), np.float64(152.0), np.float64(154.0))",12800,"(np.float64(1.36158940397351), np.float64(1.2894736842105263), np.float64(1.2136363636363636))",False,False,8755,0,9.671912597200429,754,training_set\images\image_00754.jpg,6024,119.0,2.839037403686912,PASS
14.015523391627024,True,0.6222890142746914,"(np.float64(150.0), np.float64(151.0), np.float64(154.0))",12800,"(np.float64(1.3706666666666667), np.float64(1.2980132450331126), np.float64(1.2136363636363636))",False,False,12878,1,25.168449661736087,756,training_set\images\image_00756.jpg,6038,119.0,2.6757905152503745,FAIL
13.363929932140305,True,0.6222890142746914,"(np.float64(150.0), np.float64(152.0), np.float64(155.0))",12800,"(np.float64(1.3706666666666667), np.float64(1.2894736842105263), np.float64(1.2058064516129032))",False,False,12878,0,21.584084026250338,757,training_set\images\image_00757.jpg,6038,119.0,3.380018782277237,FAIL
14.240653670734536,True,0.6222890142746914,"(np.float64(154.0), np.float64(156.0), np.float64(161.0))",12800,"(np.float64(1.335064935064935), np.float64(1.2564102564102564), np.float64(1.1608695652173913))",False,False,12878,4,29.62388981171949,758,training_set\images\image_00758.jpg,6038,119.0,2.318064599522554,PASS
14.291273284215299,True,0.6222890142746914,"(np.float64(150.0), np.float64(151.0), np.float64(155.0))",12800,"(np.float64(1.3706666666666667), np.float64(1.2980132450331126), np.float64(1.2058064516129032))",False,False,12878,12,35.77365287320974,759,training_set\images\image_00759.jpg,6038,119.0,1.357947593224689,PASS
13.780802311089666,True,0.6222890142746914,"(np.float64(151.0), np.float64(155.0), np.float64(161.0))",12800,"(np.float64(1.36158940397351), np.float64(1.264516129032258), np.float64(1.1608695652173913))",False,False,12878,27,39.60691128219059,760,training_set\images\image_00760.jpg,6038,119.0,0.9977265902815255,PASS
15.77166324164974,True,0.6222890142746914,"(np.float64(153.0), np.float64(153.0), np.float64(151.0))",12800,"(np.float64(1.3437908496732025), np.float64(1.2810457516339868), np.float64(1.237748344370861))",False,False,12878,10,36.13265371198935,761,training_set\images\image_00761.jpg,6038,119.0,1.923629893196187,PASS
16.474733938265782,True,0.6222890142746914,"(np.float64(150.0), np.float64(151.0), np.float64(153.0))",12800,"(np.float64(1.3706666666666667), np.float64(1.2980132450331126), np.float64(1.2215686274509805))",False,False,12878,30,38.858970227546116,762,training_set\images\image_00762.jpg,6038,119.0,1.7992658684925682,PASS
14.789543515253074,True,0.6222890142746914,"(np.float64(149.0), np.float64(151.0), np.float64(154.0))",12800,"(np.float64(1.3798657718120806), np.float64(1.2980132450331126), np.float64(1.2136363636363636))",False,False,12878,24,38.3996966396712,763,training_set\images\image_00763.jpg,6038,119.0,1.9098795203723904,PASS
15.708731955677502,True,0.6222890142746914,"(np.float64(150.0), np.float64(151.0), np.float64(155.0))",12800,"(np.float64(1.3706666666666667), np.float64(1.2980132450331126), np.float64(1.2058064516129032))",False,False,12878,31,39.295972748534005,764,training_set\images\image_00764.jpg,6038,119.0,2.8586093752949018,PASS
15.783862815812963,True,0.6222890142746914,"(np.float64(150.0), np.float64(151.0), np.float64(155.0))",12800,"(np.float64(1.3706666666666667), np.float64(1.2980132450331126), np.float64(1.2058064516129032))",False,False,12878,24,39.34695367542277,765,training_set\images\image_00765.jpg,6038,119.0,2.369661164862215,PASS
15.583166172781532,True,0.6222890142746914,"(np.float64(151.0), np.float64(153.0), np.float64(155.0))",12800,"(np.float64(1.36158940397351), np.float64(1.2810457516339868), np.float64(1.2058064516129032))",False,False,12878,26,39.42454772675497,766,training_set\images\image_00766.jpg,6038,119.0,2.2178641331368736,PASS
15.163644635954515,True,0.6222890142746914,"(np.float64(150.0), np.float64(152.0), np.float64(155.0))",12800,"(np.float64(1.3706666666666667), np.float64(1.2894736842105263), np.float64(1.2058064516129032))",False,False,12878,5,32.65356583331202,767,training_set\images\image_00767.jpg,6038,119.0,2.895299322470355,PASS
12.948744086378456,True,0.6222890142746914,"(np.float64(153.0), np.float64(155.0), np.float64(160.0))",12800,"(np.float64(1.3437908496732025), np.float64(1.264516129032258), np.float64(1.168125))",False,False,12878,0,17.11811645152407,768,training_set\images\image_00768.jpg,6038,119.0,2.6763867769336325,PASS
15.321677156001606,True,0.6222890142746914,"(np.float64(153.0), np.float64(152.0), np.float64(153.0))",12800,"(np.float64(1.3437908496732025), np.float64(1.2894736842105263), np.float64(1.2215686274509805))",False,False,12878,3,28.3924089262524,769,training_set\images\image_00769.jpg,6038,119.0,2.484842193809784,PASS
15.277298848167746,True,0.6222890142746914,"(np.float64(151.0), np.float64(152.0), np.float64(155.0))",12800,"(np.float64(1.36158940397351), np.float64(1.2894736842105263), np.float64(1.2058064516129032))",False,False,12878,6,32.42261946006735,770,training_set\images\image_00770.jpg,6038,119.0,2.589753189958744,PASS
15.303855027383648,True,0.6222890142746914,"(np.float64(150.5), np.float64(152.0), np.float64(155.0))",12800,"(np.float64(1.3661129568106312), np.float64(1.2894736842105263), np.float64(1.2058064516129032))",False,False,12878,5,28.21864989261363,771,training_set\images\image_00771.jpg,6038,119.0,2.2838024475558587,PASS
15.441936632740852,True,0.6222890142746914,"(np.float64(150.0), np.float64(151.0), np.float64(154.0))",12800,"(np.float64(1.3706666666666667), np.float64(1.2980132450331126), np.float64(1.2136363636363636))",False,False,12878,6,34.05759434663301,772,training_set\images\image_00772.jpg,6038,119.0,2.700835020039889,PASS
17.053279363822828,True,0.6222890142746914,"(np.float64(151.0), np.float64(149.0), np.float64(148.5))",12800,"(np.float64(1.36158940397351), np.float64(1.3154362416107384), np.float64(1.2585858585858587))",False,False,12878,11,36.54217909159116,773,training_set\images\image_00773.jpg,6038,119.0,2.394970446844624,PASS
14.047467104403541,True,0.4214867862654321,"(np.float64(140.0), np.float64(144.5), np.float64(162.5))",12800,"(np.float64(1.4685714285714286), np.float64(1.356401384083045), np.float64(1.150153846153846))",False,False,8755,4,27.47785448841509,775,training_set\images\image_00775.jpg,6024,120.0,1.8926520081429763,PASS
14.017616080136985,True,0.4214867862654321,"(np.float64(146.0), np.float64(149.0), np.float64(151.5))",12800,"(np.float64(1.4082191780821918), np.float64(1.3154362416107384), np.float64(1.2336633663366336))",False,False,8755,4,27.884010509589245,776,training_set\images\image_00776.jpg,6024,120.0,2.0219950963706403,PASS
13.406400206012986,True,0.4214867862654321,"(np.float64(145.0), np.float64(147.0), np.float64(149.5))",12800,"(np.float64(1.4179310344827585), np.float64(1.3333333333333333), np.float64(1.2501672240802677))",False,False,8755,0,14.055252317530053,777,training_set\images\image_00777.jpg,6024,120.0,2.0434135886608686,PASS
14.35188403535504,True,0.4214867862654321,"(np.float64(144.0), np.float64(146.0), np.float64(150.0))",12800,"(np.float64(1.4277777777777778), np.float64(1.3424657534246576), np.float64(1.246))",False,False,8755,6,30.485616580798535,778,training_set\images\image_00778.jpg,6024,120.0,2.4917508172011926,PASS
12.861523505543525,True,0.4214867862654321,"(np.float64(144.0), np.float64(148.0), np.float64(153.5))",12800,"(np.float64(1.4277777777777778), np.float64(1.3243243243243243), np.float64(1.2175895765472313))",False,False,8755,2,25.238523237906303,779,training_set\images\image_00779.jpg,6024,120.0,2.3902991608480897,PASS
11.273875563633933,True,0.4214867862654321,"(np.float64(150.0), np.float64(153.0), np.float64(156.5))",12800,"(np.float64(1.3706666666666667), np.float64(1.2810457516339868), np.float64(1.1942492012779553))",False,False,8755,0,24.432491069683852,780,training_set\images\image_00780.jpg,6024,120.0,2.7574300673615024,PASS
11.729125044960117,True,0.4214867862654321,"(np.float64(152.5), np.float64(154.0), np.float64(157.5))",12800,"(np.float64(1.3481967213114754), np.float64(1.2727272727272727), np.float64(1.1866666666666668))",False,False,8755,0,20.91868375926996,781,training_set\images\image_00781.jpg,6024,120.0,1.937597094422008,PASS
11.487638788287114,True,0.4214867862654321,"(np.float64(152.0), np.float64(152.0), np.float64(153.0))",12800,"(np.float64(1.3526315789473684), np.float64(1.2894736842105263), np.float64(1.2215686274509805))",False,False,8755,6,30.572536967124183,782,training_set\images\image_00782.jpg,6024,120.0,2.1352260919757096,PASS
13.483678853165443,True,0.4214867862654321,"(np.float64(150.0), np.float64(151.5), np.float64(156.0))",12800,"(np.float64(1.3706666666666667), np.float64(1.2937293729372936), np.float64(1.198076923076923))",False,False,8755,12,39.95760371572788,783,training_set\images\image_00783.jpg,6024,120.0,2.9288558377661125,PASS
10.924211989298918,True,0.4214867862654321,"(np.float64(151.0), np.float64(153.0), np.float64(158.0))",12800,"(np.float64(1.36158940397351), np.float64(1.2810457516339868), np.float64(1.1829113924050634))",False,False,8755,2,25.676906871948606,784,training_set\images\image_00784.jpg,6024,120.0,1.1688080671308196,PASS
14.993861102138338,True,0.4214867862654321,"(np.float64(150.0), np.float64(150.0), np.float64(150.5))",12800,"(np.float64(1.3706666666666667), np.float64(1.3066666666666666), np.float64(1.241860465116279))",False,False,8755,10,33.40880435067281,785,training_set\images\image_00785.jpg,6024,120.0,2.678951642086476,PASS
10.752496736403192,True,0.4214867862654321,"(np.float64(149.0), np.float64(150.0), np.float64(151.5))",12800,"(np.float64(1.3798657718120806), np.float64(1.3066666666666666), np.float64(1.2336633663366336))",False,False,8755,0,22.817404750471944,786,training_set\images\image_00786.jpg,6024,120.0,3.03186591774294,PASS
14.01697549852095,True,0.4214867862654321,"(np.float64(151.0), np.float64(152.5), np.float64(154.0))",12800,"(np.float64(1.36158940397351), np.float64(1.2852459016393443), np.float64(1.2136363636363636))",False,False,8755,28,42.6434826989509,787,training_set\images\image_00787.jpg,6024,120.0,3.351254898415239,PASS
12.397410624529861,True,0.4214867862654321,"(np.float64(151.5), np.float64(152.0), np.float64(155.0))",12800,"(np.float64(1.357095709570957), np.float64(1.2894736842105263), np.float64(1.2058064516129032))",False,False,8755,16,38.672688387876754,788,training_set\images\image_00788.jpg,6024,120.0,1.8754637350045995,PASS
12.01598304001395,True,0.4214867862654321,"(np.float64(149.0), np.float64(151.0), np.float64(154.0))",12800,"(np.float64(1.3798657718120806), np.float64(1.2980132450331126), np.float64(1.2136363636363636))",False,False,8755,16,41.4433692307133,789,training_set\images\image_00789.jpg,6024,120.0,3.8667259579351247,PASS
10.95162123446311,True,0.4214867862654321,"(np.float64(149.0), np.float64(150.0), np.float64(155.0))",12800,"(np.float64(1.3798657718120806), np.float64(1.3066666666666666), np.float64(1.2058064516129032))",False,False,8755,6,34.30897621556667,790,training_set\images\image_00790.jpg,6024,120.0,1.8903144057192005,PASS
10.791261900380162,True,0.4214867862654321,"(np.float64(149.0), np.float64(149.5), np.float64(151.5))",12800,"(np.float64(1.3798657718120806), np.float64(1.3110367892976589), np.float64(1.2336633663366336))",False,False,8755,6,34.226438556992846,791,training_set\images\image_00791.jpg,6024,120.0,3.832516296527064,PASS
10.583923679661558,True,0.4214867862654321,"(np.float64(148.0), np.float64(150.0), np.float64(152.5))",12800,"(np.float64(1.3891891891891892), np.float64(1.3066666666666666), np.float64(1.2255737704918033))",False,False,8755,0,19.64462003076059,792,training_set\images\image_00792.jpg,6024,120.0,2.328396025865445,PASS
13.458318539915187,True,0.4214867862654321,"(np.float64(151.5), np.float64(153.0), np.float64(155.0))",12800,"(np.float64(1.357095709570957), np.float64(1.2810457516339868), np.float64(1.2058064516129032))",False,False,8755,12,35.86068523977755,793,training_set\images\image_00793.jpg,6024,120.0,2.887328097179041,PASS
12.489764128870533,True,0.4214867862654321,"(np.float64(148.0), np.float64(148.5), np.float64(151.5))",12800,"(np.float64(1.3891891891891892), np.float64(1.3198653198653199), np.float64(1.2336633663366336))",False,False,8755,11,32.83505414222808,794,training_set\images\image_00794.jpg,6024,120.0,2.733191513774553,PASS
14.793431620274111,True,0.4214867862654321,"(np.float64(149.5), np.float64(152.5), np.float64(154.5))",12800,"(np.float64(1.3752508361204012), np.float64(1.2852459016393443), np.float64(1.2097087378640776))",False,False,8755,15,41.360180756153625,795,training_set\images\image_00795.jpg,6024,120.0,1.8630367370962315,PASS
14.796285279248435,True,0.6222890142746914,"(np.float64(151.0), np.float64(153.0), np.float64(154.0))",12800,"(np.float64(1.36158940397351), np.float64(1.2810457516339868), np.float64(1.2136363636363636))",False,False,12878,1,25.06629192836582,796,training_set\images\image_00796.jpg,6038,120.0,2.5876503686515333,PASS
13.811081369676522,True,0.6222890142746914,"(np.float64(151.0), np.float64(152.0), np.float64(154.5))",12800,"(np.float64(1.36158940397351), np.float64(1.2894736842105263), np.float64(1.2097087378640776))",False,False,12878,0,17.485978994030525,797,training_set\images\image_00797.jpg,6038,120.0,1.9139928616426176,PASS
15.379914206558599,True,0.6222890142746914,"(np.float64(149.0), np.float64(150.5), np.float64(153.0))",12800,"(np.float64(1.3798657718120806), np.float64(1.302325581395349), np.float64(1.2215686274509805))",False,False,12878,0,23.242553745632602,802,training_set\images\image_00802.jpg,6038,120.0,2.40534950746528,PASS
15.116745916827458,True,0.6222890142746914,"(np.float64(146.5), np.float64(148.0), np.float64(151.0))",12800,"(np.float64(1.4034129692832764), np.float64(1.3243243243243243), np.float64(1.237748344370861))",False,False,12878,0,23.915665524769977,803,training_set\images\image_00803.jpg,6038,120.0,2.5988171356776912,PASS
15.072928736734095,True,0.6222890142746914,"(np.float64(148.0), np.float64(150.0), np.float64(154.5))",12800,"(np.float64(1.3891891891891892), np.float64(1.3066666666666666), np.float64(1.2097087378640776))",False,False,12878,6,30.787569915293115,804,training_set\images\image_00804.jpg,6038,120.0,2.9592797846923533,PASS
15.54829822588363,True,0.6222890142746914,"(np.float64(151.0), np.float64(152.0), np.float64(153.5))",12800,"(np.float64(1.36158940397351), np.float64(1.2894736842105263), np.float64(1.2175895765472313))",False,False,12878,5,34.06125179584234,805,training_set\images\image_00805.jpg,6038,120.0,2.786350798915437,PASS
15.830147281664624,True,0.6222890142746914,"(np.float64(152.0), np.float64(153.5), np.float64(156.0))",12800,"(np.float64(1.3526315789473684), np.float64(1.276872964169381), np.float64(1.198076923076923))",False,False,12878,4,30.312588818851236,806,training_set\images\image_00806.jpg,6038,120.0,2.8614703969816246,PASS
14.614156165503534,True,0.6222890142746914,"(np.float64(150.0), np.float64(151.0), np.float64(153.0))",12800,"(np.float64(1.3706666666666667), np.float64(1.2980132450331126), np.float64(1.2215686274509805))",False,False,12878,0,23.96861499244932,807,training_set\images\image_00807.jpg,6038,120.0,2.264408345159907,PASS
14.425757402723045,True,0.6222890142746914,"(np.float64(149.0), np.float64(151.0), np.float64(153.0))",12800,"(np.float64(1.3798657718120806), np.float64(1.2980132450331126), np.float64(1.2215686274509805))",False,False,12878,1,26.070031910358626,808,training_set\images\image_00808.jpg,6038,120.0,3.0807636116267414,PASS
14.708019855364029,True,0.6222890142746914,"(np.float64(153.0), np.float64(154.0), np.float64(157.0))",12800,"(np.float64(1.3437908496732025), np.float64(1.2727272727272727), np.float64(1.1904458598726115))",False,False,12878,49,43.20482272731637,809,training_set\images\image_00809.jpg,6038,120.0,2.957127617563942,PASS
13.698614906003433,True,0.6222890142746914,"(np.float64(151.0), np.float64(151.0), np.float64(153.0))",12800,"(np.float64(1.36158940397351), np.float64(1.2980132450331126), np.float64(1.2215686274509805))",False,False,12878,0,18.289795596458372,810,training_set\images\image_00810.jpg,6038,120.0,2.2394449578141886,PASS
14.395508608442208,True,0.6222890142746914,"(np.float64(152.0), np.float64(153.0), np.float64(156.0))",12800,"(np.float64(1.3526315789473684), np.float64(1.2810457516339868), np.float64(1.198076923076923))",False,False,12878,0,21.256869885589083,811,training_set\images\image_00811.jpg,6038,120.0,3.075261354298666,PASS
14.786715613643956,True,0.6222890142746914,"(np.float64(151.0), np.float64(153.0), np.float64(159.5))",12800,"(np.float64(1.36158940397351), np.float64(1.2810457516339868), np.float64(1.1717868338557995))",False,False,12878,8,29.640591345586753,812,training_set\images\image_00812.jpg,6038,120.0,1.853223065484796,PASS
13.805425356544822,True,0.6222890142746914,"(np.float64(161.0), np.float64(163.0), np.float64(166.0))",12800,"(np.float64(1.2770186335403726), np.float64(1.2024539877300613), np.float64(1.1259036144578314))",False,False,12878,0,21.31043915061155,813,training_set\images\image_00813.jpg,6038,120.0,8.26170335718426,PASS
13.916292248634115,True,0.6222890142746914,"(np.float64(156.0), np.float64(157.0), np.float64(158.0))",12800,"(np.float64(1.317948717948718), np.float64(1.2484076433121019), np.float64(1.1829113924050634))",False,False,12878,0,21.68095872427407,814,training_set\images\image_00814.jpg,6038,120.0,2.6711827407900266,PASS
13.85114975889177,True,0.6222890142746914,"(np.float64(153.0), np.float64(155.0), np.float64(156.0))",12800,"(np.float64(1.3437908496732025), np.float64(1.264516129032258), np.float64(1.198076923076923))",False,False,12878,2,27.363218658260134,815,training_set\images\image_00815.jpg,6038,120.0,2.7912898606810885,PASS
15.253300432308684,True,0.6222890142746914,"(np.float64(155.5), np.float64(157.0), np.float64(160.0))",12800,"(np.float64(1.322186495176849), np.float64(1.2484076433121019), np.float64(1.168125))",False,False,12878,31,35.51798304337196,816,training_set\images\image_00816.jpg,6038,120.0,2.418397787631115,PASS
13.341849749638815,True,0.6222890142746914,"(np.float64(155.5), np.float64(155.5), np.float64(159.0))",12800,"(np.float64(1.322186495176849), np.float64(1.2604501607717042), np.float64(1.1754716981132076))",False,False,12878,0,18.620633525964053,817,training_set\images\image_00817.jpg,6038,120.0,3.4849914353455143,PASS
19.587319999547567,True,0.382813102816358,"(np.float64(152.0), np.float64(155.0), np.float64(159.5))",12800,"(np.float64(1.3526315789473684), np.float64(1.264516129032258), np.float64(1.1717868338557995))",False,False,7969,39,37.37428715061068,821,training_set\images\image_00821.jpg,7024,121.0,2.7669011260273866,PASS
14.570717069084468,True,0.382813102816358,"(np.float64(152.0), np.float64(153.0), np.float64(158.0))",12800,"(np.float64(1.3526315789473684), np.float64(1.2810457516339868), np.float64(1.1829113924050634))",False,False,7969,0,22.22895799905552,822,training_set\images\image_00822.jpg,7024,121.0,4.680241040566491,PASS
14.036298432580049,True,0.382813102816358,"(np.float64(149.0), np.float64(153.0), np.float64(158.5))",12800,"(np.float64(1.3798657718120806), np.float64(1.2810457516339868), np.float64(1.179179810725552))",False,False,7969,0,14.881814924580388,823,training_set\images\image_00823.jpg,7024,121.0,1.111131866889569,PASS
17.024393457401374,True,0.382813102816358,"(np.float64(151.0), np.float64(153.0), np.float64(159.0))",12800,"(np.float64(1.36158940397351), np.float64(1.2810457516339868), np.float64(1.1754716981132076))",False,False,7969,8,38.92390726197713,824,training_set\images\image_00824.jpg,7024,121.0,1.7560533798442264,PASS
14.51811206036669,True,0.382813102816358,"(np.float64(152.0), np.float64(154.0), np.float64(158.0))",12800,"(np.float64(1.3526315789473684), np.float64(1.2727272727272727), np.float64(1.1829113924050634))",False,False,7969,6,34.94272089017216,825,training_set\images\image_00825.jpg,7024,121.0,3.127510336395229,PASS
14.428984871788142,True,0.382813102816358,"(np.float64(154.0), np.float64(157.0), np.float64(160.0))",12800,"(np.float64(1.335064935064935), np.float64(1.2484076433121019), np.float64(1.168125))",False,False,7969,9,36.253366670663546,826,training_set\images\image_00826.jpg,7024,121.0,3.0453783189420767,PASS
14.243870002636838,True,0.382813102816358,"(np.float64(154.0), np.float64(156.5), np.float64(161.0))",12800,"(np.float64(1.335064935064935), np.float64(1.2523961661341854), np.float64(1.1608695652173913))",False,False,7969,54,46.20382644267317,827,training_set\images\image_00827.jpg,7024,121.0,3.508188831769707,PASS
14.352203392357492,True,0.382813102816358,"(np.float64(153.0), np.float64(156.0), np.float64(160.0))",12800,"(np.float64(1.3437908496732025), np.float64(1.2564102564102564), np.float64(1.168125))",False,False,7969,41,43.183042353787854,828,training_set\images\image_00828.jpg,7024,121.0,2.154330619541114,PASS
13.849686465319266,True,0.382813102816358,"(np.float64(152.0), np.float64(153.0), np.float64(156.0))",12800,"(np.float64(1.3526315789473684), np.float64(1.2810457516339868), np.float64(1.198076923076923))",False,False,7969,0,14.98263896538997,829,training_set\images\image_00829.jpg,7024,121.0,2.050847609134013,PASS
14.535090763425913,True,0.382813102816358,"(np.float64(152.0), np.float64(157.0), np.float64(164.0))",12800,"(np.float64(1.3526315789473684), np.float64(1.2484076433121019), np.float64(1.1396341463414634))",False,False,7969,72,47.27894824897092,830,training_set\images\image_00830.jpg,7024,121.0,3.5636384385916364,PASS
18.318603033166568,True,0.382813102816358,"(np.float64(151.0), np.float64(151.0), np.float64(150.0))",12800,"(np.float64(1.36158940397351), np.float64(1.2980132450331126), np.float64(1.246))",False,False,7969,67,45.25626394655175,831,training_set\images\image_00831.jpg,7024,121.0,2.634876746129496,PASS
15.422863895159269,True,0.382813102816358,"(np.float64(146.0), np.float64(147.0), np.float64(151.0))",12800,"(np.float64(1.4082191780821918), np.float64(1.3333333333333333), np.float64(1.237748344370861))",False,False,7969,75,44.96295035860411,832,training_set\images\image_00832.jpg,7024,121.0,2.1922019730444897,PASS
14.271937207838974,True,0.382813102816358,"(np.float64(146.0), np.float64(149.0), np.float64(154.0))",12800,"(np.float64(1.4082191780821918), np.float64(1.3154362416107384), np.float64(1.2136363636363636))",False,False,7969,44,42.12917750807825,833,training_set\images\image_00833.jpg,7024,121.0,3.0939444049770435,PASS
14.313508653344572,True,0.382813102816358,"(np.float64(145.0), np.float64(146.0), np.float64(150.0))",12800,"(np.float64(1.4179310344827585), np.float64(1.3424657534246576), np.float64(1.246))",False,False,7969,61,45.05219872687356,834,training_set\images\image_00834.jpg,7024,121.0,4.823022516807927,PASS
14.1880748743829,True,0.382813102816358,"(np.float64(144.0), np.float64(148.0), np.float64(154.0))",12800,"(np.float64(1.4277777777777778), np.float64(1.3243243243243243), np.float64(1.2136363636363636))",False,False,7969,63,45.49986401714994,835,training_set\images\image_00835.jpg,7024,121.0,1.609171762035443,PASS
16.68096448172621,True,0.382813102816358,"(np.float64(145.0), np.float64(146.0), np.float64(150.0))",12800,"(np.float64(1.4179310344827585), np.float64(1.3424657534246576), np.float64(1.246))",False,False,7969,76,43.19283341615277,836,training_set\images\image_00836.jpg,7024,121.0,2.996113982562042,PASS
13.886184069057457,True,0.382813102816358,"(np.float64(148.0), np.float64(151.0), np.float64(156.0))",12800,"(np.float64(1.3891891891891892), np.float64(1.2980132450331126), np.float64(1.198076923076923))",False,False,7969,0,14.796217766178941,837,training_set\images\image_00837.jpg,7024,121.0,1.0536239782809391,PASS
13.985775647489525,True,0.382813102816358,"(np.float64(148.0), np.float64(151.0), np.float64(155.0))",12800,"(np.float64(1.3891891891891892), np.float64(1.2980132450331126), np.float64(1.2058064516129032))",False,False,7969,0,16.8704484031031,838,training_set\images\image_00838.jpg,7024,121.0,3.344045849861563,PASS
14.093276328156332,True,0.382813102816358,"(np.float64(149.0), np.float64(151.0), np.float64(156.0))",12800,"(np.float64(1.3798657718120806), np.float64(1.2980132450331126), np.float64(1.198076923076923))",False,False,7969,0,15.604878578042307,839,training_set\images\image_00839.jpg,7024,121.0,3.2915860333210154,PASS
14.266625653650877,True,0.382813102816358,"(np.float64(147.0), np.float64(150.0), np.float64(155.0))",12800,"(np.float64(1.398639455782313), np.float64(1.3066666666666666), np.float64(1.2058064516129032))",False,False,7969,43,43.51612818566434,840,training_set\images\image_00840.jpg,7024,121.0,1.6087606977229565,PASS
14.484201924938532,True,0.382813102816358,"(np.float64(150.0), np.float64(152.0), np.float64(156.0))",12800,"(np.float64(1.3706666666666667), np.float64(1.2894736842105263), np.float64(1.198076923076923))",False,False,7969,35,42.25584435932644,841,training_set\images\image_00841.jpg,7024,121.0,4.014477830346433,PASS
15.438314832606784,True,0.382813102816358,"(np.float64(147.0), np.float64(150.0), np.float64(155.0))",12800,"(np.float64(1.398639455782313), np.float64(1.3066666666666666), np.float64(1.2058064516129032))",False,False,7969,5,32.23262577123047,842,training_set\images\image_00842.jpg,7024,121.0,2.205946873132197,PASS
16.521702553606826,True,0.382813102816358,"(np.float64(148.0), np.float64(150.0), np.float64(155.0))",12800,"(np.float64(1.3891891891891892), np.float64(1.3066666666666666), np.float64(1.2058064516129032))",False,False,7969,7,35.27522721276592,843,training_set\images\image_00843.jpg,7024,121.0,2.028458930287336,PASS
15.184331424958518,True,0.382813102816358,"(np.float64(175.0), np.float64(155.0), np.float64(125.0))",12800,"(np.float64(1.1748571428571428), np.float64(1.264516129032258), np.float64(1.4952))",False,False,7969,5,31.889201035491315,844,training_set\images\image_00844.jpg,7024,121.0,3.0532044816606634,PASS
14.526570508867133,True,0.382813102816358,"(np.float64(149.0), np.float64(151.0), np.float64(156.0))",12800,"(np.float64(1.3798657718120806), np.float64(1.2980132450331126), np.float64(1.198076923076923))",False,False,7969,41,48.25618776074661,845,training_set\images\image_00845.jpg,7024,121.0,7.31222188141201,PASS
13.559397427448493,True,0.382813102816358,"(np.float64(147.0), np.float64(150.0), np.float64(154.0))",12800,"(np.float64(1.398639455782313), np.float64(1.3066666666666666), np.float64(1.2136363636363636))",False,False,7969,0,14.91139416006218,846,training_set\images\image_00846.jpg,7024,121.0,3.4341046291259545,PASS
13.89169702741701,True,0.382813102816358,"(np.float64(145.0), np.float64(147.0), np.float64(149.0))",12800,"(np.float64(1.4179310344827585), np.float64(1.3333333333333333), np.float64(1.2543624161073825))",False,False,7969,0,15.879332502006376,847,training_set\images\image_00847.jpg,7024,121.0,5.430622291314433,PASS
12.945999854039997,True,0.5642314091435185,"(np.float64(145.0), np.float64(145.0), np.float64(148.0))",5650,"(np.float64(1.4179310344827585), np.float64(1.3517241379310345), np.float64(1.262837837837838))",False,False,11710,0,20.111638501010344,848,training_set\images\image_00848.jpg,7038,121.0,3.146734101169945,PASS
13.056083641620347,True,0.5642314091435185,"(np.float64(144.0), np.float64(145.0), np.float64(149.0))",5650,"(np.float64(1.4277777777777778), np.float64(1.3517241379310345), np.float64(1.2543624161073825))",False,False,11710,0,17.31002622156717,849,training_set\images\image_00849.jpg,7038,121.0,4.198647811538716,PASS
13.17049976683636,True,0.5642314091435185,"(np.float64(146.0), np.float64(147.0), np.float64(151.0))",5650,"(np.float64(1.4082191780821918), np.float64(1.3333333333333333), np.float64(1.237748344370861))",False,False,11710,0,17.324145413975614,850,training_set\images\image_00850.jpg,7038,121.0,2.281552627949074,PASS
12.819377354412671,True,0.5642314091435185,"(np.float64(145.0), np.float64(146.0), np.float64(149.0))",5650,"(np.float64(1.4179310344827585), np.float64(1.3424657534246576), np.float64(1.2543624161073825))",False,False,11710,0,16.885656233940608,851,training_set\images\image_00851.jpg,7038,121.0,3.4889393771873736,PASS
13.154542857466552,True,0.5642314091435185,"(np.float64(144.0), np.float64(145.0), np.float64(149.0))",5650,"(np.float64(1.4277777777777778), np.float64(1.3517241379310345), np.float64(1.2543624161073825))",False,False,11710,0,17.222671583962285,852,training_set\images\image_00852.jpg,7038,121.0,4.382076550874462,PASS
13.01202116143322,True,0.5642314091435185,"(np.float64(145.0), np.float64(146.0), np.float64(149.0))",5650,"(np.float64(1.4179310344827585), np.float64(1.3424657534246576), np.float64(1.2543624161073825))",False,False,11710,0,17.283307363658782,853,training_set\images\image_00853.jpg,7038,121.0,6.9056235207492,PASS
13.360929551402839,True,0.5642314091435185,"(np.float64(146.0), np.float64(147.0), np.float64(151.0))",5650,"(np.float64(1.4082191780821918), np.float64(1.3333333333333333), np.float64(1.237748344370861))",False,False,11710,0,17.31394467189688,854,training_set\images\image_00854.jpg,7038,121.0,3.709740788138761,PASS
13.191699902817897,True,0.5642314091435185,"(np.float64(149.0), np.float64(152.0), np.float64(163.0))",5650,"(np.float64(1.3798657718120806), np.float64(1.2894736842105263), np.float64(1.1466257668711657))",False,False,11710,0,16.978947648396293,855,training_set\images\image_00855.jpg,7038,121.0,4.890492673073931,PASS
11.570841238407134,True,0.5642314091435185,"(np.float64(149.0), np.float64(149.0), np.float64(149.0))",5650,"(np.float64(1.3798657718120806), np.float64(1.3154362416107384), np.float64(1.2543624161073825))",False,False,11710,0,14.55223694448694,856,training_set\images\image_00856.jpg,7038,121.0,2.3228100969623364,PASS
11.133515383903537,True,0.5642314091435185,"(np.float64(148.0), np.float64(148.0), np.float64(150.0))",5650,"(np.float64(1.3891891891891892), np.float64(1.3243243243243243), np.float64(1.246))",False,False,11710,0,19.270867925706458,857,training_set\images\image_00857.jpg,7038,121.0,2.8697716149321164,PASS
10.249719533926427,True,0.5642314091435185,"(np.float64(149.0), np.float64(152.0), np.float64(158.0))",5650,"(np.float64(1.3798657718120806), np.float64(1.2894736842105263), np.float64(1.1829113924050634))",False,False,11710,0,18.62892781815487,858,training_set\images\image_00858.jpg,7038,121.0,3.240668515457744,PASS
10.720046054462072,True,0.5642314091435185,"(np.float64(153.0), np.float64(153.0), np.float64(155.0))",5650,"(np.float64(1.3437908496732025), np.float64(1.2810457516339868), np.float64(1.2058064516129032))",False,False,11710,1,25.599354695793473,859,training_set\images\image_00859.jpg,7038,121.0,2.620122216083158,PASS
10.4198936680539,True,0.5642314091435185,"(np.float64(154.0), np.float64(154.0), np.float64(157.0))",5650,"(np.float64(1.335064935064935), np.float64(1.2727272727272727), np.float64(1.1904458598726115))",False,False,11710,0,19.2102398138439,860,training_set\images\image_00860.jpg,7038,121.0,2.6526819104761983,PASS
10.123043217593196,True,0.5642314091435185,"(np.float64(154.0), np.float64(154.0), np.float64(157.0))",5650,"(np.float64(1.335064935064935), np.float64(1.2727272727272727), np.float64(1.1904458598726115))",False,False,11710,0,12.920033340969955,861,training_set\images\image_00861.jpg,7038,121.0,5.208079172084903,PASS
10.641348168439816,True,0.5642314091435185,"(np.float64(153.0), np.float64(153.0), np.float64(155.0))",5650,"(np.float64(1.3437908496732025), np.float64(1.2810457516339868), np.float64(1.2058064516129032))",False,False,11710,0,20.213552100852567,862,training_set\images\image_00862.jpg,7038,121.0,3.14388538730204,PASS
10.166499196033026,True,0.5642314091435185,"(np.float64(155.0), np.float64(156.0), np.float64(160.0))",5650,"(np.float64(1.3264516129032258), np.float64(1.2564102564102564), np.float64(1.168125))",False,False,11710,0,13.198020194048029,863,training_set\images\image_00863.jpg,7038,121.0,2.5389658868692977,PASS
10.338113190623394,True,0.5642314091435185,"(np.float64(155.0), np.float64(156.0), np.float64(160.0))",5650,"(np.float64(1.3264516129032258), np.float64(1.2564102564102564), np.float64(1.168125))",False,False,11710,0,18.86702462682458,864,training_set\images\image_00864.jpg,7038,121.0,2.974108008075264,PASS
10.762012777952295,True,0.5642314091435185,"(np.float64(155.0), np.float64(157.0), np.float64(162.0))",5650,"(np.float64(1.3264516129032258), np.float64(1.2484076433121019), np.float64(1.1537037037037037))",False,False,11710,0,14.264759915060392,865,training_set\images\image_00865.jpg,7038,121.0,3.543303862137464,PASS
14.887263792335881,True,0.4214867862654321,"(np.float64(181.0), np.float64(162.0), np.float64(131.0))",12800,"(np.float64(1.1359116022099447), np.float64(1.2098765432098766), np.float64(1.4267175572519084))",False,False,8755,8,31.86134006415761,866,training_set\images\image_00866.jpg,6024,122.0,4.405870472515452,PASS
14.452297338753494,True,0.4214867862654321,"(np.float64(151.0), np.float64(153.0), np.float64(158.0))",12800,"(np.float64(1.36158940397351), np.float64(1.2810457516339868), np.float64(1.1829113924050634))",False,False,8755,0,23.92997125901571,868,training_set\images\image_00868.jpg,6024,122.0,2.450647651939992,PASS
13.89169702741696,True,0.4214867862654321,"(np.float64(151.0), np.float64(153.0), np.float64(158.0))",12800,"(np.float64(1.36158940397351), np.float64(1.2810457516339868), np.float64(1.1829113924050634))",False,False,8755,0,18.68703404853238,869,training_set\images\image_00869.jpg,6024,122.0,2.4727787058553337,PASS
15.217469407308407,True,0.4214867862654321,"(np.float64(149.0), np.float64(151.0), np.float64(157.0))",12800,"(np.float64(1.3798657718120806), np.float64(1.2980132450331126), np.float64(1.1904458598726115))",False,False,8755,20,38.31495002468569,870,training_set\images\image_00870.jpg,6024,122.0,1.7134176300960506,PASS
14.486354398840696,True,0.4214867862654321,"(np.float64(150.0), np.float64(153.0), np.float64(159.0))",12800,"(np.float64(1.3706666666666667), np.float64(1.2810457516339868), np.float64(1.1754716981132076))",False,False,8755,0,20.02854605730747,871,training_set\images\image_00871.jpg,6024,122.0,2.06982540769353,PASS
14.71444766541759,True,0.4214867862654321,"(np.float64(152.0), np.float64(154.0), np.float64(160.0))",12800,"(np.float64(1.3526315789473684), np.float64(1.2727272727272727), np.float64(1.168125))",False,False,8755,3,29.060115649325674,872,training_set\images\image_00872.jpg,6024,122.0,2.460096718988195,PASS
14.281985572069766,True,0.4214867862654321,"(np.float64(150.0), np.float64(153.0), np.float64(158.0))",12800,"(np.float64(1.3706666666666667), np.float64(1.2810457516339868), np.float64(1.1829113924050634))",False,False,8755,0,21.155106020127565,873,training_set\images\image_00873.jpg,6024,122.0,2.761050230533133,PASS
14.933815340714666,True,0.4214867862654321,"(np.float64(152.0), np.float64(154.0), np.float64(159.0))",12800,"(np.float64(1.3526315789473684), np.float64(1.2727272727272727), np.float64(1.1754716981132076))",False,False,8755,6,33.708341122499114,874,training_set\images\image_00874.jpg,6024,122.0,2.669766736435752,PASS
13.658794835691358,True,0.4214867862654321,"(np.float64(151.0), np.float64(153.0), np.float64(158.0))",12800,"(np.float64(1.36158940397351), np.float64(1.2810457516339868), np.float64(1.1829113924050634))",False,False,8755,25,44.63314531346988,875,training_set\images\image_00875.jpg,6024,122.0,2.574764631443718,PASS
15.575830746525247,True,0.4214867862654321,"(np.float64(151.0), np.float64(154.0), np.float64(160.0))",12800,"(np.float64(1.36158940397351), np.float64(1.2727272727272727), np.float64(1.168125))",False,False,8755,19,37.99421288976303,876,training_set\images\image_00876.jpg,6024,122.0,2.6358872354720195,PASS
15.08266568486974,True,0.4214867862654321,"(np.float64(149.0), np.float64(151.0), np.float64(155.0))",12800,"(np.float64(1.3798657718120806), np.float64(1.2980132450331126), np.float64(1.2058064516129032))",False,False,8755,15,37.58855841022115,877,training_set\images\image_00877.jpg,6024,122.0,3.358527713888558,PASS
14.145947680654578,True,0.4214867862654321,"(np.float64(149.0), np.float64(153.0), np.float64(159.0))",12800,"(np.float64(1.3798657718120806), np.float64(1.2810457516339868), np.float64(1.1754716981132076))",False,False,8755,0,17.108468442333155,878,training_set\images\image_00878.jpg,6024,122.0,3.3290335262343618,PASS
13.89169702741701,True,0.4214867862654321,"(np.float64(152.0), np.float64(153.0), np.float64(156.0))",12800,"(np.float64(1.3526315789473684), np.float64(1.2810457516339868), np.float64(1.198076923076923))",False,False,8755,0,15.603690326016043,879,training_set\images\image_00879.jpg,6024,122.0,2.2189108686616508,PASS
13.89169702741701,True,0.4214867862654321,"(np.float64(148.0), np.float64(151.0), np.float64(156.0))",12800,"(np.float64(1.3891891891891892), np.float64(1.2980132450331126), np.float64(1.198076923076923))",False,False,8755,0,14.885058602404987,880,training_set\images\image_00880.jpg,6024,122.0,2.782101042781959,PASS
14.189718114665954,True,0.4214867862654321,"(np.float64(150.0), np.float64(152.0), np.float64(158.0))",12800,"(np.float64(1.3706666666666667), np.float64(1.2894736842105263), np.float64(1.1829113924050634))",False,False,8755,0,15.210447021102638,881,training_set\images\image_00881.jpg,6024,122.0,2.832961668544387,PASS
17.782348766255858,True,0.4214867862654321,"(np.float64(150.0), np.float64(152.0), np.float64(157.0))",12800,"(np.float64(1.3706666666666667), np.float64(1.2894736842105263), np.float64(1.1904458598726115))",False,False,8755,56,43.79729897921915,882,training_set\images\image_00882.jpg,6024,122.0,1.985650367732783,PASS
14.091313695634847,True,0.4214867862654321,"(np.float64(149.0), np.float64(152.0), np.float64(159.0))",12800,"(np.float64(1.3798657718120806), np.float64(1.2894736842105263), np.float64(1.1754716981132076))",False,False,8755,0,15.09533251239633,883,training_set\images\image_00883.jpg,6024,122.0,2.229772112288104,PASS
16.6774397192216,True,0.4214867862654321,"(np.float64(151.0), np.float64(153.0), np.float64(159.0))",12800,"(np.float64(1.36158940397351), np.float64(1.2810457516339868), np.float64(1.1754716981132076))",False,False,8755,12,34.93285570932743,884,training_set\images\image_00884.jpg,6024,122.0,2.3925900949391887,PASS
16.769075681403528,True,0.4214867862654321,"(np.float64(150.0), np.float64(153.0), np.float64(159.0))",12800,"(np.float64(1.3706666666666667), np.float64(1.2810457516339868), np.float64(1.1754716981132076))",False,False,8755,62,44.05680352358279,885,training_set\images\image_00885.jpg,6024,122.0,6.137202912234213,PASS
14.598207380819414,True,0.4214867862654321,"(np.float64(150.0), np.float64(151.0), np.float64(155.0))",12800,"(np.float64(1.3706666666666667), np.float64(1.2980132450331126), np.float64(1.2058064516129032))",False,False,8755,9,34.47485091287188,886,training_set\images\image_00886.jpg,6024,122.0,2.57168570120528,PASS
14.967271541818715,True,0.4214867862654321,"(np.float64(149.0), np.float64(152.0), np.float64(159.0))",12800,"(np.float64(1.3798657718120806), np.float64(1.2894736842105263), np.float64(1.1754716981132076))",False,False,8755,12,34.24477302105932,887,training_set\images\image_00887.jpg,6024,122.0,2.608358977902319,PASS
14.661559747715339,True,0.4214867862654321,"(np.float64(149.0), np.float64(152.0), np.float64(157.0))",12800,"(np.float64(1.3798657718120806), np.float64(1.2894736842105263), np.float64(1.1904458598726115))",False,False,8755,11,35.46489464958959,888,training_set\images\image_00888.jpg,6024,122.0,2.4648102337564914,PASS
14.379896305163122,True,0.4214867862654321,"(np.float64(151.0), np.float64(152.0), np.float64(155.0))",12800,"(np.float64(1.36158940397351), np.float64(1.2894736842105263), np.float64(1.2058064516129032))",False,False,8755,0,24.69102344999797,889,training_set\images\image_00889.jpg,6024,122.0,1.8065851357537648,PASS
14.401329892498214,True,0.4214867862654321,"(np.float64(148.0), np.float64(150.0), np.float64(155.0))",12800,"(np.float64(1.3891891891891892), np.float64(1.3066666666666666), np.float64(1.2058064516129032))",False,False,8755,2,27.055921550860013,890,training_set\images\image_00890.jpg,6024,122.0,4.811875996689982,PASS
14.673668651066182,True,0.4214867862654321,"(np.float64(148.0), np.float64(150.0), np.float64(155.0))",12800,"(np.float64(1.3891891891891892), np.float64(1.3066666666666666), np.float64(1.2058064516129032))",False,False,8755,10,33.6601449867186,891,training_set\images\image_00891.jpg,6024,122.0,2.7581648957712366,PASS
15.04238234873888,True,0.4214867862654321,"(np.float64(148.0), np.float64(151.0), np.float64(156.0))",12800,"(np.float64(1.3891891891891892), np.float64(1.2980132450331126), np.float64(1.198076923076923))",False,False,8755,47,42.3365778057765,892,training_set\images\image_00892.jpg,6024,122.0,1.862395946848388,PASS
16.296463219646768,True,0.4214867862654321,"(np.float64(145.0), np.float64(145.0), np.float64(143.0))",12800,"(np.float64(1.4179310344827585), np.float64(1.3517241379310345), np.float64(1.3069930069930071))",False,False,8755,112,46.029382873334114,893,training_set\images\image_00893.jpg,6024,122.0,3.102559153060472,PASS
14.104441110219469,True,0.6222890142746914,"(np.float64(162.0), np.float64(163.0), np.float64(165.0))",12800,"(np.float64(1.2691358024691357), np.float64(1.2024539877300613), np.float64(1.1327272727272728))",False,False,12878,11,39.99404222157545,895,training_set\images\image_00895.jpg,6038,122.0,2.686418638533351,PASS
12.700142710010836,True,0.6222890142746914,"(np.float64(162.0), np.float64(163.0), np.float64(166.0))",12800,"(np.float64(1.2691358024691357), np.float64(1.2024539877300613), np.float64(1.1259036144578314))",False,False,12878,0,15.874245711563926,896,training_set\images\image_00896.jpg,6038,122.0,2.05294659338011,PASS
13.192122623386016,True,0.6222890142746914,"(np.float64(162.0), np.float64(163.0), np.float64(166.0))",12800,"(np.float64(1.2691358024691357), np.float64(1.2024539877300613), np.float64(1.1259036144578314))",False,False,12878,0,21.733747998264455,897,training_set\images\image_00897.jpg,6038,122.0,3.086999533820947,PASS
13.005683367935406,True,0.6222890142746914,"(np.float64(159.0), np.float64(159.0), np.float64(161.0))",12800,"(np.float64(1.2930817610062892), np.float64(1.2327044025157232), np.float64(1.1608695652173913))",False,False,12878,8,34.53400257424905,898,training_set\images\image_00898.jpg,6038,122.0,2.5157458740566354,PASS
13.550648209638277,True,0.6222890142746914,"(np.float64(157.0), np.float64(155.0), np.float64(153.0))",12800,"(np.float64(1.3095541401273885), np.float64(1.264516129032258), np.float64(1.2215686274509805))",False,False,12878,0,21.53141146518431,899,training_set\images\image_00899.jpg,6038,122.0,4.167903792334401,PASS
13.707357674914345,True,0.6222890142746914,"(np.float64(151.0), np.float64(154.0), np.float64(159.0))",12800,"(np.float64(1.36158940397351), np.float64(1.2727272727272727), np.float64(1.1754716981132076))",False,False,12878,0,23.628978044905118,900,training_set\images\image_00900.jpg,6038,122.0,2.477011878871891,PASS
15.053883400936149,True,0.6222890142746914,"(np.float64(150.0), np.float64(151.0), np.float64(152.0))",12800,"(np.float64(1.3706666666666667), np.float64(1.2980132450331126), np.float64(1.2296052631578949))",False,False,12878,11,29.269082323079918,901,training_set\images\image_00901.jpg,6038,122.0,2.4888437983309784,PASS
10.629858146879783,True,0.4214867862654321,"(np.float64(176.0), np.float64(151.0), np.float64(119.0))",12800,"(np.float64(1.1681818181818182), np.float64(1.2980132450331126), np.float64(1.5705882352941176))",False,False,8755,0,24.600535359923178,902,training_set\images\image_00902.jpg,6024,123.0,1.6841665596564477,PASS
12.68974743571752,True,0.4214867862654321,"(np.float64(142.5), np.float64(142.0), np.float64(144.5))",12800,"(np.float64(1.4428070175438596), np.float64(1.380281690140845), np.float64(1.2934256055363322))",False,False,8755,8,35.466292722926575,903,training_set\images\image_00903.jpg,6024,123.0,1.4734597460261738,PASS
9.316212930461854,True,0.4214867862654321,"(np.float64(140.5), np.float64(142.0), np.float64(144.5))",12800,"(np.float64(1.4633451957295374), np.float64(1.380281690140845), np.float64(1.2934256055363322))",False,False,8755,0,10.079922481391401,904,training_set\images\image_00904.jpg,6024,123.0,1.7290189871527877,PASS
9.480180286510116,True,0.4214867862654321,"(np.float64(145.0), np.float64(144.5), np.float64(147.0))",12800,"(np.float64(1.4179310344827585), np.float64(1.356401384083045), np.float64(1.2714285714285716))",False,False,8755,0,11.403818494869048,905,training_set\images\image_00905.jpg,6024,123.0,3.1840655779961065,PASS
9.052734570666248,True,0.4214867862654321,"(np.float64(143.0), np.float64(144.5), np.float64(147.5))",12800,"(np.float64(1.4377622377622377), np.float64(1.356401384083045), np.float64(1.2671186440677966))",False,False,8755,0,11.371072672338551,906,training_set\images\image_00906.jpg,6024,123.0,2.4318013283721567,PASS
9.012442788707082,True,0.4214867862654321,"(np.float64(144.0), np.float64(144.5), np.float64(147.0))",12800,"(np.float64(1.4277777777777778), np.float64(1.356401384083045), np.float64(1.2714285714285716))",False,False,8755,0,11.664450570977978,907,training_set\images\image_00907.jpg,6024,123.0,2.6797727105055693,PASS
9.161191104202443,True,0.4214867862654321,"(np.float64(141.0), np.float64(142.0), np.float64(146.0))",12800,"(np.float64(1.4581560283687942), np.float64(1.380281690140845), np.float64(1.2801369863013699))",False,False,8755,0,15.58089239466045,908,training_set\images\image_00908.jpg,6024,123.0,2.018403729300424,PASS
9.915793205470885,True,0.4214867862654321,"(np.float64(137.0), np.float64(138.5), np.float64(142.5))",12800,"(np.float64(1.5007299270072991), np.float64(1.4151624548736461), np.float64(1.3115789473684212))",False,False,8755,0,17.967085754612068,909,training_set\images\image_00909.jpg,6024,123.0,1.734311473614797,PASS
9.104007539792667,True,0.4214867862654321,"(np.float64(142.5), np.float64(144.0), np.float64(146.0))",12800,"(np.float64(1.4428070175438596), np.float64(1.3611111111111112), np.float64(1.2801369863013699))",False,False,8755,0,18.070115024889468,910,training_set\images\image_00910.jpg,6024,123.0,1.9151530202460112,PASS
9.28916148901094,True,0.4214867862654321,"(np.float64(141.0), np.float64(143.0), np.float64(145.0))",12800,"(np.float64(1.4581560283687942), np.float64(1.3706293706293706), np.float64(1.2889655172413794))",False,False,8755,0,9.829669410565662,911,training_set\images\image_00911.jpg,6024,123.0,6.182054938051657,PASS
9.702082444182775,True,0.4214867862654321,"(np.float64(139.0), np.float64(141.0), np.float64(145.5))",12800,"(np.float64(1.4791366906474819), np.float64(1.3900709219858156), np.float64(1.284536082474227))",False,False,8755,0,13.391838512711466,912,training_set\images\image_00912.jpg,6024,123.0,2.443571994832238,PASS
9.00358362069529,True,0.4214867862654321,"(np.float64(143.0), np.float64(145.0), np.float64(149.0))",12800,"(np.float64(1.4377622377622377), np.float64(1.3517241379310345), np.float64(1.2543624161073825))",False,False,8755,0,12.117582560775748,913,training_set\images\image_00913.jpg,6024,123.0,2.232735373441055,PASS
8.994050207967739,True,0.4214867862654321,"(np.float64(144.5), np.float64(147.0), np.float64(153.0))",12800,"(np.float64(1.4228373702422146), np.float64(1.3333333333333333), np.float64(1.2215686274509805))",False,False,8755,0,10.760938978987493,914,training_set\images\image_00914.jpg,6024,123.0,1.6321216493245445,PASS
9.036762979620377,True,0.4214867862654321,"(np.float64(143.0), np.float64(145.0), np.float64(149.0))",12800,"(np.float64(1.4377622377622377), np.float64(1.3517241379310345), np.float64(1.2543624161073825))",False,False,8755,0,9.452107164977347,915,training_set\images\image_00915.jpg,6024,123.0,1.7649787806478785,PASS
15.88564569242662,True,0.4214867862654321,"(np.float64(145.0), np.float64(147.0), np.float64(150.0))",12800,"(np.float64(1.4179310344827585), np.float64(1.3333333333333333), np.float64(1.246))",False,False,8755,297,56.34706351644461,916,training_set\images\image_00916.jpg,6024,123.0,2.3514523760624906,PASS
12.957541629548922,True,0.4214867862654321,"(np.float64(144.0), np.float64(145.0), np.float64(148.0))",12800,"(np.float64(1.4277777777777778), np.float64(1.3517241379310345), np.float64(1.262837837837838))",False,False,8755,64,45.424916843443626,917,training_set\images\image_00917.jpg,6024,123.0,2.074536088388209,PASS
16.631538060699462,True,0.6222890142746914,"(np.float64(151.5), np.float64(154.5), np.float64(161.0))",12800,"(np.float64(1.357095709570957), np.float64(1.2686084142394822), np.float64(1.1608695652173913))",False,False,12878,52,44.802160435086755,918,training_set\images\image_00918.jpg,6038,123.0,2.2125295746889897,PASS
16.104100995400387,True,0.6222890142746914,"(np.float64(153.5), np.float64(154.5), np.float64(156.5))",12800,"(np.float64(1.339413680781759), np.float64(1.2686084142394822), np.float64(1.1942492012779553))",False,False,12878,6,33.198839094441794,920,training_set\images\image_00920.jpg,6038,123.0,2.326928913677194,PASS
16.2169861936923,True,0.6222890142746914,"(np.float64(152.5), np.float64(154.5), np.float64(159.5))",12800,"(np.float64(1.3481967213114754), np.float64(1.2686084142394822), np.float64(1.1717868338557995))",False,False,12878,2,25.05442849635052,921,training_set\images\image_00921.jpg,6038,123.0,1.7815039507345014,PASS
16.041407313694467,True,0.6222890142746914,"(np.float64(153.5), np.float64(154.5), np.float64(156.0))",12800,"(np.float64(1.339413680781759), np.float64(1.2686084142394822), np.float64(1.198076923076923))",False,False,12878,28,43.92021759198235,922,training_set\images\image_00922.jpg,6038,123.0,1.8838702261043083,PASS
16.65133223412587,True,0.6222890142746914,"(np.float64(153.5), np.float64(155.0), np.float64(159.0))",12800,"(np.float64(1.339413680781759), np.float64(1.264516129032258), np.float64(1.1754716981132076))",False,False,12878,5,27.679684088765697,923,training_set\images\image_00923.jpg,6038,123.0,2.218903561254612,PASS
16.0765577805914,True,0.6222890142746914,"(np.float64(154.0), np.float64(155.5), np.float64(158.0))",12800,"(np.float64(1.335064935064935), np.float64(1.2604501607717042), np.float64(1.1829113924050634))",False,False,12878,2,29.450521678411175,924,training_set\images\image_00924.jpg,6038,123.0,1.61086867394156,PASS
15.335160015143721,True,0.6222890142746914,"(np.float64(155.5), np.float64(156.5), np.float64(159.5))",12800,"(np.float64(1.322186495176849), np.float64(1.2523961661341854), np.float64(1.1717868338557995))",False,False,12878,0,23.92601679421615,925,training_set\images\image_00925.jpg,6038,123.0,1.8498675426900213,PASS
15.977075385234127,True,0.6222890142746914,"(np.float64(154.0), np.float64(154.5), np.float64(156.5))",12800,"(np.float64(1.335064935064935), np.float64(1.2686084142394822), np.float64(1.1942492012779553))",False,False,12878,0,23.69233493597246,926,training_set\images\image_00926.jpg,6038,123.0,1.7226154546390602,PASS
12.606281926266595,True,0.6222890142746914,"(np.float64(176.0), np.float64(152.0), np.float64(119.0))",12800,"(np.float64(1.1681818181818182), np.float64(1.2894736842105263), np.float64(1.5705882352941176))",False,False,12878,0,18.441237048843135,927,training_set\images\image_00927.jpg,6038,123.0,1.915024706365256,PASS
14.977830063555725,True,0.6222890142746914,"(np.float64(147.0), np.float64(148.0), np.float64(151.0))",12800,"(np.float64(1.398639455782313), np.float64(1.3243243243243243), np.float64(1.237748344370861))",False,False,12878,0,21.538831033094706,928,training_set\images\image_00928.jpg,6038,123.0,2.3285047360029782,PASS
14.051761770735732,True,0.6222890142746914,"(np.float64(146.0), np.float64(147.0), np.float64(149.0))",12800,"(np.float64(1.4082191780821918), np.float64(1.3333333333333333), np.float64(1.2543624161073825))",False,False,12878,0,21.042903278858194,929,training_set\images\image_00929.jpg,6038,123.0,4.987397832667995,PASS
13.346443332709736,True,0.6222890142746914,"(np.float64(145.0), np.float64(146.0), np.float64(148.0))",12800,"(np.float64(1.4179310344827585), np.float64(1.3424657534246576), np.float64(1.262837837837838))",False,False,12878,0,19.285190010998342,930,training_set\images\image_00930.jpg,6038,123.0,2.934912282053357,PASS
14.62909619050075,True,0.6222890142746914,"(np.float64(148.0), np.float64(148.0), np.float64(149.0))",12800,"(np.float64(1.3891891891891892), np.float64(1.3243243243243243), np.float64(1.2543624161073825))",False,False,12878,0,23.71580872487858,931,training_set\images\image_00931.jpg,6038,123.0,2.12658710714324,PASS
12.7160647256443,True,0.6222890142746914,"(np.float64(145.0), np.float64(147.0), np.float64(151.0))",12800,"(np.float64(1.4179310344827585), np.float64(1.3333333333333333), np.float64(1.237748344370861))",False,False,12878,0,19.43362755640192,932,training_set\images\image_00932.jpg,6038,123.0,2.4219966904261563,PASS
16.124594416729416,True,0.6222890142746914,"(np.float64(147.0), np.float64(147.0), np.float64(148.0))",12800,"(np.float64(1.398639455782313), np.float64(1.3333333333333333), np.float64(1.262837837837838))",False,False,12878,32,45.17462816399544,933,training_set\images\image_00933.jpg,6038,123.0,2.7397278346640395,PASS
16.743265780643203,True,0.6222890142746914,"(np.float64(145.5), np.float64(145.0), np.float64(145.0))",12800,"(np.float64(1.4130584192439861), np.float64(1.3517241379310345), np.float64(1.2889655172413794))",False,False,12878,26,41.87249064101539,934,training_set\images\image_00934.jpg,6038,123.0,3.499800198371396,PASS
15.191043888455665,True,0.6222890142746914,"(np.float64(178.0), np.float64(153.0), np.float64(119.0))",12800,"(np.float64(1.155056179775281), np.float64(1.2810457516339868), np.float64(1.5705882352941176))",False,False,12878,17,34.80427181488681,935,training_set\images\image_00935.jpg,6038,123.0,2.474438362007952,PASS
16.36245654999344,True,0.6222890142746914,"(np.float64(146.0), np.float64(148.0), np.float64(149.0))",12800,"(np.float64(1.4082191780821918), np.float64(1.3243243243243243), np.float64(1.2543624161073825))",False,False,12878,57,46.515718620986405,936,training_set\images\image_00936.jpg,6038,123.0,2.6791333629311382,PASS
13.498800885643886,True,0.6222890142746914,"(np.float64(147.0), np.float64(149.0), np.float64(155.0))",12800,"(np.float64(1.398639455782313), np.float64(1.3154362416107384), np.float64(1.2058064516129032))",False,False,12878,0,19.727841384968094,937,training_set\images\image_00937.jpg,6038,123.0,1.7526143769727671,PASS
14.278946488974405,True,0.6222890142746914,"(np.float64(149.0), np.float64(150.0), np.float64(152.0))",12800,"(np.float64(1.3798657718120806), np.float64(1.3066666666666666), np.float64(1.2296052631578949))",False,False,12878,16,40.75839201327114,938,training_set\images\image_00938.jpg,6038,123.0,2.088559677197335,PASS
13.791452107090793,True,0.6222890142746914,"(np.float64(151.0), np.float64(152.0), np.float64(155.0))",12800,"(np.float64(1.36158940397351), np.float64(1.2894736842105263), np.float64(1.2058064516129032))",False,False,12878,0,19.08750524800123,939,training_set\images\image_00939.jpg,6038,123.0,2.115181679047764,PASS
11.14736534094882,True,0.4214867862654321,"(np.float64(177.0), np.float64(151.0), np.float64(117.0))",12800,"(np.float64(1.1615819209039548), np.float64(1.2980132450331126), np.float64(1.5974358974358975))",False,False,8755,0,19.27485391416726,944,training_set\images\image_00944.jpg,6024,124.0,1.853608105369868,PASS
15.988908011149741,True,0.4214867862654321,"(np.float64(143.5), np.float64(145.0), np.float64(148.0))",12800,"(np.float64(1.432752613240418), np.float64(1.3517241379310345), np.float64(1.262837837837838))",False,False,8755,15,32.78757107550347,945,training_set\images\image_00945.jpg,6024,124.0,2.957589644665967,PASS
10.150911892372687,True,0.4214867862654321,"(np.float64(145.0), np.float64(147.0), np.float64(147.5))",12800,"(np.float64(1.4179310344827585), np.float64(1.3333333333333333), np.float64(1.2671186440677966))",False,False,8755,0,14.061651951849996,946,training_set\images\image_00946.jpg,6024,124.0,2.09066682243929,PASS
11.350254588200626,True,0.4214867862654321,"(np.float64(146.0), np.float64(148.0), np.float64(151.0))",12800,"(np.float64(1.4082191780821918), np.float64(1.3243243243243243), np.float64(1.237748344370861))",False,False,8755,6,30.257922615700735,947,training_set\images\image_00947.jpg,6024,124.0,2.0303792344098697,PASS
9.534984545660985,True,0.4214867862654321,"(np.float64(146.0), np.float64(147.5), np.float64(150.5))",12800,"(np.float64(1.4082191780821918), np.float64(1.3288135593220338), np.float64(1.241860465116279))",False,False,8755,0,15.548686944225098,948,training_set\images\image_00948.jpg,6024,124.0,2.4743533644653075,PASS
10.102083410193504,True,0.4214867862654321,"(np.float64(145.0), np.float64(146.0), np.float64(151.0))",12800,"(np.float64(1.4179310344827585), np.float64(1.3424657534246576), np.float64(1.237748344370861))",False,False,8755,9,31.563307523300544,949,training_set\images\image_00949.jpg,6024,124.0,2.1416759339037,PASS
13.989625175923596,True,0.6222890142746914,"(np.float64(147.0), np.float64(149.0), np.float64(151.0))",12800,"(np.float64(1.398639455782313), np.float64(1.3154362416107384), np.float64(1.237748344370861))",False,False,12878,6,31.00860709856902,950,training_set\images\image_00950.jpg,6038,124.0,2.840112378505338,PASS
13.311881647923386,True,0.6222890142746914,"(np.float64(148.0), np.float64(150.0), np.float64(151.0))",12800,"(np.float64(1.3891891891891892), np.float64(1.3066666666666666), np.float64(1.237748344370861))",False,False,12878,0,21.185815099212093,951,training_set\images\image_00951.jpg,6038,124.0,2.3106771129658523,PASS
15.04293792135527,True,0.6222890142746914,"(np.float64(150.0), np.float64(152.0), np.float64(156.5))",12800,"(np.float64(1.3706666666666667), np.float64(1.2894736842105263), np.float64(1.1942492012779553))",False,False,12878,15,33.57115045737367,952,training_set\images\image_00952.jpg,6038,124.0,2.6034948569603853,PASS
13.548653343641005,True,0.6222890142746914,"(np.float64(149.0), np.float64(150.5), np.float64(153.0))",12800,"(np.float64(1.3798657718120806), np.float64(1.302325581395349), np.float64(1.2215686274509805))",False,False,12878,7,31.129985594046484,953,training_set\images\image_00953.jpg,6038,124.0,2.5984407235316374,PASS
15.199113796722573,True,0.6222890142746914,"(np.float64(150.0), np.float64(152.0), np.float64(154.0))",12800,"(np.float64(1.3706666666666667), np.float64(1.2894736842105263), np.float64(1.2136363636363636))",False,False,12878,15,30.847622988897392,954,training_set\images\image_00954.jpg,6038,124.0,2.5021322167022166,PASS
14.073633677507985,True,0.6222890142746914,"(np.float64(150.0), np.float64(152.0), np.float64(153.5))",12800,"(np.float64(1.3706666666666667), np.float64(1.2894736842105263), np.float64(1.2175895765472313))",False,False,12878,4,29.211133153467085,955,training_set\images\image_00955.jpg,6038,124.0,2.5407500601848056,PASS
13.644497746999134,True,0.6222890142746914,"(np.float64(152.5), np.float64(154.0), np.float64(157.0))",12800,"(np.float64(1.3481967213114754), np.float64(1.2727272727272727), np.float64(1.1904458598726115))",False,False,12878,0,23.38489787698894,956,training_set\images\image_00956.jpg,6038,124.0,3.018097918818047,PASS
13.453869772731567,True,0.6222890142746914,"(np.float64(153.0), np.float64(154.5), np.float64(157.5))",12800,"(np.float64(1.3437908496732025), np.float64(1.2686084142394822), np.float64(1.1866666666666668))",False,False,12878,0,22.295672600803755,957,training_set\images\image_00957.jpg,6038,124.0,2.729558197543078,PASS
12.243103267244843,True,0.6222890142746914,"(np.float64(149.0), np.float64(151.0), np.float64(152.0))",12800,"(np.float64(1.3798657718120806), np.float64(1.2980132450331126), np.float64(1.2296052631578949))",False,False,12878,0,17.46074393263291,958,training_set\images\image_00958.jpg,6038,124.0,2.4960309119115185,PASS
14.48885034023734,True,0.6222890142746914,"(np.float64(149.0), np.float64(150.0), np.float64(153.5))",12800,"(np.float64(1.3798657718120806), np.float64(1.3066666666666666), np.float64(1.2175895765472313))",False,False,12878,9,27.791126658037907,959,training_set\images\image_00959.jpg,6038,124.0,2.367348718074259,PASS
12.4816538228234,True,0.6222890142746914,"(np.float64(151.0), np.float64(151.0), np.float64(153.5))",12800,"(np.float64(1.36158940397351), np.float64(1.2980132450331126), np.float64(1.2175895765472313))",False,False,12878,0,16.905367334985645,960,training_set\images\image_00960.jpg,6038,124.0,2.73350800868881,PASS
13.907237771263246,True,0.6222890142746914,"(np.float64(152.0), np.float64(153.5), np.float64(155.5))",12800,"(np.float64(1.3526315789473684), np.float64(1.276872964169381), np.float64(1.2019292604501608))",False,False,12878,1,26.22691376369355,961,training_set\images\image_00961.jpg,6038,124.0,3.427561244179381,PASS
11.919263532480109,True,0.6222890142746914,"(np.float64(148.0), np.float64(149.0), np.float64(151.0))",12800,"(np.float64(1.3891891891891892), np.float64(1.3154362416107384), np.float64(1.237748344370861))",False,False,12878,0,15.135085228797186,962,training_set\images\image_00962.jpg,6038,124.0,2.434630692020673,PASS
12.595604607353536,True,0.6222890142746914,"(np.float64(148.0), np.float64(150.0), np.float64(151.5))",12800,"(np.float64(1.3891891891891892), np.float64(1.3066666666666666), np.float64(1.2336633663366336))",False,False,12878,0,15.644954059467997,963,training_set\images\image_00963.jpg,6038,124.0,2.3000594708855564,PASS
12.583310065879427,True,0.6222890142746914,"(np.float64(148.0), np.float64(150.5), np.float64(154.0))",12800,"(np.float64(1.3891891891891892), np.float64(1.302325581395349), np.float64(1.2136363636363636))",False,False,12878,0,21.179883522404328,964,training_set\images\image_00964.jpg,6038,124.0,2.677036520455188,PASS
14.35190263309535,True,0.6222890142746914,"(np.float64(151.0), np.float64(152.0), np.float64(154.5))",12800,"(np.float64(1.36158940397351), np.float64(1.2894736842105263), np.float64(1.2097087378640776))",False,False,12878,2,26.298037989284175,965,training_set\images\image_00965.jpg,6038,124.0,3.0293479502584626,PASS
13.969223575224015,True,0.6222890142746914,"(np.float64(149.0), np.float64(150.5), np.float64(152.5))",12800,"(np.float64(1.3798657718120806), np.float64(1.302325581395349), np.float64(1.2255737704918033))",False,False,12878,2,25.882205406772737,966,training_set\images\image_00966.jpg,6038,124.0,2.525686672175367,PASS
12.974217222456224,True,0.6222890142746914,"(np.float64(149.0), np.float64(151.0), np.float64(152.5))",12800,"(np.float64(1.3798657718120806), np.float64(1.2980132450331126), np.float64(1.2255737704918033))",False,False,12878,0,17.252924173351044,967,training_set\images\image_00967.jpg,6038,124.0,3.1465734583427167,PASS
14.620401385494494,True,0.6222890142746914,"(np.float64(148.0), np.float64(147.0), np.float64(146.0))",12800,"(np.float64(1.3891891891891892), np.float64(1.3333333333333333), np.float64(1.2801369863013699))",False,False,12878,6,31.123807668710292,968,training_set\images\image_00968.jpg,6038,124.0,2.045638631554856,PASS
17.93513108061863,True,0.6222890142746914,"(np.float64(144.0), np.float64(146.0), np.float64(147.5))",12800,"(np.float64(1.4277777777777778), np.float64(1.3424657534246576), np.float64(1.2671186440677966))",False,False,12878,114,54.256097015550864,969,training_set\images\image_00969.jpg,6038,124.0,3.036355900695505,PASS
14.901328664649276,True,0.6222890142746914,"(np.float64(144.0), np.float64(144.0), np.float64(144.5))",12800,"(np.float64(1.4277777777777778), np.float64(1.3611111111111112), np.float64(1.2934256055363322))",False,False,12878,4,28.17456981624735,970,training_set\images\image_00970.jpg,6038,124.0,2.330256821904916,PASS
13.052751450617846,True,0.6222890142746914,"(np.float64(142.0), np.float64(144.0), np.float64(146.0))",12800,"(np.float64(1.447887323943662), np.float64(1.3611111111111112), np.float64(1.2801369863013699))",False,False,12878,0,19.43540673515453,971,training_set\images\image_00971.jpg,6038,124.0,1.176624498735522,PASS
14.22046887291784,True,0.6222890142746914,"(np.float64(142.0), np.float64(144.5), np.float64(148.0))",12800,"(np.float64(1.447887323943662), np.float64(1.356401384083045), np.float64(1.262837837837838))",False,False,12878,7,32.78152655935676,972,training_set\images\image_00972.jpg,6038,124.0,2.288585037503736,PASS
14.493182691999506,True,0.6222890142746914,"(np.float64(142.5), np.float64(143.0), np.float64(146.5))",12800,"(np.float64(1.4428070175438596), np.float64(1.3706293706293706), np.float64(1.2757679180887371))",False,False,12878,1,25.195538121085576,973,training_set\images\image_00973.jpg,6038,124.0,2.363212098330344,PASS
14.562576638723328,True,0.6222890142746914,"(np.float64(145.0), np.float64(144.0), np.float64(146.0))",12800,"(np.float64(1.4179310344827585), np.float64(1.3611111111111112), np.float64(1.2801369863013699))",False,False,12878,0,18.047754066250395,974,training_set\images\image_00974.jpg,6038,124.0,2.2979790454575566,PASS
15.471856458338308,True,0.6222890142746914,"(np.float64(142.0), np.float64(144.0), np.float64(147.0))",12800,"(np.float64(1.447887323943662), np.float64(1.3611111111111112), np.float64(1.2714285714285716))",False,False,12878,4,29.50401850991104,975,training_set\images\image_00975.jpg,6038,124.0,2.154268956490561,PASS
20.121613017249178,True,0.6222890142746914,"(np.float64(143.5), np.float64(144.5), np.float64(146.0))",12800,"(np.float64(1.432752613240418), np.float64(1.356401384083045), np.float64(1.2801369863013699))",False,False,12878,171,55.97637091453795,976,training_set\images\image_00976.jpg,6038,124.0,1.9773131659204173,PASS
19.965987546051526,True,0.6222890142746914,"(np.float64(143.0), np.float64(145.0), np.float64(146.5))",12800,"(np.float64(1.4377622377622377), np.float64(1.3517241379310345), np.float64(1.2757679180887371))",False,False,12878,173,55.65354530925636,977,training_set\images\image_00977.jpg,6038,124.0,2.3489709935629985,PASS
14.536710505164487,True,0.6222890142746914,"(np.float64(181.0), np.float64(157.0), np.float64(124.0))",12800,"(np.float64(1.1359116022099447), np.float64(1.2484076433121019), np.float64(1.507258064516129))",False,False,12878,9,31.933734415061178,980,training_set\images\image_00980.jpg,6038,126.0,3.530046243967272,PASS
13.676112613479708,True,0.6222890142746914,"(np.float64(150.5), np.float64(151.0), np.float64(152.0))",12800,"(np.float64(1.3661129568106312), np.float64(1.2980132450331126), np.float64(1.2296052631578949))",False,False,12878,0,16.488964096343153,981,training_set\images\image_00981.jpg,6038,126.0,2.727526998846057,PASS
14.349079554492555,True,0.6222890142746914,"(np.float64(147.0), np.float64(149.0), np.float64(154.0))",12800,"(np.float64(1.398639455782313), np.float64(1.3154362416107384), np.float64(1.2136363636363636))",False,False,12878,4,27.57494231808951,982,training_set\images\image_00982.jpg,6038,126.0,2.5272336195229084,PASS
13.655855111445275,True,0.6222890142746914,"(np.float64(149.0), np.float64(150.0), np.float64(153.0))",12800,"(np.float64(1.3798657718120806), np.float64(1.3066666666666666), np.float64(1.2215686274509805))",False,False,12878,0,20.595036704829774,983,training_set\images\image_00983.jpg,6038,126.0,2.151848169447117,PASS
15.205584664176966,True,0.6222890142746914,"(np.float64(148.0), np.float64(149.0), np.float64(152.0))",12800,"(np.float64(1.3891891891891892), np.float64(1.3154362416107384), np.float64(1.2296052631578949))",False,False,12878,29,41.819878555524184,984,training_set\images\image_00984.jpg,6038,126.0,2.928060655208979,PASS
14.598714288370227,True,0.6222890142746914,"(np.float64(149.0), np.float64(150.0), np.float64(153.0))",12800,"(np.float64(1.3798657718120806), np.float64(1.3066666666666666), np.float64(1.2215686274509805))",False,False,12878,10,35.88498845700423,985,training_set\images\image_00985.jpg,6038,126.0,2.1808065844460147,PASS
15.225266389214122,True,0.6222890142746914,"(np.float64(151.0), np.float64(151.0), np.float64(154.0))",12800,"(np.float64(1.36158940397351), np.float64(1.2980132450331126), np.float64(1.2136363636363636))",False,False,12878,35,44.92158328259949,986,training_set\images\image_00986.jpg,6038,126.0,1.91658166952617,PASS
14.957086183077593,True,0.6222890142746914,"(np.float64(149.0), np.float64(149.0), np.float64(150.0))",12800,"(np.float64(1.3798657718120806), np.float64(1.3154362416107384), np.float64(1.246))",False,False,12878,22,39.83118659091388,987,training_set\images\image_00987.jpg,6038,126.0,2.865133023546273,PASS
17.004097888377405,True,0.6222890142746914,"(np.float64(148.0), np.float64(149.0), np.float64(151.0))",12800,"(np.float64(1.3891891891891892), np.float64(1.3154362416107384), np.float64(1.237748344370861))",False,False,12878,128,51.49590227173072,988,training_set\images\image_00988.jpg,6038,126.0,2.229837110573232,PASS
13.346130521022245,True,0.6222890142746914,"(np.float64(147.0), np.float64(149.0), np.float64(152.0))",12800,"(np.float64(1.398639455782313), np.float64(1.3154362416107384), np.float64(1.2296052631578949))",False,False,12878,4,30.916641752301345,989,training_set\images\image_00989.jpg,6038,126.0,2.4611970303985014,PASS
14.470929057997036,True,0.6222890142746914,"(np.float64(148.0), np.float64(148.5), np.float64(150.0))",12800,"(np.float64(1.3891891891891892), np.float64(1.3198653198653199), np.float64(1.246))",False,False,12878,8,31.816771510454494,990,training_set\images\image_00990.jpg,6038,126.0,2.086630731834128,PASS
14.82585507708595,True,0.6222890142746914,"(np.float64(148.0), np.float64(149.0), np.float64(152.0))",12800,"(np.float64(1.3891891891891892), np.float64(1.3154362416107384), np.float64(1.2296052631578949))",False,False,12878,24,37.75852353570874,991,training_set\images\image_00991.jpg,6038,126.0,2.739165942238364,PASS
14.106509010750989,True,0.6222890142746914,"(np.float64(148.0), np.float64(150.0), np.float64(154.0))",12800,"(np.float64(1.3891891891891892), np.float64(1.3066666666666666), np.float64(1.2136363636363636))",False,False,12878,8,34.60255624240957,992,training_set\images\image_00992.jpg,6038,126.0,2.375124890124127,PASS
13.966829151422449,True,0.6222890142746914,"(np.float64(148.5), np.float64(149.0), np.float64(151.0))",12800,"(np.float64(1.3845117845117845), np.float64(1.3154362416107384), np.float64(1.237748344370861))",False,False,12878,6,29.453029502396323,993,training_set\images\image_00993.jpg,6038,126.0,2.3934044412123563,PASS
14.149634198218937,True,0.6222890142746914,"(np.float64(146.0), np.float64(148.0), np.float64(150.0))",12800,"(np.float64(1.4082191780821918), np.float64(1.3243243243243243), np.float64(1.246))",False,False,12878,7,31.837571925705028,994,training_set\images\image_00994.jpg,6038,126.0,2.5313065388851443,PASS
18.190990229282807,True,0.6222890142746914,"(np.float64(148.0), np.float64(149.0), np.float64(152.0))",12800,"(np.float64(1.3891891891891892), np.float64(1.3154362416107384), np.float64(1.2296052631578949))",False,False,12878,246,52.49203581001109,995,training_set\images\image_00995.jpg,6038,126.0,2.371805553209237,PASS
16.281166847600232,True,0.6222890142746914,"(np.float64(148.0), np.float64(150.0), np.float64(152.0))",12800,"(np.float64(1.3891891891891892), np.float64(1.3066666666666666), np.float64(1.2296052631578949))",False,False,12878,43,48.84635199375764,996,training_set\images\image_00996.jpg,6038,126.0,2.090830776087897,PASS
14.058255875793845,True,0.6222890142746914,"(np.float64(147.0), np.float64(147.0), np.float64(151.0))",12800,"(np.float64(1.398639455782313), np.float64(1.3333333333333333), np.float64(1.237748344370861))",False,False,12878,25,41.01627642218642,997,training_set\images\image_00997.jpg,6038,126.0,1.4230080675149754,PASS
14.458640506137188,True,0.6222890142746914,"(np.float64(144.5), np.float64(149.0), np.float64(153.0))",12800,"(np.float64(1.4228373702422146), np.float64(1.3154362416107384), np.float64(1.2215686274509805))",False,False,12878,13,36.36479059317573,998,training_set\images\image_00998.jpg,6038,126.0,1.676177492722241,PASS
14.420967688726023,True,0.6222890142746914,"(np.float64(149.0), np.float64(150.0), np.float64(153.0))",12800,"(np.float64(1.3798657718120806), np.float64(1.3066666666666666), np.float64(1.2215686274509805))",False,False,12878,11,35.056926376443876,999,training_set\images\image_00999.jpg,6038,126.0,2.00815352571963,PASS
14.516609898820382,True,0.6222890142746914,"(np.float64(149.0), np.float64(150.0), np.float64(154.0))",12800,"(np.float64(1.3798657718120806), np.float64(1.3066666666666666), np.float64(1.2136363636363636))",False,False,12878,12,35.12297090164117,1000,training_set\images\image_01000.jpg,6038,126.0,1.7408130754860802,PASS
15.022611364653878,True,0.6222890142746914,"(np.float64(150.0), np.float64(151.0), np.float64(154.0))",12800,"(np.float64(1.3706666666666667), np.float64(1.2980132450331126), np.float64(1.2136363636363636))",False,False,12878,26,39.74968330738815,1001,training_set\images\image_01001.jpg,6038,126.0,2.02443658798704,PASS
14.232899002768992,True,0.6222890142746914,"(np.float64(148.0), np.float64(148.0), np.float64(149.0))",12800,"(np.float64(1.3891891891891892), np.float64(1.3243243243243243), np.float64(1.2543624161073825))",False,False,12878,8,32.4868176786398,1002,training_set\images\image_01002.jpg,6038,126.0,2.0723652838901336,PASS
13.241263661142767,True,0.6222890142746914,"(np.float64(145.0), np.float64(146.0), np.float64(150.0))",12800,"(np.float64(1.4179310344827585), np.float64(1.3424657534246576), np.float64(1.246))",False,False,12878,0,22.184624414790093,1003,training_set\images\image_01003.jpg,6038,126.0,2.402899451121805,PASS
14.535685076657575,True,0.6222890142746914,"(np.float64(149.0), np.float64(149.0), np.float64(152.0))",12800,"(np.float64(1.3798657718120806), np.float64(1.3154362416107384), np.float64(1.2296052631578949))",False,False,12878,19,41.57053697969242,1004,training_set\images\image_01004.jpg,6038,126.0,2.3739639819557783,PASS
14.374176935647473,True,0.6222890142746914,"(np.float64(147.0), np.float64(147.0), np.float64(150.0))",12800,"(np.float64(1.398639455782313), np.float64(1.3333333333333333), np.float64(1.246))",False,False,12878,33,45.49593641562821,1005,training_set\images\image_01005.jpg,6038,126.0,2.0926875668321983,PASS
19.244228719268516,True,0.6222890142746914,"(np.float64(141.0), np.float64(141.5), np.float64(144.0))",12800,"(np.float64(1.4581560283687942), np.float64(1.3851590106007068), np.float64(1.2979166666666666))",False,False,12878,167,53.05731855141652,1009,training_set\images\image_01009.jpg,6038,126.0,2.77051647636279,PASS
15.064391869084906,True,0.6222890142746914,"(np.float64(141.5), np.float64(143.5), np.float64(146.5))",12800,"(np.float64(1.4530035335689047), np.float64(1.3658536585365855), np.float64(1.2757679180887371))",False,False,12878,0,21.08548102610753,1010,training_set\images\image_01010.jpg,6038,126.0,2.844516910868788,PASS
15.33685157652733,True,0.6222890142746914,"(np.float64(142.5), np.float64(143.0), np.float64(145.5))",12800,"(np.float64(1.4428070175438596), np.float64(1.3706293706293706), np.float64(1.284536082474227))",False,False,12878,3,27.238863536483635,1011,training_set\images\image_01011.jpg,6038,126.0,2.189214577748469,PASS
16.580631917956012,True,0.6222890142746914,"(np.float64(144.0), np.float64(143.5), np.float64(143.0))",12800,"(np.float64(1.4277777777777778), np.float64(1.3658536585365855), np.float64(1.3069930069930071))",False,False,12878,8,30.855247348957878,1012,training_set\images\image_01012.jpg,6038,126.0,2.4222037194710806,PASS
17.23395345554321,True,0.6222890142746914,"(np.float64(144.0), np.float64(145.5), np.float64(147.0))",12800,"(np.float64(1.4277777777777778), np.float64(1.3470790378006874), np.float64(1.2714285714285716))",False,False,12878,17,36.39495446973936,1013,training_set\images\image_01013.jpg,6038,126.0,1.9585946082883257,PASS
16.538428909205898,True,0.6222890142746914,"(np.float64(143.0), np.float64(144.0), np.float64(146.0))",12800,"(np.float64(1.4377622377622377), np.float64(1.3611111111111112), np.float64(1.2801369863013699))",False,False,12878,36,42.172146507200964,1014,training_set\images\image_01014.jpg,6038,126.0,2.881412261439196,PASS
13.365315159345847,True,0.5642314091435185,"(np.float64(141.0), np.float64(142.0), np.float64(146.0))",5650,"(np.float64(1.4581560283687942), np.float64(1.380281690140845), np.float64(1.2801369863013699))",False,False,11710,0,16.823491531847434,1015,training_set\images\image_01015.jpg,7038,127.0,2.439828479622176,PASS
12.241173545443575,True,0.5642314091435185,"(np.float64(140.0), np.float64(140.0), np.float64(143.0))",5650,"(np.float64(1.4685714285714286), np.float64(1.4), np.float64(1.3069930069930071))",False,False,11710,0,18.377427494975308,1016,training_set\images\image_01016.jpg,7038,127.0,1.9738268762604592,PASS
12.70267133767774,True,0.5642314091435185,"(np.float64(140.0), np.float64(140.0), np.float64(143.0))",5650,"(np.float64(1.4685714285714286), np.float64(1.4), np.float64(1.3069930069930071))",False,False,11710,0,16.90873281233653,1017,training_set\images\image_01017.jpg,7038,127.0,2.9971350117390405,PASS
12.132996054321993,True,0.5642314091435185,"(np.float64(140.0), np.float64(140.0), np.float64(143.0))",5650,"(np.float64(1.4685714285714286), np.float64(1.4), np.float64(1.3069930069930071))",False,False,11710,0,16.018197158710002,1018,training_set\images\image_01018.jpg,7038,127.0,1.8717099261577024,PASS
13.913500806188065,True,0.5642314091435185,"(np.float64(138.0), np.float64(140.0), np.float64(142.0))",5650,"(np.float64(1.489855072463768), np.float64(1.4), np.float64(1.3161971830985917))",False,False,11710,0,19.00879366445844,1019,training_set\images\image_01019.jpg,7038,127.0,1.463095651345545,PASS
14.27925215322613,True,0.5642314091435185,"(np.float64(139.0), np.float64(140.0), np.float64(142.0))",5650,"(np.float64(1.4791366906474819), np.float64(1.4), np.float64(1.3161971830985917))",False,False,11710,0,20.873740622513424,1020,training_set\images\image_01020.jpg,7038,127.0,2.6270806709429,PASS
13.227168010791523,True,0.5642314091435185,"(np.float64(142.0), np.float64(142.0), np.float64(145.0))",5650,"(np.float64(1.447887323943662), np.float64(1.380281690140845), np.float64(1.2889655172413794))",False,False,11710,0,17.166670289840063,1021,training_set\images\image_01021.jpg,7038,127.0,1.6545479884854248,PASS
12.6957511396147,True,0.5642314091435185,"(np.float64(141.0), np.float64(141.0), np.float64(144.0))",5650,"(np.float64(1.4581560283687942), np.float64(1.3900709219858156), np.float64(1.2979166666666666))",False,False,11710,0,16.951789014878454,1022,training_set\images\image_01022.jpg,7038,127.0,2.5716211961619053,PASS
12.963847030673396,True,0.5642314091435185,"(np.float64(139.0), np.float64(139.0), np.float64(142.0))",5650,"(np.float64(1.4791366906474819), np.float64(1.410071942446043), np.float64(1.3161971830985917))",False,False,11710,0,16.81841406994668,1023,training_set\images\image_01023.jpg,7038,127.0,1.1402365910731025,PASS
15.210706536920359,True,0.5642314091435185,"(np.float64(139.0), np.float64(140.0), np.float64(144.0))",5650,"(np.float64(1.4791366906474819), np.float64(1.4), np.float64(1.2979166666666666))",False,False,11710,0,20.597938939651307,1024,training_set\images\image_01024.jpg,7038,127.0,2.383431022388135,PASS
11.400426714236735,True,0.5642314091435185,"(np.float64(140.0), np.float64(140.0), np.float64(141.0))",5650,"(np.float64(1.4685714285714286), np.float64(1.4), np.float64(1.325531914893617))",False,False,11710,0,14.927708275019173,1025,training_set\images\image_01025.jpg,7038,127.0,5.742034852533751,PASS
12.75214103993705,True,0.5642314091435185,"(np.float64(140.0), np.float64(140.0), np.float64(142.0))",5650,"(np.float64(1.4685714285714286), np.float64(1.4), np.float64(1.3161971830985917))",False,False,11710,0,17.084902778284643,1026,training_set\images\image_01026.jpg,7038,127.0,5.021029718616978,PASS
13.083823994314908,True,0.5642314091435185,"(np.float64(138.0), np.float64(141.0), np.float64(147.0))",5650,"(np.float64(1.489855072463768), np.float64(1.3900709219858156), np.float64(1.2714285714285716))",False,False,11710,0,16.917845921713432,1027,training_set\images\image_01027.jpg,7038,127.0,1.807292824637905,PASS
12.059765717723643,True,0.5642314091435185,"(np.float64(140.0), np.float64(141.0), np.float64(144.0))",5650,"(np.float64(1.4685714285714286), np.float64(1.3900709219858156), np.float64(1.2979166666666666))",False,False,11710,0,16.73177878136759,1028,training_set\images\image_01028.jpg,7038,127.0,1.7577574918564036,PASS
13.027815429827323,True,0.5642314091435185,"(np.float64(139.0), np.float64(139.0), np.float64(142.0))",5650,"(np.float64(1.4791366906474819), np.float64(1.410071942446043), np.float64(1.3161971830985917))",False,False,11710,0,20.305216566425397,1029,training_set\images\image_01029.jpg,7038,127.0,10.03770857300726,PASS
11.546041769108532,True,0.5642314091435185,"(np.float64(141.0), np.float64(143.0), np.float64(147.0))",5650,"(np.float64(1.4581560283687942), np.float64(1.3706293706293706), np.float64(1.2714285714285716))",False,False,11710,0,14.59398027192567,1030,training_set\images\image_01030.jpg,7038,127.0,2.111458499911947,PASS
15.205147738410199,True,0.5642314091435185,"(np.float64(142.0), np.float64(140.0), np.float64(139.0))",5650,"(np.float64(1.447887323943662), np.float64(1.4), np.float64(1.3446043165467627))",False,False,11710,151,45.22989242596981,1031,training_set\images\image_01031.jpg,7038,127.0,1.775351605416356,PASS
11.362700077939762,True,0.5642314091435185,"(np.float64(141.0), np.float64(142.0), np.float64(145.0))",5650,"(np.float64(1.4581560283687942), np.float64(1.380281690140845), np.float64(1.2889655172413794))",False,False,11710,0,20.02393992560205,1032,training_set\images\image_01032.jpg,7038,127.0,2.326729923980228,PASS
11.139958069420587,True,0.5642314091435185,"(np.float64(144.0), np.float64(142.0), np.float64(141.0))",5650,"(np.float64(1.4277777777777778), np.float64(1.380281690140845), np.float64(1.325531914893617))",False,False,11710,0,13.663721219437262,1033,training_set\images\image_01033.jpg,7038,127.0,2.765008744737376,PASS
12.62650789971351,True,0.5642314091435185,"(np.float64(144.0), np.float64(143.0), np.float64(143.0))",5650,"(np.float64(1.4277777777777778), np.float64(1.3706293706293706), np.float64(1.3069930069930071))",False,False,11710,0,21.570048902155268,1034,training_set\images\image_01034.jpg,7038,127.0,1.3742815426490458,PASS
10.910273092082804,True,0.5642314091435185,"(np.float64(142.0), np.float64(142.0), np.float64(142.0))",5650,"(np.float64(1.447887323943662), np.float64(1.380281690140845), np.float64(1.3161971830985917))",False,False,11710,0,13.361083033176842,1035,training_set\images\image_01035.jpg,7038,127.0,2.0780714590781537,PASS
11.35485537508431,True,0.5642314091435185,"(np.float64(143.0), np.float64(141.0), np.float64(141.0))",5650,"(np.float64(1.4377622377622377), np.float64(1.3900709219858156), np.float64(1.325531914893617))",False,False,11710,0,14.714964918201328,1036,training_set\images\image_01036.jpg,7038,127.0,1.396365724585984,PASS
12.919128382737073,True,0.5642314091435185,"(np.float64(141.0), np.float64(140.0), np.float64(140.0))",5650,"(np.float64(1.4581560283687942), np.float64(1.4), np.float64(1.335))",False,False,11710,123,50.20610779946036,1037,training_set\images\image_01037.jpg,7038,127.0,2.033076210699132,PASS
12.251034856800825,True,0.5642314091435185,"(np.float64(132.0), np.float64(131.0), np.float64(132.0))",5650,"(np.float64(1.5575757575757576), np.float64(1.4961832061068703), np.float64(1.415909090909091))",False,False,11710,86,52.14982730613463,1038,training_set\images\image_01038.jpg,7038,127.0,2.1418044578431576,PASS
11.996956727766491,True,0.5642314091435185,"(np.float64(142.0), np.float64(142.0), np.float64(144.0))",5650,"(np.float64(1.447887323943662), np.float64(1.380281690140845), np.float64(1.2979166666666666))",False,False,11710,0,15.82459410987729,1039,training_set\images\image_01039.jpg,7038,127.0,2.425359852310905,PASS
11.908005956391369,True,0.5642314091435185,"(np.float64(142.0), np.float64(143.0), np.float64(145.0))",5650,"(np.float64(1.447887323943662), np.float64(1.3706293706293706), np.float64(1.2889655172413794))",False,False,11710,0,21.401096800356857,1040,training_set\images\image_01040.jpg,7038,127.0,2.3297322424537628,PASS
11.421916929737016,True,0.5642314091435185,"(np.float64(144.0), np.float64(142.0), np.float64(141.0))",5650,"(np.float64(1.4277777777777778), np.float64(1.380281690140845), np.float64(1.325531914893617))",False,False,11710,0,14.276241773992819,1041,training_set\images\image_01041.jpg,7038,127.0,2.201500005480105,PASS
11.478808789619466,True,0.5642314091435185,"(np.float64(144.0), np.float64(144.0), np.float64(145.0))",5650,"(np.float64(1.4277777777777778), np.float64(1.3611111111111112), np.float64(1.2889655172413794))",False,False,11710,0,15.58215423173826,1042,training_set\images\image_01042.jpg,7038,127.0,2.201059740497794,PASS
11.03600155419946,True,0.5642314091435185,"(np.float64(145.0), np.float64(144.0), np.float64(145.0))",5650,"(np.float64(1.4179310344827585), np.float64(1.3611111111111112), np.float64(1.2889655172413794))",False,False,11710,0,13.799247295558425,1043,training_set\images\image_01043.jpg,7038,127.0,2.3789868919340904,PASS
12.09595026210516,True,0.5642314091435185,"(np.float64(144.0), np.float64(143.0), np.float64(144.0))",5650,"(np.float64(1.4277777777777778), np.float64(1.3706293706293706), np.float64(1.2979166666666666))",False,False,11710,36,38.774691137104625,1044,training_set\images\image_01044.jpg,7038,127.0,2.1921973555509657,PASS
10.697389706120923,True,0.5642314091435185,"(np.float64(143.0), np.float64(142.0), np.float64(143.0))",5650,"(np.float64(1.4377622377622377), np.float64(1.380281690140845), np.float64(1.3069930069930071))",False,False,11710,0,13.045996143128233,1045,training_set\images\image_01045.jpg,7038,127.0,1.8823849598038391,PASS
18.51633530668932,True,0.5642314091435185,"(np.float64(144.0), np.float64(142.0), np.float64(142.0))",5650,"(np.float64(1.4277777777777778), np.float64(1.380281690140845), np.float64(1.3161971830985917))",False,False,11710,169,49.829705822150615,1046,training_set\images\image_01046.jpg,7038,127.0,1.6944906917013325,PASS
15.489782480128538,True,0.5642314091435185,"(np.float64(144.0), np.float64(144.0), np.float64(146.0))",5650,"(np.float64(1.4277777777777778), np.float64(1.3611111111111112), np.float64(1.2801369863013699))",False,False,11710,19,30.75129230844298,1047,training_set\images\image_01047.jpg,7038,127.0,2.39690402743394,PASS
15.632668978101442,True,0.5642314091435185,"(np.float64(144.0), np.float64(143.0), np.float64(143.0))",5650,"(np.float64(1.4277777777777778), np.float64(1.3706293706293706), np.float64(1.3069930069930071))",False,False,11710,38,35.200773853803945,1048,training_set\images\image_01048.jpg,7038,127.0,2.199655704027244,PASS
11.287833576983026,True,0.5642314091435185,"(np.float64(142.0), np.float64(142.0), np.float64(142.0))",5650,"(np.float64(1.447887323943662), np.float64(1.380281690140845), np.float64(1.3161971830985917))",False,False,11710,0,13.424596649627567,1049,training_set\images\image_01049.jpg,7038,127.0,1.868413248948324,PASS
12.433734000677353,True,0.5642314091435185,"(np.float64(144.0), np.float64(143.0), np.float64(142.0))",5650,"(np.float64(1.4277777777777778), np.float64(1.3706293706293706), np.float64(1.3161971830985917))",False,False,11710,0,17.663640552009927,1050,training_set\images\image_01050.jpg,7038,127.0,1.5113203454654784,PASS
14.557471510324497,True,0.6222890142746914,"(np.float64(138.0), np.float64(140.0), np.float64(142.0))",12800,"(np.float64(1.489855072463768), np.float64(1.4), np.float64(1.3161971830985917))",False,False,12878,27,39.94390972317922,1055,training_set\images\image_01055.jpg,6038,128.0,2.2588548393535066,PASS
16.24248647546784,True,0.6222890142746914,"(np.float64(139.0), np.float64(140.0), np.float64(141.0))",12800,"(np.float64(1.4791366906474819), np.float64(1.4), np.float64(1.325531914893617))",False,False,12878,29,38.04815491853448,1056,training_set\images\image_01056.jpg,6038,128.0,2.2007361037429805,PASS
16.180875036148507,True,0.6222890142746914,"(np.float64(140.0), np.float64(141.0), np.float64(144.0))",12800,"(np.float64(1.4685714285714286), np.float64(1.3900709219858156), np.float64(1.2979166666666666))",False,False,12878,17,38.76210930906377,1057,training_set\images\image_01057.jpg,6038,128.0,2.562835053485811,PASS
16.702665610543168,True,0.6222890142746914,"(np.float64(140.0), np.float64(142.0), np.float64(144.0))",12800,"(np.float64(1.4685714285714286), np.float64(1.380281690140845), np.float64(1.2979166666666666))",False,False,12878,40,44.178100655400954,1058,training_set\images\image_01058.jpg,6038,128.0,2.597226154339022,PASS
15.918420223776742,True,0.6222890142746914,"(np.float64(138.0), np.float64(139.0), np.float64(142.0))",12800,"(np.float64(1.489855072463768), np.float64(1.410071942446043), np.float64(1.3161971830985917))",False,False,12878,12,37.41541678123032,1059,training_set\images\image_01059.jpg,6038,128.0,1.7102325180715967,PASS
15.740789597939404,True,0.6222890142746914,"(np.float64(139.5), np.float64(140.0), np.float64(141.0))",12800,"(np.float64(1.4738351254480286), np.float64(1.4), np.float64(1.325531914893617))",False,False,12878,31,42.39517777018681,1060,training_set\images\image_01060.jpg,6038,128.0,1.6197236499482028,PASS
16.179915292576375,True,0.6222890142746914,"(np.float64(142.0), np.float64(136.0), np.float64(134.0))",12800,"(np.float64(1.447887323943662), np.float64(1.4411764705882353), np.float64(1.394776119402985))",False,False,12878,29,39.69638426166326,1061,training_set\images\image_01061.jpg,6038,128.0,9.073783875880467,FAIL
14.931410107264437,True,0.6222890142746914,"(np.float64(132.0), np.float64(139.0), np.float64(142.0))",12800,"(np.float64(1.5575757575757576), np.float64(1.410071942446043), np.float64(1.3161971830985917))",False,False,12878,0,20.38863896074176,1062,training_set\images\image_01062.jpg,6038,128.0,3.788171957882882,FAIL
15.757535496973368,True,0.6222890142746914,"(np.float64(135.0), np.float64(140.0), np.float64(148.5))",12800,"(np.float64(1.5229629629629629), np.float64(1.4), np.float64(1.2585858585858587))",False,False,12878,40,44.26936049357236,1063,training_set\images\image_01063.jpg,6038,128.0,1.9192697194893544,PASS
15.898186904318608,True,0.6222890142746914,"(np.float64(144.0), np.float64(145.0), np.float64(146.0))",12800,"(np.float64(1.4277777777777778), np.float64(1.3517241379310345), np.float64(1.2801369863013699))",False,False,12878,0,24.8768549576913,1064,training_set\images\image_01064.jpg,6038,128.0,2.309736544700732,PASS
16.41428630531066,True,0.6222890142746914,"(np.float64(143.0), np.float64(143.0), np.float64(144.0))",12800,"(np.float64(1.4377622377622377), np.float64(1.3706293706293706), np.float64(1.2979166666666666))",False,False,12878,26,40.58575154372411,1065,training_set\images\image_01065.jpg,6038,128.0,1.81515082603122,PASS
16.861187029322007,True,0.6222890142746914,"(np.float64(141.0), np.float64(141.0), np.float64(143.0))",12800,"(np.float64(1.4581560283687942), np.float64(1.3900709219858156), np.float64(1.3069930069930071))",False,False,12878,45,46.71405330026717,1066,training_set\images\image_01066.jpg,6038,128.0,4.296904673634633,PASS
16.850576485099232,True,0.6222890142746914,"(np.float64(139.0), np.float64(140.0), np.float64(143.0))",12800,"(np.float64(1.4791366906474819), np.float64(1.4), np.float64(1.3069930069930071))",False,False,12878,42,48.18601707349516,1067,training_set\images\image_01067.jpg,6038,128.0,1.559993642094568,PASS
16.8740474683703,True,0.6222890142746914,"(np.float64(138.0), np.float64(140.0), np.float64(142.0))",12800,"(np.float64(1.489855072463768), np.float64(1.4), np.float64(1.3161971830985917))",False,False,12878,40,45.06305109328041,1068,training_set\images\image_01068.jpg,6038,128.0,1.6409789320566937,PASS
17.192780563394695,True,0.6222890142746914,"(np.float64(138.5), np.float64(140.0), np.float64(142.0))",12800,"(np.float64(1.4844765342960289), np.float64(1.4), np.float64(1.3161971830985917))",False,False,12878,29,40.71095372154703,1069,training_set\images\image_01069.jpg,6038,128.0,1.245005646659648,PASS
16.620338949379583,True,0.6222890142746914,"(np.float64(139.5), np.float64(142.0), np.float64(145.0))",12800,"(np.float64(1.4738351254480286), np.float64(1.380281690140845), np.float64(1.2889655172413794))",False,False,12878,40,45.302434018772644,1070,training_set\images\image_01070.jpg,6038,128.0,1.3545250770845143,PASS
17.97572212967969,True,0.6222890142746914,"(np.float64(141.0), np.float64(141.0), np.float64(142.0))",12800,"(np.float64(1.4581560283687942), np.float64(1.3900709219858156), np.float64(1.3161971830985917))",False,False,12878,65,47.952479281053186,1071,training_set\images\image_01071.jpg,6038,128.0,2.0830851646911146,PASS
17.110211338580648,True,0.6222890142746914,"(np.float64(140.0), np.float64(140.0), np.float64(142.0))",12800,"(np.float64(1.4685714285714286), np.float64(1.4), np.float64(1.3161971830985917))",False,False,12878,38,43.29578979888272,1072,training_set\images\image_01072.jpg,6038,128.0,2.1581643139745164,PASS
16.60099717349614,True,0.6222890142746914,"(np.float64(141.0), np.float64(142.0), np.float64(145.0))",12800,"(np.float64(1.4581560283687942), np.float64(1.380281690140845), np.float64(1.2889655172413794))",False,False,12878,12,37.06446564836718,1073,training_set\images\image_01073.jpg,6038,128.0,7.763449990496534,PASS
16.16965083168394,True,0.6222890142746914,"(np.float64(137.0), np.float64(137.0), np.float64(140.0))",12800,"(np.float64(1.5007299270072991), np.float64(1.4306569343065694), np.float64(1.335))",False,False,12878,24,39.15985224077309,1074,training_set\images\image_01074.jpg,6038,128.0,1.4229778317354052,PASS
16.39409390628435,True,0.6222890142746914,"(np.float64(137.0), np.float64(139.0), np.float64(141.0))",12800,"(np.float64(1.5007299270072991), np.float64(1.410071942446043), np.float64(1.325531914893617))",False,False,12878,1,25.369063500766824,1075,training_set\images\image_01075.jpg,6038,128.0,1.537197478867694,PASS
17.4503434164168,True,0.6222890142746914,"(np.float64(139.0), np.float64(139.5), np.float64(141.0))",12800,"(np.float64(1.4791366906474819), np.float64(1.4050179211469533), np.float64(1.325531914893617))",False,False,12878,23,39.268290230048756,1076,training_set\images\image_01076.jpg,6038,128.0,1.835922698498355,PASS
16.599449779127546,True,0.6222890142746914,"(np.float64(136.5), np.float64(137.5), np.float64(139.5))",12800,"(np.float64(1.5062271062271062), np.float64(1.4254545454545455), np.float64(1.3397849462365592))",False,False,12878,18,31.20234804111346,1077,training_set\images\image_01077.jpg,6038,128.0,1.9595869364975065,PASS
16.56412138789873,True,0.6222890142746914,"(np.float64(138.0), np.float64(139.0), np.float64(141.0))",12800,"(np.float64(1.489855072463768), np.float64(1.410071942446043), np.float64(1.325531914893617))",False,False,12878,17,30.54514352103347,1078,training_set\images\image_01078.jpg,6038,128.0,2.667440997308008,PASS
17.681166896392224,True,0.6222890142746914,"(np.float64(138.5), np.float64(138.5), np.float64(141.0))",12800,"(np.float64(1.4844765342960289), np.float64(1.4151624548736461), np.float64(1.325531914893617))",False,False,12878,17,40.18170119179295,1079,training_set\images\image_01079.jpg,6038,128.0,1.9661988387873248,PASS
16.816669777999437,True,0.6222890142746914,"(np.float64(136.0), np.float64(138.0), np.float64(140.0))",12800,"(np.float64(1.511764705882353), np.float64(1.4202898550724639), np.float64(1.335))",False,False,12878,13,35.54818240411426,1080,training_set\images\image_01080.jpg,6038,128.0,2.056398978882205,PASS
15.52326863596729,True,0.6222890142746914,"(np.float64(136.0), np.float64(137.5), np.float64(140.0))",12800,"(np.float64(1.511764705882353), np.float64(1.4254545454545455), np.float64(1.335))",False,False,12878,1,25.937133673297076,1081,training_set\images\image_01081.jpg,6038,128.0,2.316711141253679,PASS
16.24885934354412,True,0.6222890142746914,"(np.float64(137.0), np.float64(138.0), np.float64(139.5))",12800,"(np.float64(1.5007299270072991), np.float64(1.4202898550724639), np.float64(1.3397849462365592))",False,False,12878,24,43.092073915108394,1082,training_set\images\image_01082.jpg,6038,128.0,1.5810181968085202,PASS
17.369435623406098,True,0.6222890142746914,"(np.float64(138.0), np.float64(140.0), np.float64(141.0))",12800,"(np.float64(1.489855072463768), np.float64(1.4), np.float64(1.325531914893617))",False,False,12878,18,38.77339251863704,1083,training_set\images\image_01083.jpg,6038,128.0,2.0624160242780136,PASS
16.11355157813063,True,0.6222890142746914,"(np.float64(136.0), np.float64(137.0), np.float64(140.0))",12800,"(np.float64(1.511764705882353), np.float64(1.4306569343065694), np.float64(1.335))",False,False,12878,4,30.495816880563744,1084,training_set\images\image_01084.jpg,6038,128.0,1.928172210851408,PASS
17.180975090923575,True,0.6222890142746914,"(np.float64(136.0), np.float64(137.0), np.float64(139.0))",12800,"(np.float64(1.511764705882353), np.float64(1.4306569343065694), np.float64(1.3446043165467627))",False,False,12878,36,47.66136501039706,1085,training_set\images\image_01085.jpg,6038,128.0,1.7052559705974593,PASS
17.260657246680108,True,0.6222890142746914,"(np.float64(137.0), np.float64(138.5), np.float64(140.0))",12800,"(np.float64(1.5007299270072991), np.float64(1.4151624548736461), np.float64(1.335))",False,False,12878,11,36.90097378847228,1086,training_set\images\image_01086.jpg,6038,128.0,2.281339491487661,PASS
17.836737049468635,True,0.6222890142746914,"(np.float64(137.0), np.float64(138.5), np.float64(141.0))",12800,"(np.float64(1.5007299270072991), np.float64(1.4151624548736461), np.float64(1.325531914893617))",False,False,12878,50,46.735494334461734,1087,training_set\images\image_01087.jpg,6038,128.0,2.1797770337782008,PASS
13.859973495015065,True,0.5642314091435185,"(np.float64(147.0), np.float64(148.0), np.float64(151.0))",5650,"(np.float64(1.398639455782313), np.float64(1.3243243243243243), np.float64(1.237748344370861))",False,False,11710,0,17.976814109190993,1089,training_set\images\image_01089.jpg,7038,129.0,1.457126492231945,PASS
13.92192243748545,True,0.5642314091435185,"(np.float64(145.0), np.float64(146.0), np.float64(149.0))",5650,"(np.float64(1.4179310344827585), np.float64(1.3424657534246576), np.float64(1.2543624161073825))",False,False,11710,0,17.760736375050286,1090,training_set\images\image_01090.jpg,7038,129.0,0.7975160174418199,PASS
14.001074486837133,True,0.5642314091435185,"(np.float64(146.0), np.float64(147.0), np.float64(150.0))",5650,"(np.float64(1.4082191780821918), np.float64(1.3333333333333333), np.float64(1.246))",False,False,11710,0,18.209060541678443,1091,training_set\images\image_01091.jpg,7038,129.0,0.8067421589829609,PASS
15.536646358235474,True,0.5642314091435185,"(np.float64(148.0), np.float64(149.0), np.float64(151.0))",5650,"(np.float64(1.3891891891891892), np.float64(1.3154362416107384), np.float64(1.237748344370861))",False,False,11710,48,40.616250704533165,1092,training_set\images\image_01092.jpg,7038,129.0,1.0946980795328007,PASS
14.072575137833422,True,0.5642314091435185,"(np.float64(148.0), np.float64(149.0), np.float64(152.0))",5650,"(np.float64(1.3891891891891892), np.float64(1.3154362416107384), np.float64(1.2296052631578949))",False,False,11710,0,18.448701019426608,1093,training_set\images\image_01093.jpg,7038,129.0,1.7848658983646704,PASS
15.72250276811091,True,0.5642314091435185,"(np.float64(148.0), np.float64(149.0), np.float64(152.0))",5650,"(np.float64(1.3891891891891892), np.float64(1.3154362416107384), np.float64(1.2296052631578949))",False,False,11710,7,28.35673449232079,1094,training_set\images\image_01094.jpg,7038,129.0,3.3914490810941555,PASS
13.914287744353345,True,0.5642314091435185,"(np.float64(148.0), np.float64(148.0), np.float64(152.0))",5650,"(np.float64(1.3891891891891892), np.float64(1.3243243243243243), np.float64(1.2296052631578949))",False,False,11710,0,17.84054694080117,1095,training_set\images\image_01095.jpg,7038,129.0,1.9304651246773696,PASS
13.85705627230616,True,0.5642314091435185,"(np.float64(147.0), np.float64(148.0), np.float64(151.0))",5650,"(np.float64(1.398639455782313), np.float64(1.3243243243243243), np.float64(1.237748344370861))",False,False,11710,0,17.887785881268844,1096,training_set\images\image_01096.jpg,7038,129.0,8.12381778278163,PASS
14.401614524633787,True,0.5642314091435185,"(np.float64(147.0), np.float64(149.0), np.float64(152.0))",5650,"(np.float64(1.398639455782313), np.float64(1.3154362416107384), np.float64(1.2296052631578949))",False,False,11710,0,18.906354779395166,1097,training_set\images\image_01097.jpg,7038,129.0,3.5176111248737145,PASS
14.276796886272681,True,0.5642314091435185,"(np.float64(149.0), np.float64(150.0), np.float64(154.0))",5650,"(np.float64(1.3798657718120806), np.float64(1.3066666666666666), np.float64(1.2136363636363636))",False,False,11710,0,18.57400006366368,1098,training_set\images\image_01098.jpg,7038,129.0,1.852743352694581,PASS
16.47716725488018,True,0.5642314091435185,"(np.float64(148.0), np.float64(149.0), np.float64(152.0))",5650,"(np.float64(1.3891891891891892), np.float64(1.3154362416107384), np.float64(1.2296052631578949))",False,False,11710,28,38.18884428919802,1099,training_set\images\image_01099.jpg,7038,129.0,1.618839122806146,PASS
15.604117922162724,True,0.5642314091435185,"(np.float64(149.0), np.float64(150.0), np.float64(154.0))",5650,"(np.float64(1.3798657718120806), np.float64(1.3066666666666666), np.float64(1.2136363636363636))",False,False,11710,32,37.29754206583219,1100,training_set\images\image_01100.jpg,7038,129.0,1.648414831888831,PASS
16.095230290007475,True,0.5642314091435185,"(np.float64(149.0), np.float64(150.0), np.float64(153.0))",5650,"(np.float64(1.3798657718120806), np.float64(1.3066666666666666), np.float64(1.2215686274509805))",False,False,11710,21,32.08809298114992,1101,training_set\images\image_01101.jpg,7038,129.0,1.44449327053305,PASS
14.86115256502437,True,0.5642314091435185,"(np.float64(148.0), np.float64(148.0), np.float64(152.0))",5650,"(np.float64(1.3891891891891892), np.float64(1.3243243243243243), np.float64(1.2296052631578949))",False,False,11710,0,24.088648119817538,1102,training_set\images\image_01102.jpg,7038,129.0,2.519793599156486,PASS
13.553938941448719,True,0.5642314091435185,"(np.float64(147.0), np.float64(147.0), np.float64(151.0))",5650,"(np.float64(1.398639455782313), np.float64(1.3333333333333333), np.float64(1.237748344370861))",False,False,11710,0,17.239816329830248,1103,training_set\images\image_01103.jpg,7038,129.0,3.0898401656186008,PASS
13.611423579138972,True,0.5642314091435185,"(np.float64(148.0), np.float64(149.0), np.float64(152.0))",5650,"(np.float64(1.3891891891891892), np.float64(1.3154362416107384), np.float64(1.2296052631578949))",False,False,11710,0,17.28190542019206,1104,training_set\images\image_01104.jpg,7038,129.0,4.401280675891719,PASS
13.721599625646379,True,0.5642314091435185,"(np.float64(150.0), np.float64(151.0), np.float64(154.0))",5650,"(np.float64(1.3706666666666667), np.float64(1.2980132450331126), np.float64(1.2136363636363636))",False,False,11710,0,17.76714239062314,1105,training_set\images\image_01105.jpg,7038,129.0,4.75233390960713,PASS
13.8949015768984,True,0.5642314091435185,"(np.float64(149.0), np.float64(150.0), np.float64(153.0))",5650,"(np.float64(1.3798657718120806), np.float64(1.3066666666666666), np.float64(1.2215686274509805))",False,False,11710,0,18.128541465397834,1106,training_set\images\image_01106.jpg,7038,129.0,1.9381830150395152,PASS
15.589109512669138,True,0.5642314091435185,"(np.float64(147.0), np.float64(147.0), np.float64(151.0))",5650,"(np.float64(1.398639455782313), np.float64(1.3333333333333333), np.float64(1.237748344370861))",False,False,11710,56,42.620388569297404,1107,training_set\images\image_01107.jpg,7038,129.0,1.824782600276648,PASS
15.053718649083578,True,0.5642314091435185,"(np.float64(146.0), np.float64(147.0), np.float64(150.0))",5650,"(np.float64(1.4082191780821918), np.float64(1.3333333333333333), np.float64(1.246))",False,False,11710,0,19.62160556830919,1108,training_set\images\image_01108.jpg,7038,129.0,2.583000996767595,PASS
13.764573649426783,True,0.5642314091435185,"(np.float64(147.0), np.float64(148.0), np.float64(151.0))",5650,"(np.float64(1.398639455782313), np.float64(1.3243243243243243), np.float64(1.237748344370861))",False,False,11710,0,17.71239367638686,1109,training_set\images\image_01109.jpg,7038,129.0,1.5347909844101415,PASS
13.592265644384582,True,0.5642314091435185,"(np.float64(146.0), np.float64(147.0), np.float64(149.0))",5650,"(np.float64(1.4082191780821918), np.float64(1.3333333333333333), np.float64(1.2543624161073825))",False,False,11710,0,17.24480610091761,1110,training_set\images\image_01110.jpg,7038,129.0,1.7049434439613211,PASS
15.977575964110704,True,0.5642314091435185,"(np.float64(148.0), np.float64(149.0), np.float64(152.0))",5650,"(np.float64(1.3891891891891892), np.float64(1.3154362416107384), np.float64(1.2296052631578949))",False,False,11710,39,37.67922820125355,1111,training_set\images\image_01111.jpg,7038,129.0,2.422686496026732,PASS
15.188865849921651,True,0.5642314091435185,"(np.float64(148.0), np.float64(149.0), np.float64(152.0))",5650,"(np.float64(1.3891891891891892), np.float64(1.3154362416107384), np.float64(1.2296052631578949))",False,False,11710,40,34.821863631251794,1112,training_set\images\image_01112.jpg,7038,129.0,1.8604766704139328,PASS
15.12180362353953,True,0.5642314091435185,"(np.float64(147.0), np.float64(148.0), np.float64(150.0))",5650,"(np.float64(1.398639455782313), np.float64(1.3243243243243243), np.float64(1.246))",False,False,11710,19,33.64789603324245,1113,training_set\images\image_01113.jpg,7038,129.0,5.5447908702481286,PASS
15.085768585225722,True,0.5642314091435185,"(np.float64(146.0), np.float64(147.0), np.float64(150.0))",5650,"(np.float64(1.4082191780821918), np.float64(1.3333333333333333), np.float64(1.246))",False,False,11710,66,57.40225035681759,1114,training_set\images\image_01114.jpg,7038,129.0,2.1214959353999947,PASS
14.759750768099973,True,0.5642314091435185,"(np.float64(148.0), np.float64(150.0), np.float64(153.0))",5650,"(np.float64(1.3891891891891892), np.float64(1.3066666666666666), np.float64(1.2215686274509805))",False,False,11710,0,18.38116264112484,1115,training_set\images\image_01115.jpg,7038,129.0,2.137251401765887,PASS
13.960934589816862,True,0.5642314091435185,"(np.float64(150.0), np.float64(152.0), np.float64(155.0))",5650,"(np.float64(1.3706666666666667), np.float64(1.2894736842105263), np.float64(1.2058064516129032))",False,False,11710,0,18.35877026448758,1116,training_set\images\image_01116.jpg,7038,129.0,6.133121548147408,PASS
15.354878792084362,True,0.5642314091435185,"(np.float64(147.0), np.float64(148.0), np.float64(151.0))",5650,"(np.float64(1.398639455782313), np.float64(1.3243243243243243), np.float64(1.237748344370861))",False,False,11710,0,24.80631375660975,1117,training_set\images\image_01117.jpg,7038,129.0,2.146219161667549,PASS
15.378876759460773,True,0.5642314091435185,"(np.float64(147.0), np.float64(148.0), np.float64(151.0))",5650,"(np.float64(1.398639455782313), np.float64(1.3243243243243243), np.float64(1.237748344370861))",False,False,11710,0,22.240398704442036,1118,training_set\images\image_01118.jpg,7038,129.0,2.7953977168759483,PASS
15.322929226820024,True,0.5642314091435185,"(np.float64(148.0), np.float64(148.0), np.float64(151.0))",5650,"(np.float64(1.3891891891891892), np.float64(1.3243243243243243), np.float64(1.237748344370861))",False,False,11710,0,23.09343088894356,1119,training_set\images\image_01119.jpg,7038,129.0,4.457703800189409,PASS
14.618943155102984,True,0.5642314091435185,"(np.float64(145.0), np.float64(146.0), np.float64(149.0))",5650,"(np.float64(1.4179310344827585), np.float64(1.3424657534246576), np.float64(1.2543624161073825))",False,False,11710,0,17.870437021582323,1120,training_set\images\image_01120.jpg,7038,129.0,1.2629188656954753,PASS
15.206696729854492,True,0.5642314091435185,"(np.float64(144.0), np.float64(145.0), np.float64(148.0))",5650,"(np.float64(1.4277777777777778), np.float64(1.3517241379310345), np.float64(1.262837837837838))",False,False,11710,13,30.019611423311055,1121,training_set\images\image_01121.jpg,7038,129.0,1.84141427492745,PASS
14.397411006866498,True,0.5642314091435185,"(np.float64(144.0), np.float64(145.0), np.float64(147.0))",5650,"(np.float64(1.4277777777777778), np.float64(1.3517241379310345), np.float64(1.2714285714285716))",False,False,11710,76,55.23794349306899,1122,training_set\images\image_01122.jpg,7038,129.0,2.049756559483808,PASS
15.080044898684292,True,0.6222890142746914,"(np.float64(143.0), np.float64(144.0), np.float64(159.0))",12800,"(np.float64(1.4377622377622377), np.float64(1.3611111111111112), np.float64(1.1754716981132076))",False,False,12878,3,33.346099780459554,1126,training_set\images\image_01126.jpg,6038,130.0,2.704595093032573,PASS
14.976335664459798,True,0.6222890142746914,"(np.float64(147.0), np.float64(149.0), np.float64(150.0))",12800,"(np.float64(1.398639455782313), np.float64(1.3154362416107384), np.float64(1.246))",False,False,12878,0,23.58288260352161,1127,training_set\images\image_01127.jpg,6038,130.0,3.812058046279116,PASS
16.02776277106133,True,0.6222890142746914,"(np.float64(147.0), np.float64(148.0), np.float64(149.0))",12800,"(np.float64(1.398639455782313), np.float64(1.3243243243243243), np.float64(1.2543624161073825))",False,False,12878,2,28.965736864259906,1128,training_set\images\image_01128.jpg,6038,130.0,1.8876671926127249,PASS
18.88490518520575,True,0.6222890142746914,"(np.float64(146.0), np.float64(147.0), np.float64(149.0))",12800,"(np.float64(1.4082191780821918), np.float64(1.3333333333333333), np.float64(1.2543624161073825))",False,False,12878,121,61.404184876295574,1129,training_set\images\image_01129.jpg,6038,130.0,1.838871671076857,PASS
15.038106008796662,True,0.6222890142746914,"(np.float64(146.0), np.float64(147.0), np.float64(150.0))",12800,"(np.float64(1.4082191780821918), np.float64(1.3333333333333333), np.float64(1.246))",False,False,12878,14,31.11275926417151,1130,training_set\images\image_01130.jpg,6038,130.0,3.103965991816918,PASS
19.666681414913196,True,0.6222890142746914,"(np.float64(148.0), np.float64(150.0), np.float64(151.0))",12800,"(np.float64(1.3891891891891892), np.float64(1.3066666666666666), np.float64(1.237748344370861))",False,False,12878,128,62.03709127285478,1131,training_set\images\image_01131.jpg,6038,130.0,2.0100922771673693,PASS
15.837842395533984,True,0.6222890142746914,"(np.float64(148.0), np.float64(150.0), np.float64(151.0))",12800,"(np.float64(1.3891891891891892), np.float64(1.3066666666666666), np.float64(1.237748344370861))",False,False,12878,0,23.804752255665203,1132,training_set\images\image_01132.jpg,6038,130.0,1.578926104597248,PASS
18.26973093224529,True,0.6222890142746914,"(np.float64(147.0), np.float64(148.0), np.float64(150.0))",12800,"(np.float64(1.398639455782313), np.float64(1.3243243243243243), np.float64(1.246))",False,False,12878,129,61.48675342568421,1133,training_set\images\image_01133.jpg,6038,130.0,1.7299439951070856,PASS
15.654358617887839,True,0.6222890142746914,"(np.float64(147.0), np.float64(149.0), np.float64(151.0))",12800,"(np.float64(1.398639455782313), np.float64(1.3154362416107384), np.float64(1.237748344370861))",False,False,12878,66,52.03328738710981,1134,training_set\images\image_01134.jpg,6038,130.0,2.408455146586678,PASS
16.580386993880957,True,0.6222890142746914,"(np.float64(148.0), np.float64(149.0), np.float64(152.0))",12800,"(np.float64(1.3891891891891892), np.float64(1.3154362416107384), np.float64(1.2296052631578949))",False,False,12878,16,29.896471570951693,1135,training_set\images\image_01135.jpg,6038,130.0,1.8229395898476068,PASS
19.506224117838666,True,0.6222890142746914,"(np.float64(149.0), np.float64(149.0), np.float64(152.0))",12800,"(np.float64(1.3798657718120806), np.float64(1.3154362416107384), np.float64(1.2296052631578949))",False,False,12878,138,61.550461829976996,1136,training_set\images\image_01136.jpg,6038,130.0,2.017433475181366,PASS
15.664947207404715,True,0.6222890142746914,"(np.float64(147.0), np.float64(148.0), np.float64(151.0))",12800,"(np.float64(1.398639455782313), np.float64(1.3243243243243243), np.float64(1.237748344370861))",False,False,12878,6,29.881931910252316,1137,training_set\images\image_01137.jpg,6038,130.0,2.211757097632621,PASS
16.448693756321468,True,0.6222890142746914,"(np.float64(146.0), np.float64(148.0), np.float64(151.0))",12800,"(np.float64(1.4082191780821918), np.float64(1.3243243243243243), np.float64(1.237748344370861))",False,False,12878,10,36.44821372248904,1138,training_set\images\image_01138.jpg,6038,130.0,2.567816586743444,PASS
16.505217796791555,True,0.6222890142746914,"(np.float64(147.0), np.float64(148.0), np.float64(149.0))",12800,"(np.float64(1.398639455782313), np.float64(1.3243243243243243), np.float64(1.2543624161073825))",False,False,12878,7,29.312731205169257,1139,training_set\images\image_01139.jpg,6038,130.0,2.1701716924644727,PASS
16.179066734649307,True,0.6222890142746914,"(np.float64(146.0), np.float64(147.0), np.float64(149.0))",12800,"(np.float64(1.4082191780821918), np.float64(1.3333333333333333), np.float64(1.2543624161073825))",False,False,12878,30,45.09751274517985,1140,training_set\images\image_01140.jpg,6038,130.0,1.5290918979240644,PASS
15.387753137703978,True,0.6222890142746914,"(np.float64(146.0), np.float64(147.0), np.float64(149.0))",12800,"(np.float64(1.4082191780821918), np.float64(1.3333333333333333), np.float64(1.2543624161073825))",False,False,12878,3,27.453793227682862,1141,training_set\images\image_01141.jpg,6038,130.0,2.314229290888936,PASS
16.677973334651565,True,0.6222890142746914,"(np.float64(148.0), np.float64(149.0), np.float64(151.0))",12800,"(np.float64(1.3891891891891892), np.float64(1.3154362416107384), np.float64(1.237748344370861))",False,False,12878,21,37.68615341853256,1142,training_set\images\image_01142.jpg,6038,130.0,5.807307056451768,PASS
16.826120242896888,True,0.6222890142746914,"(np.float64(147.0), np.float64(148.0), np.float64(150.0))",12800,"(np.float64(1.398639455782313), np.float64(1.3243243243243243), np.float64(1.246))",False,False,12878,47,49.290956837497994,1143,training_set\images\image_01143.jpg,6038,130.0,2.803112106109456,PASS
15.872646833661872,True,0.6222890142746914,"(np.float64(148.0), np.float64(145.0), np.float64(146.0))",12800,"(np.float64(1.3891891891891892), np.float64(1.3517241379310345), np.float64(1.2801369863013699))",False,False,12878,3,26.957645934532398,1144,training_set\images\image_01144.jpg,6038,130.0,2.3203649939289708,PASS
14.7097260815479,True,0.6222890142746914,"(np.float64(140.0), np.float64(141.0), np.float64(144.0))",12800,"(np.float64(1.4685714285714286), np.float64(1.3900709219858156), np.float64(1.2979166666666666))",False,False,12878,3,27.735049577916993,1145,training_set\images\image_01145.jpg,6038,130.0,4.339250493321476,PASS
16.552819862544712,True,0.6222890142746914,"(np.float64(143.0), np.float64(144.0), np.float64(146.0))",12800,"(np.float64(1.4377622377622377), np.float64(1.3611111111111112), np.float64(1.2801369863013699))",False,False,12878,8,27.65652962073184,1146,training_set\images\image_01146.jpg,6038,130.0,2.126320254311999,PASS
15.722825413264394,True,0.6222890142746914,"(np.float64(141.0), np.float64(145.0), np.float64(149.5))",12800,"(np.float64(1.4581560283687942), np.float64(1.3517241379310345), np.float64(1.2501672240802677))",False,False,12878,9,33.038930878221436,1147,training_set\images\image_01147.jpg,6038,130.0,2.680952695024608,PASS
16.39980426323695,True,0.4214867862654321,"(np.float64(145.0), np.float64(146.0), np.float64(148.0))",12800,"(np.float64(1.4179310344827585), np.float64(1.3424657534246576), np.float64(1.262837837837838))",False,False,8755,25,36.9194028006938,1148,training_set\images\image_01148.jpg,6024,130.0,2.193747418914808,PASS
16.596142176474668,True,0.4214867862654321,"(np.float64(144.0), np.float64(145.0), np.float64(148.0))",12800,"(np.float64(1.4277777777777778), np.float64(1.3517241379310345), np.float64(1.262837837837838))",False,False,8755,281,59.99618074482004,1149,training_set\images\image_01149.jpg,6024,130.0,2.180761329642509,PASS
16.757078306967134,True,0.4214867862654321,"(np.float64(146.0), np.float64(147.0), np.float64(149.0))",12800,"(np.float64(1.4082191780821918), np.float64(1.3333333333333333), np.float64(1.2543624161073825))",False,False,8755,299,60.19136905116715,1150,training_set\images\image_01150.jpg,6024,130.0,2.078311485646445,PASS
16.596798409470157,True,0.4214867862654321,"(np.float64(143.0), np.float64(145.0), np.float64(148.0))",12800,"(np.float64(1.4377622377622377), np.float64(1.3517241379310345), np.float64(1.262837837837838))",False,False,8755,290,59.75773932339469,1151,training_set\images\image_01151.jpg,6024,130.0,2.1260810944662527,PASS
18.516427776962313,True,0.4214867862654321,"(np.float64(147.0), np.float64(136.0), np.float64(129.0))",12800,"(np.float64(1.398639455782313), np.float64(1.4411764705882353), np.float64(1.4488372093023256))",False,False,8755,215,58.4598714781872,1152,training_set\images\image_01152.jpg,6024,130.0,6.574978829695982,PASS
13.047873807703937,True,0.4214867862654321,"(np.float64(135.0), np.float64(134.0), np.float64(135.0))",12800,"(np.float64(1.5229629629629629), np.float64(1.462686567164179), np.float64(1.3844444444444446))",False,False,8755,5,28.720498354506244,1153,training_set\images\image_01153.jpg,6024,130.0,8.573029628716577,PASS
13.998004535165206,True,0.4214867862654321,"(np.float64(137.0), np.float64(136.0), np.float64(137.0))",12800,"(np.float64(1.5007299270072991), np.float64(1.4411764705882353), np.float64(1.364233576642336))",False,False,8755,43,41.002702418282865,1162,training_set\images\image_01162.jpg,6024,130.0,8.752442574168764,PASS
17.694648872376913,True,0.4214867862654321,"(np.float64(133.0), np.float64(133.0), np.float64(134.0))",12800,"(np.float64(1.5458646616541354), np.float64(1.4736842105263157), np.float64(1.394776119402985))",False,False,8755,46,41.85540370613667,1163,training_set\images\image_01163.jpg,6024,130.0,4.933654800070866,PASS
17.749755083108017,True,0.4214867862654321,"(np.float64(136.5), np.float64(136.0), np.float64(137.0))",12800,"(np.float64(1.5062271062271062), np.float64(1.4411764705882353), np.float64(1.364233576642336))",False,False,8755,69,50.45753199279125,1164,training_set\images\image_01164.jpg,6024,130.0,3.538232832326527,PASS
16.002858166718177,True,0.4214867862654321,"(np.float64(137.0), np.float64(146.0), np.float64(155.0))",12800,"(np.float64(1.5007299270072991), np.float64(1.3424657534246576), np.float64(1.2058064516129032))",False,False,8755,172,59.79280366332148,1165,training_set\images\image_01165.jpg,6024,130.0,1.435570314411614,PASS
17.073590811986268,True,0.4214867862654321,"(np.float64(145.0), np.float64(147.0), np.float64(150.0))",12800,"(np.float64(1.4179310344827585), np.float64(1.3333333333333333), np.float64(1.246))",False,False,8755,285,59.69075425913739,1166,training_set\images\image_01166.jpg,6024,130.0,1.5752384129050945,PASS
10.441610542587107,True,0.4214867862654321,"(np.float64(145.0), np.float64(146.0), np.float64(148.0))",12800,"(np.float64(1.4179310344827585), np.float64(1.3424657534246576), np.float64(1.262837837837838))",False,False,8755,0,20.81506711275639,1167,training_set\images\image_01167.jpg,6024,130.0,1.56161822892356,PASS
10.535415210371202,True,0.4214867862654321,"(np.float64(145.0), np.float64(146.0), np.float64(148.0))",12800,"(np.float64(1.4179310344827585), np.float64(1.3424657534246576), np.float64(1.262837837837838))",False,False,8755,0,16.689779912435593,1168,training_set\images\image_01168.jpg,6024,130.0,1.857026791684519,PASS
10.289507468197858,True,0.4214867862654321,"(np.float64(145.0), np.float64(146.0), np.float64(148.5))",12800,"(np.float64(1.4179310344827585), np.float64(1.3424657534246576), np.float64(1.2585858585858587))",False,False,8755,0,10.733797609932157,1169,training_set\images\image_01169.jpg,6024,130.0,1.6290484052749756,PASS
16.772461065314484,True,0.4214867862654321,"(np.float64(149.0), np.float64(139.0), np.float64(131.0))",12800,"(np.float64(1.3798657718120806), np.float64(1.410071942446043), np.float64(1.4267175572519084))",False,False,8755,204,58.82538808320359,1170,training_set\images\image_01170.jpg,6024,130.0,6.035419635319158,PASS
15.89938426117307,True,0.4214867862654321,"(np.float64(177.0), np.float64(152.0), np.float64(117.0))",12800,"(np.float64(1.1615819209039548), np.float64(1.2894736842105263), np.float64(1.5974358974358975))",False,False,8755,28,37.36717407488621,1172,training_set\images\image_01172.jpg,6024,131.0,2.546267497018281,PASS
15.594374359365252,True,0.4214867862654321,"(np.float64(153.0), np.float64(161.0), np.float64(175.5))",12800,"(np.float64(1.3437908496732025), np.float64(1.2173913043478262), np.float64(1.064957264957265))",False,False,8755,36,38.40487051266422,1173,training_set\images\image_01173.jpg,6024,131.0,2.385903703495263,PASS
14.667708608013642,True,0.4214867862654321,"(np.float64(162.0), np.float64(162.0), np.float64(164.0))",12800,"(np.float64(1.2691358024691357), np.float64(1.2098765432098766), np.float64(1.1396341463414634))",False,False,8755,58,42.77937937174669,1174,training_set\images\image_01174.jpg,6024,131.0,2.311193473525719,PASS
9.533850190314748,True,0.4214867862654321,"(np.float64(161.0), np.float64(162.0), np.float64(163.0))",12800,"(np.float64(1.2770186335403726), np.float64(1.2098765432098766), np.float64(1.1466257668711657))",False,False,8755,0,16.16038909147808,1175,training_set\images\image_01175.jpg,6024,131.0,2.439126110753536,PASS
8.942733922045507,True,0.4214867862654321,"(np.float64(162.0), np.float64(164.0), np.float64(167.0))",12800,"(np.float64(1.2691358024691357), np.float64(1.1951219512195121), np.float64(1.1191616766467065))",False,False,8755,0,9.750246233571975,1176,training_set\images\image_01176.jpg,6024,131.0,2.276602393809112,PASS
15.79008400911586,True,0.4214867862654321,"(np.float64(161.0), np.float64(156.0), np.float64(151.0))",12800,"(np.float64(1.2770186335403726), np.float64(1.2564102564102564), np.float64(1.237748344370861))",False,False,8755,103,58.039219276825115,1177,training_set\images\image_01177.jpg,6024,131.0,2.5429207256939046,PASS
9.499689336965023,True,0.4214867862654321,"(np.float64(155.0), np.float64(155.0), np.float64(155.0))",12800,"(np.float64(1.3264516129032258), np.float64(1.264516129032258), np.float64(1.2058064516129032))",False,False,8755,0,12.326655099630283,1178,training_set\images\image_01178.jpg,6024,131.0,1.9700522844246395,PASS
12.209237204384754,True,0.4214867862654321,"(np.float64(154.0), np.float64(154.0), np.float64(155.0))",12800,"(np.float64(1.335064935064935), np.float64(1.2727272727272727), np.float64(1.2058064516129032))",False,False,8755,2,29.037251753826368,1179,training_set\images\image_01179.jpg,6024,131.0,2.29829034002152,PASS
15.491052903523773,True,0.4214867862654321,"(np.float64(156.0), np.float64(156.0), np.float64(158.0))",12800,"(np.float64(1.317948717948718), np.float64(1.2564102564102564), np.float64(1.1829113924050634))",False,False,8755,50,54.726137529269025,1180,training_set\images\image_01180.jpg,6024,131.0,2.623236586891153,PASS
9.94093740658733,True,0.4214867862654321,"(np.float64(155.0), np.float64(155.0), np.float64(157.0))",12800,"(np.float64(1.3264516129032258), np.float64(1.264516129032258), np.float64(1.1904458598726115))",False,False,8755,0,17.930040962072262,1181,training_set\images\image_01181.jpg,6024,131.0,2.6439452933522225,PASS
14.751688210218418,True,0.4214867862654321,"(np.float64(155.0), np.float64(156.0), np.float64(160.0))",12800,"(np.float64(1.3264516129032258), np.float64(1.2564102564102564), np.float64(1.168125))",False,False,8755,50,48.73915413401946,1182,training_set\images\image_01182.jpg,6024,131.0,2.1450186069204,PASS
13.734935282098158,True,0.4214867862654321,"(np.float64(155.0), np.float64(155.0), np.float64(157.0))",12800,"(np.float64(1.3264516129032258), np.float64(1.264516129032258), np.float64(1.1904458598726115))",False,False,8755,35,39.12988507769041,1183,training_set\images\image_01183.jpg,6024,131.0,1.9356722847220864,PASS
13.871904342186687,True,0.6222890142746914,"(np.float64(158.0), np.float64(160.0), np.float64(167.0))",12800,"(np.float64(1.3012658227848102), np.float64(1.225), np.float64(1.1191616766467065))",False,False,12878,25,47.016897110542665,1184,training_set\images\image_01184.jpg,6038,131.0,1.9548022753433425,PASS
12.932550614541212,True,0.6222890142746914,"(np.float64(160.0), np.float64(161.0), np.float64(164.0))",12800,"(np.float64(1.285), np.float64(1.2173913043478262), np.float64(1.1396341463414634))",False,False,12878,0,19.648222505783917,1185,training_set\images\image_01185.jpg,6038,131.0,2.269168142089596,PASS
11.683519941643373,True,0.6222890142746914,"(np.float64(158.5), np.float64(160.0), np.float64(163.0))",12800,"(np.float64(1.297160883280757), np.float64(1.225), np.float64(1.1466257668711657))",False,False,12878,0,17.842353276248478,1186,training_set\images\image_01186.jpg,6038,131.0,2.131083948340828,PASS
11.880587310057946,True,0.6222890142746914,"(np.float64(159.0), np.float64(160.0), np.float64(163.0))",12800,"(np.float64(1.2930817610062892), np.float64(1.225), np.float64(1.1466257668711657))",False,False,12878,0,19.08232516551709,1187,training_set\images\image_01187.jpg,6038,131.0,1.9893156815321504,PASS
12.1599607492872,True,0.6222890142746914,"(np.float64(160.0), np.float64(162.0), np.float64(167.0))",12800,"(np.float64(1.285), np.float64(1.2098765432098766), np.float64(1.1191616766467065))",False,False,12878,0,19.02900738760722,1188,training_set\images\image_01188.jpg,6038,131.0,2.060741152579356,PASS
13.199006990787781,True,0.6222890142746914,"(np.float64(162.0), np.float64(162.0), np.float64(162.0))",12800,"(np.float64(1.2691358024691357), np.float64(1.2098765432098766), np.float64(1.1537037037037037))",False,False,12878,10,36.14003970759882,1189,training_set\images\image_01189.jpg,6038,131.0,2.033749986672537,PASS
12.020232955074688,True,0.6222890142746914,"(np.float64(160.0), np.float64(163.0), np.float64(168.0))",12800,"(np.float64(1.285), np.float64(1.2024539877300613), np.float64(1.1125))",False,False,12878,0,17.649576127059127,1190,training_set\images\image_01190.jpg,6038,131.0,1.6770561041138812,PASS
12.538225580287289,True,0.6222890142746914,"(np.float64(163.0), np.float64(164.0), np.float64(167.0))",12800,"(np.float64(1.2613496932515338), np.float64(1.1951219512195121), np.float64(1.1191616766467065))",False,False,12878,4,31.147009898953833,1191,training_set\images\image_01191.jpg,6038,131.0,1.970618508935596,PASS
13.071747825562063,True,0.6222890142746914,"(np.float64(161.5), np.float64(161.0), np.float64(162.0))",12800,"(np.float64(1.2730650154798762), np.float64(1.2173913043478262), np.float64(1.1537037037037037))",False,False,12878,0,20.24033684161486,1192,training_set\images\image_01192.jpg,6038,131.0,2.206351973784855,PASS
12.699057290899223,True,0.6222890142746914,"(np.float64(158.0), np.float64(159.0), np.float64(162.5))",12800,"(np.float64(1.3012658227848102), np.float64(1.2327044025157232), np.float64(1.150153846153846))",False,False,12878,0,18.02032812917325,1193,training_set\images\image_01193.jpg,6038,131.0,2.154779197998504,PASS
13.36283298498109,True,0.6222890142746914,"(np.float64(160.0), np.float64(160.0), np.float64(162.0))",12800,"(np.float64(1.285), np.float64(1.225), np.float64(1.1537037037037037))",False,False,12878,0,22.980813567920535,1194,training_set\images\image_01194.jpg,6038,131.0,2.002411195075239,PASS
13.363087402397888,True,0.6222890142746914,"(np.float64(158.0), np.float64(158.0), np.float64(160.0))",12800,"(np.float64(1.3012658227848102), np.float64(1.240506329113924), np.float64(1.168125))",False,False,12878,0,23.870246673254666,1195,training_set\images\image_01195.jpg,6038,131.0,1.852856490108261,PASS
12.501612020327258,True,0.6222890142746914,"(np.float64(158.0), np.float64(159.0), np.float64(162.0))",12800,"(np.float64(1.3012658227848102), np.float64(1.2327044025157232), np.float64(1.1537037037037037))",False,False,12878,0,18.76718157278085,1196,training_set\images\image_01196.jpg,6038,131.0,2.222884509267377,PASS
13.719739322126985,True,0.6222890142746914,"(np.float64(159.0), np.float64(160.0), np.float64(162.0))",12800,"(np.float64(1.2930817610062892), np.float64(1.225), np.float64(1.1537037037037037))",False,False,12878,13,42.473239788671805,1197,training_set\images\image_01197.jpg,6038,131.0,1.9423062443484207,PASS
13.914544613642574,True,0.6222890142746914,"(np.float64(158.0), np.float64(159.0), np.float64(161.0))",12800,"(np.float64(1.3012658227848102), np.float64(1.2327044025157232), np.float64(1.1608695652173913))",False,False,12878,4,34.66092455702834,1198,training_set\images\image_01198.jpg,6038,131.0,1.951308021667044,PASS
12.642381507915463,True,0.6222890142746914,"(np.float64(157.0), np.float64(159.0), np.float64(161.0))",12800,"(np.float64(1.3095541401273885), np.float64(1.2327044025157232), np.float64(1.1608695652173913))",False,False,12878,0,20.043549740372676,1199,training_set\images\image_01199.jpg,6038,131.0,1.88602634728542,PASS
13.143385471937698,True,0.6222890142746914,"(np.float64(158.0), np.float64(160.0), np.float64(163.0))",12800,"(np.float64(1.3012658227848102), np.float64(1.225), np.float64(1.1466257668711657))",False,False,12878,0,20.936322033800224,1200,training_set\images\image_01200.jpg,6038,131.0,1.6910417868737548,PASS
12.557832761149847,True,0.6222890142746914,"(np.float64(158.0), np.float64(159.0), np.float64(161.0))",12800,"(np.float64(1.3012658227848102), np.float64(1.2327044025157232), np.float64(1.1608695652173913))",False,False,12878,0,19.908962631053065,1201,training_set\images\image_01201.jpg,6038,131.0,1.4559188003539656,PASS
13.254100690908935,True,0.6222890142746914,"(np.float64(163.0), np.float64(167.0), np.float64(170.0))",12800,"(np.float64(1.2613496932515338), np.float64(1.1736526946107784), np.float64(1.0994117647058823))",False,False,12878,0,18.469345376742563,1202,training_set\images\image_01202.jpg,6038,131.0,2.1669017355013684,PASS
14.442395383385072,True,0.6222890142746914,"(np.float64(164.0), np.float64(164.0), np.float64(167.0))",12800,"(np.float64(1.2536585365853659), np.float64(1.1951219512195121), np.float64(1.1191616766467065))",False,False,12878,2,28.542518953590186,1203,training_set\images\image_01203.jpg,6038,131.0,3.1494180027945182,PASS
13.871494091862756,True,0.6222890142746914,"(np.float64(165.0), np.float64(167.0), np.float64(170.0))",12800,"(np.float64(1.246060606060606), np.float64(1.1736526946107784), np.float64(1.0994117647058823))",False,False,12878,0,19.274779874751612,1204,training_set\images\image_01204.jpg,6038,131.0,2.203419625712965,PASS
15.471632573808593,True,0.6222890142746914,"(np.float64(166.0), np.float64(166.0), np.float64(168.0))",12800,"(np.float64(1.23855421686747), np.float64(1.180722891566265), np.float64(1.1125))",False,False,12878,0,20.374967788237058,1205,training_set\images\image_01205.jpg,6038,131.0,2.3978876411769123,PASS
14.142129041283571,True,0.6222890142746914,"(np.float64(163.0), np.float64(164.0), np.float64(166.0))",12800,"(np.float64(1.2613496932515338), np.float64(1.1951219512195121), np.float64(1.1259036144578314))",False,False,12878,0,19.794793496606616,1206,training_set\images\image_01206.jpg,6038,131.0,2.7071836235828903,PASS
14.384457945548066,True,0.6222890142746914,"(np.float64(164.0), np.float64(165.0), np.float64(168.0))",12800,"(np.float64(1.2536585365853659), np.float64(1.187878787878788), np.float64(1.1125))",False,False,12878,0,20.130145550047512,1207,training_set\images\image_01207.jpg,6038,131.0,3.267845883771243,PASS
10.902161787416006,True,0.4214867862654321,"(np.float64(153.0), np.float64(139.0), np.float64(130.0))",12800,"(np.float64(1.3437908496732025), np.float64(1.410071942446043), np.float64(1.4376923076923078))",False,False,8755,155,63.85596018324927,1209,training_set\images\image_01209.jpg,6024,132.0,10.826448114160604,PASS
18.49985487141074,True,0.382813102816358,"(np.float64(138.0), np.float64(138.0), np.float64(140.0))",12800,"(np.float64(1.489855072463768), np.float64(1.4202898550724639), np.float64(1.335))",False,False,7969,7,30.91697051520366,1210,training_set\images\image_01210.jpg,7024,132.0,5.61388016828792,PASS
9.89814189635344,True,0.382813102816358,"(np.float64(140.0), np.float64(140.0), np.float64(140.0))",12800,"(np.float64(1.4685714285714286), np.float64(1.4), np.float64(1.335))",False,False,7969,0,10.815046043084372,1211,training_set\images\image_01211.jpg,7024,132.0,6.77551237611043,PASS
9.630973971969247,True,0.382813102816358,"(np.float64(141.0), np.float64(139.0), np.float64(139.0))",12800,"(np.float64(1.4581560283687942), np.float64(1.410071942446043), np.float64(1.3446043165467627))",False,False,7969,0,10.17637702846553,1212,training_set\images\image_01212.jpg,7024,132.0,6.375069154939518,PASS
14.281260248237906,True,0.382813102816358,"(np.float64(142.0), np.float64(140.0), np.float64(139.0))",12800,"(np.float64(1.447887323943662), np.float64(1.4), np.float64(1.3446043165467627))",False,False,7969,0,22.163904787813802,1213,training_set\images\image_01213.jpg,7024,132.0,5.32029076122064,PASS
9.44518530905453,True,0.382813102816358,"(np.float64(141.0), np.float64(141.0), np.float64(141.0))",12800,"(np.float64(1.4581560283687942), np.float64(1.3900709219858156), np.float64(1.325531914893617))",False,False,7969,0,15.504301642001188,1214,training_set\images\image_01214.jpg,7024,132.0,3.988816308808103,PASS
9.866909254535333,True,0.382813102816358,"(np.float64(141.0), np.float64(146.0), np.float64(153.0))",12800,"(np.float64(1.4581560283687942), np.float64(1.3424657534246576), np.float64(1.2215686274509805))",False,False,7969,0,10.273357984640713,1215,training_set\images\image_01215.jpg,7024,132.0,2.07566656386098,PASS
8.459687376237559,True,0.382813102816358,"(np.float64(149.0), np.float64(150.0), np.float64(153.0))",12800,"(np.float64(1.3798657718120806), np.float64(1.3066666666666666), np.float64(1.2215686274509805))",False,False,7969,0,9.440584177109038,1216,training_set\images\image_01216.jpg,7024,132.0,2.368767645907768,PASS
9.618682148545545,True,0.382813102816358,"(np.float64(147.0), np.float64(147.0), np.float64(150.0))",12800,"(np.float64(1.398639455782313), np.float64(1.3333333333333333), np.float64(1.246))",False,False,7969,0,13.075354550230157,1217,training_set\images\image_01217.jpg,7024,132.0,3.1716169965123777,PASS
14.177864524538757,True,0.382813102816358,"(np.float64(151.0), np.float64(151.0), np.float64(152.0))",12800,"(np.float64(1.36158940397351), np.float64(1.2980132450331126), np.float64(1.2296052631578949))",False,False,7969,0,20.846936322714598,1218,training_set\images\image_01218.jpg,7024,132.0,2.905968647859372,PASS
9.553301644136,True,0.382813102816358,"(np.float64(144.0), np.float64(147.0), np.float64(151.0))",12800,"(np.float64(1.4277777777777778), np.float64(1.3333333333333333), np.float64(1.237748344370861))",False,False,7969,0,12.58370406411077,1219,training_set\images\image_01219.jpg,7024,132.0,2.6909049396694966,PASS
9.60816981985189,True,0.382813102816358,"(np.float64(147.0), np.float64(148.0), np.float64(151.0))",12800,"(np.float64(1.398639455782313), np.float64(1.3243243243243243), np.float64(1.237748344370861))",False,False,7969,0,17.46997298404768,1220,training_set\images\image_01220.jpg,7024,132.0,3.096100957870807,PASS
9.991274228047073,True,0.382813102816358,"(np.float64(146.0), np.float64(147.0), np.float64(150.0))",12800,"(np.float64(1.4082191780821918), np.float64(1.3333333333333333), np.float64(1.246))",False,False,7969,0,10.189583676019694,1221,training_set\images\image_01221.jpg,7024,132.0,2.509953152772661,PASS
16.047968439144995,True,0.382813102816358,"(np.float64(147.0), np.float64(148.0), np.float64(151.0))",12800,"(np.float64(1.398639455782313), np.float64(1.3243243243243243), np.float64(1.237748344370861))",False,False,7969,195,62.14425265514086,1222,training_set\images\image_01222.jpg,7024,132.0,1.752331404991264,PASS
12.957760777091437,True,0.5642314091435185,"(np.float64(149.0), np.float64(149.0), np.float64(152.0))",5650,"(np.float64(1.3798657718120806), np.float64(1.3154362416107384), np.float64(1.2296052631578949))",False,False,11710,0,17.367365757319547,1224,training_set\images\image_01224.jpg,7038,132.0,2.880230715361569,PASS
13.380843157861381,True,0.5642314091435185,"(np.float64(147.0), np.float64(148.0), np.float64(151.0))",5650,"(np.float64(1.398639455782313), np.float64(1.3243243243243243), np.float64(1.237748344370861))",False,False,11710,0,16.777317804472347,1225,training_set\images\image_01225.jpg,7038,132.0,2.6652312737950803,PASS
15.524391009545038,True,0.5642314091435185,"(np.float64(148.0), np.float64(149.0), np.float64(152.0))",5650,"(np.float64(1.3891891891891892), np.float64(1.3154362416107384), np.float64(1.2296052631578949))",False,False,11710,35,38.1573038133678,1226,training_set\images\image_01226.jpg,7038,132.0,2.1696387931949936,PASS
14.085101528779154,True,0.5642314091435185,"(np.float64(147.0), np.float64(148.0), np.float64(150.0))",5650,"(np.float64(1.398639455782313), np.float64(1.3243243243243243), np.float64(1.246))",False,False,11710,12,28.89766983247279,1227,training_set\images\image_01227.jpg,7038,132.0,2.6853486449461683,PASS
12.409065863670314,True,0.5642314091435185,"(np.float64(146.0), np.float64(147.0), np.float64(150.0))",5650,"(np.float64(1.4082191780821918), np.float64(1.3333333333333333), np.float64(1.246))",False,False,11710,0,15.842226836836057,1228,training_set\images\image_01228.jpg,7038,132.0,2.402891177916977,PASS
12.47021237002326,True,0.5642314091435185,"(np.float64(146.0), np.float64(147.0), np.float64(150.0))",5650,"(np.float64(1.4082191780821918), np.float64(1.3333333333333333), np.float64(1.246))",False,False,11710,0,16.02557479750965,1229,training_set\images\image_01229.jpg,7038,132.0,2.5054124413567904,PASS
15.778834307289511,True,0.5642314091435185,"(np.float64(150.0), np.float64(150.0), np.float64(154.0))",5650,"(np.float64(1.3706666666666667), np.float64(1.3066666666666666), np.float64(1.2136363636363636))",False,False,11710,26,36.19087257130437,1230,training_set\images\image_01230.jpg,7038,132.0,2.4566998585290127,PASS
12.429273078126101,True,0.5642314091435185,"(np.float64(147.0), np.float64(148.0), np.float64(151.0))",5650,"(np.float64(1.398639455782313), np.float64(1.3243243243243243), np.float64(1.237748344370861))",False,False,11710,0,16.278389773523894,1231,training_set\images\image_01231.jpg,7038,132.0,2.407563805808336,PASS
15.04735803233047,True,0.5642314091435185,"(np.float64(147.0), np.float64(147.0), np.float64(150.0))",5650,"(np.float64(1.398639455782313), np.float64(1.3333333333333333), np.float64(1.246))",False,False,11710,7,26.49964451520399,1232,training_set\images\image_01232.jpg,7038,132.0,2.2689608188979298,PASS
13.33180284364746,True,0.5642314091435185,"(np.float64(149.0), np.float64(150.0), np.float64(152.0))",5650,"(np.float64(1.3798657718120806), np.float64(1.3066666666666666), np.float64(1.2296052631578949))",False,False,11710,0,18.738642599370635,1233,training_set\images\image_01233.jpg,7038,132.0,1.936924916351484,PASS
12.711747036982693,True,0.5642314091435185,"(np.float64(148.0), np.float64(148.0), np.float64(151.0))",5650,"(np.float64(1.3891891891891892), np.float64(1.3243243243243243), np.float64(1.237748344370861))",False,False,11710,0,16.54495484556847,1234,training_set\images\image_01234.jpg,7038,132.0,2.374033930783978,PASS
12.560783119840325,True,0.5642314091435185,"(np.float64(147.0), np.float64(148.0), np.float64(152.0))",5650,"(np.float64(1.398639455782313), np.float64(1.3243243243243243), np.float64(1.2296052631578949))",False,False,11710,0,16.29494930063413,1235,training_set\images\image_01235.jpg,7038,132.0,2.962489295407772,PASS
13.049825843213089,True,0.5642314091435185,"(np.float64(146.0), np.float64(147.0), np.float64(150.0))",5650,"(np.float64(1.4082191780821918), np.float64(1.3333333333333333), np.float64(1.246))",False,False,11710,0,21.70292784428698,1236,training_set\images\image_01236.jpg,7038,132.0,2.568397882570372,PASS
12.449308887376871,True,0.5642314091435185,"(np.float64(146.0), np.float64(147.0), np.float64(149.0))",5650,"(np.float64(1.4082191780821918), np.float64(1.3333333333333333), np.float64(1.2543624161073825))",False,False,11710,0,16.256039447817873,1237,training_set\images\image_01237.jpg,7038,132.0,2.5912934076782155,PASS
16.084305333256637,True,0.5642314091435185,"(np.float64(192.0), np.float64(170.0), np.float64(142.0))",5650,"(np.float64(1.0708333333333333), np.float64(1.1529411764705881), np.float64(1.3161971830985917))",False,False,11710,39,44.074704064341695,1238,training_set\images\image_01238.jpg,7038,132.0,2.131648875124148,PASS
16.260071411273564,True,0.5642314091435185,"(np.float64(172.0), np.float64(173.0), np.float64(179.0))",5650,"(np.float64(1.1953488372093022), np.float64(1.1329479768786128), np.float64(1.0441340782122905))",False,False,11710,38,41.24375945585518,1239,training_set\images\image_01239.jpg,7038,132.0,2.425139627759441,PASS
14.654515620270972,True,0.5642314091435185,"(np.float64(180.0), np.float64(155.0), np.float64(116.0))",5650,"(np.float64(1.1422222222222222), np.float64(1.264516129032258), np.float64(1.611206896551724))",False,False,11710,95,54.185779388238124,1240,training_set\images\image_01240.jpg,7038,132.0,3.107883531368412,PASS
14.019447169924485,True,0.5642314091435185,"(np.float64(144.0), np.float64(146.0), np.float64(148.0))",5650,"(np.float64(1.4277777777777778), np.float64(1.3424657534246576), np.float64(1.262837837837838))",False,False,11710,238,60.71084441150907,1241,training_set\images\image_01241.jpg,7038,132.0,2.9313217712121977,PASS
13.744690244112173,True,0.5642314091435185,"(np.float64(149.0), np.float64(150.0), np.float64(152.0))",5650,"(np.float64(1.3798657718120806), np.float64(1.3066666666666666), np.float64(1.2296052631578949))",False,False,11710,153,56.08916441968189,1242,training_set\images\image_01242.jpg,7038,132.0,3.340945115578171,PASS
13.892718312288798,True,0.5642314091435185,"(np.float64(147.0), np.float64(148.0), np.float64(151.0))",5650,"(np.float64(1.398639455782313), np.float64(1.3243243243243243), np.float64(1.237748344370861))",False,False,11710,220,60.02694674958638,1243,training_set\images\image_01243.jpg,7038,132.0,2.166689905315364,PASS
13.36186713397363,True,0.5642314091435185,"(np.float64(146.0), np.float64(147.0), np.float64(149.0))",5650,"(np.float64(1.4082191780821918), np.float64(1.3333333333333333), np.float64(1.2543624161073825))",False,False,11710,124,54.59605305143806,1244,training_set\images\image_01244.jpg,7038,132.0,2.6713049014757946,PASS
13.628360041064875,True,0.5642314091435185,"(np.float64(147.0), np.float64(148.0), np.float64(151.0))",5650,"(np.float64(1.398639455782313), np.float64(1.3243243243243243), np.float64(1.237748344370861))",False,False,11710,125,55.46563758445006,1245,training_set\images\image_01245.jpg,7038,132.0,3.1238241785913634,PASS
13.927176268084002,True,0.5642314091435185,"(np.float64(148.0), np.float64(149.0), np.float64(152.0))",5650,"(np.float64(1.3891891891891892), np.float64(1.3154362416107384), np.float64(1.2296052631578949))",False,False,11710,106,52.36949851311746,1246,training_set\images\image_01246.jpg,7038,132.0,2.7162455575065154,PASS
14.172157390998876,True,0.5642314091435185,"(np.float64(149.0), np.float64(149.0), np.float64(152.0))",5650,"(np.float64(1.3798657718120806), np.float64(1.3154362416107384), np.float64(1.2296052631578949))",False,False,11710,96,52.79989814078735,1247,training_set\images\image_01247.jpg,7038,132.0,4.143456951796188,PASS
13.778617194944722,True,0.5642314091435185,"(np.float64(147.0), np.float64(148.0), np.float64(150.0))",5650,"(np.float64(1.398639455782313), np.float64(1.3243243243243243), np.float64(1.246))",False,False,11710,122,54.87274956108779,1248,training_set\images\image_01248.jpg,7038,132.0,4.096932528714515,PASS
12.491166265874265,True,0.5642314091435185,"(np.float64(146.0), np.float64(147.0), np.float64(150.0))",5650,"(np.float64(1.4082191780821918), np.float64(1.3333333333333333), np.float64(1.246))",False,False,11710,52,47.23237926846961,1249,training_set\images\image_01249.jpg,7038,132.0,2.950150166278928,PASS
