dE_max_estimated,used_real_mask,valid_pixel_fraction,observed_baseline_rgb,n_baseline_pixels,correction_scale,correction_suspicious,n_valid_windows,n_blocks_dropped_as_implausible,max_dE_raw,part_id,image_filepath,well_size,truck_number,dE_max_measured,label
2.4020326802450365,True,0.382813102816358,"(np.float64(201.0), np.float64(169.0), np.float64(130.0))",12800,"(np.float64(1.0228855721393035), np.float64(1.1597633136094674), np.float64(1.4376923076923078))",False,7969,0,6.5362432730726026,69,training_set\images\image_00069.jpg,7024,111.0,2.2416543891765883,FAIL
2.1465818934804037,True,0.382813102816358,"(np.float64(195.0), np.float64(162.0), np.float64(122.0))",12800,"(np.float64(1.0543589743589743), np.float64(1.2098765432098766), np.float64(1.5319672131147541))",False,7969,0,3.59437792726058,70,training_set\images\image_00070.jpg,7024,111.0,4.232756366895861,FAIL
1.965601216502612,True,0.382813102816358,"(np.float64(197.0), np.float64(168.0), np.float64(128.0))",12800,"(np.float64(1.0436548223350253), np.float64(1.1666666666666667), np.float64(1.46015625))",False,7969,0,3.406154241916126,71,training_set\images\image_00071.jpg,7024,111.0,5.708259426772409,FAIL
1.6636130415836166,True,0.382813102816358,"(np.float64(196.0), np.float64(171.0), np.float64(134.0))",12800,"(np.float64(1.0489795918367346), np.float64(1.1461988304093567), np.float64(1.394776119402985))",False,7969,0,4.386366800827897,72,training_set\images\image_00072.jpg,7024,111.0,2.294705500705295,PASS
1.8187949106136214,True,0.382813102816358,"(np.float64(195.0), np.float64(170.0), np.float64(133.0))",12800,"(np.float64(1.0543589743589743), np.float64(1.1529411764705881), np.float64(1.405263157894737))",False,7969,0,4.550820383553466,73,training_set\images\image_00073.jpg,7024,111.0,3.2034525093914463,PASS
1.7425164839557286,True,0.382813102816358,"(np.float64(195.0), np.float64(170.0), np.float64(133.0))",12800,"(np.float64(1.0543589743589743), np.float64(1.1529411764705881), np.float64(1.405263157894737))",False,7969,0,4.628763882827816,74,training_set\images\image_00074.jpg,7024,111.0,2.758758258823071,PASS
1.9214749788243615,True,0.382813102816358,"(np.float64(196.0), np.float64(170.0), np.float64(132.0))",12800,"(np.float64(1.0489795918367346), np.float64(1.1529411764705881), np.float64(1.415909090909091))",False,7969,0,6.867936534829321,75,training_set\images\image_00075.jpg,7024,111.0,2.073667726369915,PASS
2.2479116099232606,True,0.382813102816358,"(np.float64(197.0), np.float64(167.0), np.float64(126.0))",12800,"(np.float64(1.0436548223350253), np.float64(1.1736526946107784), np.float64(1.4833333333333334))",False,7969,0,5.766799742457425,76,training_set\images\image_00076.jpg,7024,111.0,2.7934877670485303,FAIL
2.681074493705059,True,0.382813102816358,"(np.float64(197.0), np.float64(168.0), np.float64(127.0))",12800,"(np.float64(1.0436548223350253), np.float64(1.1666666666666667), np.float64(1.4716535433070868))",False,7969,0,6.828251194873585,77,training_set\images\image_00077.jpg,7024,111.0,3.0360933946635225,FAIL
4.784645215982153,True,0.382813102816358,"(np.float64(66.0), np.float64(57.0), np.float64(42.0))",12800,"(np.float64(3.1151515151515152), np.float64(3.43859649122807), np.float64(4.45))",True,7969,0,8.573103679746763,78,training_set\images\image_00078.jpg,7024,111.0,2.3266244141348285,PASS
2.1477241785659955,True,0.382813102816358,"(np.float64(197.0), np.float64(174.0), np.float64(139.5))",12800,"(np.float64(1.0436548223350253), np.float64(1.1264367816091954), np.float64(1.3397849462365592))",False,7969,0,7.638477048705498,79,training_set\images\image_00079.jpg,7024,111.0,2.8601054111181505,PASS
2.8174479123150618,True,0.382813102816358,"(np.float64(193.0), np.float64(169.0), np.float64(134.0))",12800,"(np.float64(1.0652849740932642), np.float64(1.1597633136094674), np.float64(1.394776119402985))",False,7969,0,8.014931080172003,80,training_set\images\image_00080.jpg,7024,111.0,2.4087070659591245,PASS
1.8666667710722618,True,0.382813102816358,"(np.float64(193.0), np.float64(169.0), np.float64(134.0))",12800,"(np.float64(1.0652849740932642), np.float64(1.1597633136094674), np.float64(1.394776119402985))",False,7969,0,6.908279834001329,81,training_set\images\image_00081.jpg,7024,111.0,2.720789729706061,PASS
1.9034258725869735,True,0.382813102816358,"(np.float64(193.0), np.float64(169.0), np.float64(132.0))",12800,"(np.float64(1.0652849740932642), np.float64(1.1597633136094674), np.float64(1.415909090909091))",False,7969,0,7.84478855421913,82,training_set\images\image_00082.jpg,7024,111.0,2.917225070876717,PASS
2.3517907697085003,True,0.382813102816358,"(np.float64(193.0), np.float64(168.0), np.float64(132.0))",12800,"(np.float64(1.0652849740932642), np.float64(1.1666666666666667), np.float64(1.415909090909091))",False,7969,0,8.954165106518367,83,training_set\images\image_00083.jpg,7024,111.0,3.1365488742766794,PASS
3.0680531540138127,True,0.382813102816358,"(np.float64(192.0), np.float64(167.0), np.float64(131.0))",12800,"(np.float64(1.0708333333333333), np.float64(1.1736526946107784), np.float64(1.4267175572519084))",False,7969,0,19.115323383171145,84,training_set\images\image_00084.jpg,7024,111.0,1.954633740259104,PASS
2.7986799601211474,True,0.382813102816358,"(np.float64(194.0), np.float64(170.0), np.float64(134.0))",12800,"(np.float64(1.0597938144329897), np.float64(1.1529411764705881), np.float64(1.394776119402985))",False,7969,0,7.609545790808002,85,training_set\images\image_00085.jpg,7024,111.0,1.7912593895208788,PASS
2.0492306642028253,True,0.382813102816358,"(np.float64(194.0), np.float64(169.0), np.float64(134.0))",12800,"(np.float64(1.0597938144329897), np.float64(1.1597633136094674), np.float64(1.394776119402985))",False,7969,0,8.963704873681207,86,training_set\images\image_00086.jpg,7024,111.0,1.44435508882391,PASS
3.1021022826851863,True,0.382813102816358,"(np.float64(194.0), np.float64(169.0), np.float64(134.0))",12800,"(np.float64(1.0597938144329897), np.float64(1.1597633136094674), np.float64(1.394776119402985))",False,7969,0,7.849710180662659,87,training_set\images\image_00087.jpg,7024,111.0,2.728254985055925,PASS
2.382955554293097,True,0.382813102816358,"(np.float64(196.0), np.float64(172.0), np.float64(137.0))",12800,"(np.float64(1.0489795918367346), np.float64(1.1395348837209303), np.float64(1.364233576642336))",False,7969,0,7.150777935337925,89,training_set\images\image_00089.jpg,7024,111.0,2.242809509210499,PASS
1.8223312135043965,True,0.382813102816358,"(np.float64(197.0), np.float64(172.0), np.float64(137.0))",12800,"(np.float64(1.0436548223350253), np.float64(1.1395348837209303), np.float64(1.364233576642336))",False,7969,0,7.273029151144469,90,training_set\images\image_00090.jpg,7024,111.0,2.0597337005485192,PASS
3.8494708589532816,True,0.382813102816358,"(np.float64(196.0), np.float64(172.0), np.float64(137.0))",12800,"(np.float64(1.0489795918367346), np.float64(1.1395348837209303), np.float64(1.364233576642336))",False,7969,0,18.14622221406059,91,training_set\images\image_00091.jpg,7024,111.0,2.2178459335861778,PASS
3.401585597088452,True,0.382813102816358,"(np.float64(195.0), np.float64(170.0), np.float64(133.0))",12800,"(np.float64(1.0543589743589743), np.float64(1.1529411764705881), np.float64(1.405263157894737))",False,7969,0,10.798115192633613,92,training_set\images\image_00092.jpg,7024,111.0,4.02357611737532,PASS
2.327701985437308,True,0.382813102816358,"(np.float64(196.0), np.float64(173.0), np.float64(138.0))",12800,"(np.float64(1.0489795918367346), np.float64(1.1329479768786128), np.float64(1.3543478260869566))",False,7969,0,7.266754383233354,93,training_set\images\image_00093.jpg,7024,111.0,2.914717798054555,PASS
2.5203445807575884,True,0.382813102816358,"(np.float64(195.0), np.float64(170.0), np.float64(134.0))",12800,"(np.float64(1.0543589743589743), np.float64(1.1529411764705881), np.float64(1.394776119402985))",False,7969,0,7.4827770025862055,94,training_set\images\image_00094.jpg,7024,111.0,1.733823270579698,PASS
1.593885566368213,True,0.382813102816358,"(np.float64(195.0), np.float64(169.0), np.float64(131.0))",12800,"(np.float64(1.0543589743589743), np.float64(1.1597633136094674), np.float64(1.4267175572519084))",False,7969,0,3.8699133003138053,95,training_set\images\image_00095.jpg,7024,111.0,2.7922688320627,PASS
2.1615095826085793,True,0.382813102816358,"(np.float64(196.0), np.float64(170.0), np.float64(132.0))",12800,"(np.float64(1.0489795918367346), np.float64(1.1529411764705881), np.float64(1.415909090909091))",False,7969,0,7.713079430772391,96,training_set\images\image_00096.jpg,7024,111.0,2.0911055942627903,PASS
1.9284748957205815,True,0.382813102816358,"(np.float64(195.0), np.float64(171.0), np.float64(135.0))",12800,"(np.float64(1.0543589743589743), np.float64(1.1461988304093567), np.float64(1.3844444444444446))",False,7969,0,9.634665238919784,98,training_set\images\image_00098.jpg,7024,111.0,2.2453663319797164,PASS
2.846040321889143,True,0.382813102816358,"(np.float64(196.0), np.float64(172.0), np.float64(135.0))",12800,"(np.float64(1.0489795918367346), np.float64(1.1395348837209303), np.float64(1.3844444444444446))",False,7969,0,8.802549030259433,99,training_set\images\image_00099.jpg,7024,111.0,2.287257336556311,PASS
2.2990826118077354,True,0.382813102816358,"(np.float64(195.0), np.float64(170.0), np.float64(135.0))",12800,"(np.float64(1.0543589743589743), np.float64(1.1529411764705881), np.float64(1.3844444444444446))",False,7969,0,8.715252020371226,100,training_set\images\image_00100.jpg,7024,111.0,3.0859606781165474,PASS
2.6339089327206064,True,0.382813102816358,"(np.float64(195.0), np.float64(171.0), np.float64(135.0))",12800,"(np.float64(1.0543589743589743), np.float64(1.1461988304093567), np.float64(1.3844444444444446))",False,7969,0,8.267266864603089,101,training_set\images\image_00101.jpg,7024,111.0,2.1620873553842874,PASS
2.2585081063903214,True,0.382813102816358,"(np.float64(195.0), np.float64(170.0), np.float64(134.0))",12800,"(np.float64(1.0543589743589743), np.float64(1.1529411764705881), np.float64(1.394776119402985))",False,7969,0,8.982346706169915,102,training_set\images\image_00102.jpg,7024,111.0,2.449062450447475,PASS
4.339235708454179,True,0.5642314091435185,"(np.float64(200.0), np.float64(177.0), np.float64(143.0))",5650,"(np.float64(1.028), np.float64(1.1073446327683616), np.float64(1.3069930069930071))",False,11710,0,13.392781363849728,104,training_set\images\image_00104.jpg,7038,111.0,2.1222960611758244,PASS
5.240772911363003,True,0.5642314091435185,"(np.float64(201.0), np.float64(178.0), np.float64(145.0))",5650,"(np.float64(1.0228855721393035), np.float64(1.101123595505618), np.float64(1.2889655172413794))",False,11710,0,10.70269807615761,105,training_set\images\image_00105.jpg,7038,111.0,2.363641470185178,PASS
5.247345891598995,True,0.5642314091435185,"(np.float64(199.0), np.float64(177.0), np.float64(143.0))",5650,"(np.float64(1.0331658291457286), np.float64(1.1073446327683616), np.float64(1.3069930069930071))",False,11710,0,9.859215509607024,106,training_set\images\image_00106.jpg,7038,111.0,5.855829962750695,PASS
3.2737305730003414,True,0.5642314091435185,"(np.float64(199.0), np.float64(176.0), np.float64(142.0))",5650,"(np.float64(1.0331658291457286), np.float64(1.1136363636363635), np.float64(1.3161971830985917))",False,11710,0,10.577456639681317,107,training_set\images\image_00107.jpg,7038,111.0,2.0706158110442816,PASS
3.2441251608203245,True,0.5642314091435185,"(np.float64(198.0), np.float64(173.0), np.float64(137.0))",5650,"(np.float64(1.0383838383838384), np.float64(1.1329479768786128), np.float64(1.364233576642336))",False,11710,0,8.526268058232622,108,training_set\images\image_00108.jpg,7038,111.0,1.7518238219948346,PASS
3.8073005318201956,True,0.5642314091435185,"(np.float64(201.0), np.float64(179.0), np.float64(146.0))",5650,"(np.float64(1.0228855721393035), np.float64(1.094972067039106), np.float64(1.2801369863013699))",False,11710,0,7.574464840117929,109,training_set\images\image_00109.jpg,7038,111.0,2.624474434084903,PASS
4.361299460941867,True,0.5642314091435185,"(np.float64(200.0), np.float64(178.0), np.float64(146.0))",5650,"(np.float64(1.028), np.float64(1.101123595505618), np.float64(1.2801369863013699))",False,11710,0,8.012249601452964,110,training_set\images\image_00110.jpg,7038,111.0,2.031857591126254,PASS
2.6160778110822362,True,0.5642314091435185,"(np.float64(197.0), np.float64(173.0), np.float64(137.0))",5650,"(np.float64(1.0436548223350253), np.float64(1.1329479768786128), np.float64(1.364233576642336))",False,11710,0,14.010934852618988,112,training_set\images\image_00112.jpg,7038,111.0,2.2580464550328623,PASS
3.5432210570705354,True,0.5642314091435185,"(np.float64(200.0), np.float64(178.0), np.float64(145.0))",5650,"(np.float64(1.028), np.float64(1.101123595505618), np.float64(1.2889655172413794))",False,11710,0,11.661657803103928,113,training_set\images\image_00113.jpg,7038,111.0,1.931435532259725,PASS
3.29706005677874,True,0.5642314091435185,"(np.float64(200.0), np.float64(178.0), np.float64(146.0))",5650,"(np.float64(1.028), np.float64(1.101123595505618), np.float64(1.2801369863013699))",False,11710,0,9.248875704530802,114,training_set\images\image_00114.jpg,7038,111.0,2.313704839379035,PASS
4.201239950594483,True,0.5642314091435185,"(np.float64(199.0), np.float64(178.0), np.float64(146.0))",5650,"(np.float64(1.0331658291457286), np.float64(1.101123595505618), np.float64(1.2801369863013699))",False,11710,0,8.148000795210804,115,training_set\images\image_00115.jpg,7038,111.0,4.00600296835397,PASS
3.0541098399709767,True,0.5642314091435185,"(np.float64(199.0), np.float64(178.0), np.float64(145.0))",5650,"(np.float64(1.0331658291457286), np.float64(1.101123595505618), np.float64(1.2889655172413794))",False,11710,0,6.406396218406373,116,training_set\images\image_00116.jpg,7038,111.0,2.395720698107872,PASS
3.077409928515429,True,0.5642314091435185,"(np.float64(200.0), np.float64(176.0), np.float64(140.0))",5650,"(np.float64(1.028), np.float64(1.1136363636363635), np.float64(1.335))",False,11710,0,12.306900901296721,117,training_set\images\image_00117.jpg,7038,111.0,2.432283540516165,PASS
3.330320496140261,True,0.5642314091435185,"(np.float64(202.0), np.float64(179.0), np.float64(146.0))",5650,"(np.float64(1.0178217821782178), np.float64(1.094972067039106), np.float64(1.2801369863013699))",False,11710,0,8.310758296948043,118,training_set\images\image_00118.jpg,7038,111.0,2.045606416569492,PASS
5.906173869049896,True,0.382813102816358,"(np.float64(191.0), np.float64(166.0), np.float64(127.0))",12800,"(np.float64(1.0764397905759162), np.float64(1.180722891566265), np.float64(1.4716535433070868))",False,7969,0,24.096659410226614,120,training_set\images\image_00120.jpg,7024,111.0,2.0069503387289074,PASS
2.726413437889815,True,0.382813102816358,"(np.float64(193.0), np.float64(166.0), np.float64(127.0))",12800,"(np.float64(1.0652849740932642), np.float64(1.180722891566265), np.float64(1.4716535433070868))",False,7969,0,5.989535851842668,121,training_set\images\image_00121.jpg,7024,111.0,8.15758987830649,FAIL
1.6164778701747293,True,0.382813102816358,"(np.float64(191.0), np.float64(164.0), np.float64(125.0))",12800,"(np.float64(1.0764397905759162), np.float64(1.1951219512195121), np.float64(1.4952))",False,7969,0,2.7745267021888407,122,training_set\images\image_00122.jpg,7024,111.0,2.8635851144537403,FAIL
2.617709095847031,True,0.382813102816358,"(np.float64(191.0), np.float64(165.0), np.float64(126.0))",12800,"(np.float64(1.0764397905759162), np.float64(1.187878787878788), np.float64(1.4833333333333334))",False,7969,0,5.997159691828768,123,training_set\images\image_00123.jpg,7024,111.0,5.112935004165309,FAIL
4.207057279348595,True,0.382813102816358,"(np.float64(191.0), np.float64(165.0), np.float64(127.0))",12800,"(np.float64(1.0764397905759162), np.float64(1.187878787878788), np.float64(1.4716535433070868))",False,7969,0,16.02626064311521,124,training_set\images\image_00124.jpg,7024,111.0,6.035557210333703,FAIL
3.2831811212809723,True,0.382813102816358,"(np.float64(192.0), np.float64(166.0), np.float64(128.0))",12800,"(np.float64(1.0708333333333333), np.float64(1.180722891566265), np.float64(1.46015625))",False,7969,0,12.549126413424224,125,training_set\images\image_00125.jpg,7024,111.0,7.715330600289297,FAIL
2.8446552175575412,True,0.382813102816358,"(np.float64(190.0), np.float64(165.0), np.float64(127.0))",12800,"(np.float64(1.0821052631578947), np.float64(1.187878787878788), np.float64(1.4716535433070868))",False,7969,0,11.591572251470602,126,training_set\images\image_00126.jpg,7024,111.0,5.903767453107667,FAIL
2.7386251565153295,True,0.382813102816358,"(np.float64(189.0), np.float64(163.0), np.float64(124.0))",12800,"(np.float64(1.0878306878306878), np.float64(1.2024539877300613), np.float64(1.507258064516129))",False,7969,0,5.92414616651942,127,training_set\images\image_00127.jpg,7024,111.0,8.578533049706222,FAIL
2.7890722966747044,True,0.382813102816358,"(np.float64(191.0), np.float64(165.0), np.float64(127.0))",12800,"(np.float64(1.0764397905759162), np.float64(1.187878787878788), np.float64(1.4716535433070868))",False,7969,0,6.367949195662948,128,training_set\images\image_00128.jpg,7024,111.0,4.505029660060925,FAIL
3.4817279202375,True,0.382813102816358,"(np.float64(192.0), np.float64(166.0), np.float64(127.0))",12800,"(np.float64(1.0708333333333333), np.float64(1.180722891566265), np.float64(1.4716535433070868))",False,7969,0,8.577452175778797,129,training_set\images\image_00129.jpg,7024,111.0,5.979970750029263,FAIL
2.6146666473005253,True,0.382813102816358,"(np.float64(191.0), np.float64(165.0), np.float64(127.0))",12800,"(np.float64(1.0764397905759162), np.float64(1.187878787878788), np.float64(1.4716535433070868))",False,7969,0,3.5985979583868795,131,training_set\images\image_00131.jpg,7024,111.0,6.337628441554772,FAIL
2.705768452361938,True,0.382813102816358,"(np.float64(192.0), np.float64(165.0), np.float64(126.0))",12800,"(np.float64(1.0708333333333333), np.float64(1.187878787878788), np.float64(1.4833333333333334))",False,7969,0,5.633938450523437,132,training_set\images\image_00132.jpg,7024,111.0,7.208624372132039,FAIL
2.319042665028367,True,0.382813102816358,"(np.float64(193.0), np.float64(166.0), np.float64(128.0))",12800,"(np.float64(1.0652849740932642), np.float64(1.180722891566265), np.float64(1.46015625))",False,7969,0,10.61411629570175,133,training_set\images\image_00133.jpg,7024,111.0,5.547714512643849,FAIL
2.480918474223255,True,0.382813102816358,"(np.float64(191.0), np.float64(165.0), np.float64(126.0))",12800,"(np.float64(1.0764397905759162), np.float64(1.187878787878788), np.float64(1.4833333333333334))",False,7969,0,11.570915667801339,134,training_set\images\image_00134.jpg,7024,111.0,4.813350539615102,FAIL
3.4093397747076013,True,0.382813102816358,"(np.float64(193.0), np.float64(166.0), np.float64(127.0))",12800,"(np.float64(1.0652849740932642), np.float64(1.180722891566265), np.float64(1.4716535433070868))",False,7969,0,13.846070006118019,135,training_set\images\image_00135.jpg,7024,111.0,4.846350178298253,FAIL
1.989761383687461,True,0.382813102816358,"(np.float64(192.0), np.float64(166.0), np.float64(126.0))",12800,"(np.float64(1.0708333333333333), np.float64(1.180722891566265), np.float64(1.4833333333333334))",False,7969,0,4.599492915057774,136,training_set\images\image_00136.jpg,7024,111.0,3.782986252328477,FAIL
2.784230878389016,True,0.382813102816358,"(np.float64(193.0), np.float64(165.0), np.float64(125.0))",12800,"(np.float64(1.0652849740932642), np.float64(1.187878787878788), np.float64(1.4952))",False,7969,0,13.34716848726957,137,training_set\images\image_00137.jpg,7024,111.0,4.889185099990756,FAIL
4.716970424168003,True,0.382813102816358,"(np.float64(193.0), np.float64(165.0), np.float64(124.0))",12800,"(np.float64(1.0652849740932642), np.float64(1.187878787878788), np.float64(1.507258064516129))",False,7969,4,27.569305865520043,138,training_set\images\image_00138.jpg,7024,111.0,5.376157129950402,FAIL
3.8556987483847607,True,0.382813102816358,"(np.float64(193.0), np.float64(165.0), np.float64(124.0))",12800,"(np.float64(1.0652849740932642), np.float64(1.187878787878788), np.float64(1.507258064516129))",False,7969,0,17.84943475905182,139,training_set\images\image_00139.jpg,7024,111.0,6.712774559028768,FAIL
4.088334980568801,True,0.382813102816358,"(np.float64(192.0), np.float64(165.0), np.float64(125.0))",12800,"(np.float64(1.0708333333333333), np.float64(1.187878787878788), np.float64(1.4952))",False,7969,0,16.885482380423475,140,training_set\images\image_00140.jpg,7024,111.0,7.48970260823349,FAIL
9.70341431874802,True,0.4214867862654321,"(np.float64(192.0), np.float64(166.0), np.float64(130.0))",12800,"(np.float64(1.0708333333333333), np.float64(1.180722891566265), np.float64(1.4376923076923078))",False,8755,11,37.525608665595634,141,training_set\images\image_00141.jpg,6024,112.0,2.0779509563821965,PASS
8.692361731150537,True,0.4214867862654321,"(np.float64(191.5), np.float64(166.0), np.float64(130.0))",12800,"(np.float64(1.0736292428198433), np.float64(1.180722891566265), np.float64(1.4376923076923078))",False,8755,7,31.746393521018316,142,training_set\images\image_00142.jpg,6024,112.0,2.372384962116799,PASS
7.559996428165628,True,0.4214867862654321,"(np.float64(193.0), np.float64(167.0), np.float64(129.0))",12800,"(np.float64(1.0652849740932642), np.float64(1.1736526946107784), np.float64(1.4488372093023256))",False,8755,0,24.617872782370906,143,training_set\images\image_00143.jpg,6024,112.0,2.7396914522203004,PASS
9.403275331349528,True,0.4214867862654321,"(np.float64(194.0), np.float64(168.0), np.float64(129.0))",12800,"(np.float64(1.0597938144329897), np.float64(1.1666666666666667), np.float64(1.4488372093023256))",False,8755,8,36.438249496191695,144,training_set\images\image_00144.jpg,6024,112.0,2.8786224778793006,PASS
6.774790115798824,True,0.4214867862654321,"(np.float64(194.0), np.float64(167.0), np.float64(129.0))",12800,"(np.float64(1.0597938144329897), np.float64(1.1736526946107784), np.float64(1.4488372093023256))",False,8755,0,19.938911535424783,145,training_set\images\image_00145.jpg,6024,112.0,2.95668188118446,PASS
6.831241368617711,True,0.4214867862654321,"(np.float64(192.0), np.float64(166.0), np.float64(129.0))",12800,"(np.float64(1.0708333333333333), np.float64(1.180722891566265), np.float64(1.4488372093023256))",False,8755,0,19.447562398392417,146,training_set\images\image_00146.jpg,6024,112.0,3.9710838351591615,PASS
6.420903002549408,True,0.4214867862654321,"(np.float64(193.0), np.float64(167.0), np.float64(130.0))",12800,"(np.float64(1.0652849740932642), np.float64(1.1736526946107784), np.float64(1.4376923076923078))",False,8755,0,16.61541095797667,147,training_set\images\image_00147.jpg,6024,112.0,2.9123976529342683,PASS
7.3932321927846445,True,0.4214867862654321,"(np.float64(192.0), np.float64(166.0), np.float64(129.0))",12800,"(np.float64(1.0708333333333333), np.float64(1.180722891566265), np.float64(1.4488372093023256))",False,8755,0,21.493233600676312,148,training_set\images\image_00148.jpg,6024,112.0,3.021214910963544,PASS
10.277449937664876,True,0.4214867862654321,"(np.float64(192.5), np.float64(167.0), np.float64(130.0))",12800,"(np.float64(1.068051948051948), np.float64(1.1736526946107784), np.float64(1.4376923076923078))",False,8755,7,33.246176080502444,149,training_set\images\image_00149.jpg,6024,112.0,2.5468490172808447,PASS
5.38909222493942,True,0.4214867862654321,"(np.float64(194.0), np.float64(168.0), np.float64(131.0))",12800,"(np.float64(1.0597938144329897), np.float64(1.1666666666666667), np.float64(1.4267175572519084))",False,8755,0,12.063588258238427,150,training_set\images\image_00150.jpg,6024,112.0,2.214093602588642,PASS
5.813339496500291,True,0.4214867862654321,"(np.float64(193.0), np.float64(167.5), np.float64(131.0))",12800,"(np.float64(1.0652849740932642), np.float64(1.1701492537313434), np.float64(1.4267175572519084))",False,8755,0,17.021981955143193,151,training_set\images\image_00151.jpg,6024,112.0,2.3694414902884806,PASS
8.697829125750443,True,0.4214867862654321,"(np.float64(193.5), np.float64(168.0), np.float64(131.0))",12800,"(np.float64(1.062532299741602), np.float64(1.1666666666666667), np.float64(1.4267175572519084))",False,8755,7,33.73413307203474,152,training_set\images\image_00152.jpg,6024,112.0,1.7493876722174806,PASS
4.275056796749498,True,0.6222890142746914,"(np.float64(193.0), np.float64(167.0), np.float64(131.0))",12800,"(np.float64(1.0652849740932642), np.float64(1.1736526946107784), np.float64(1.4267175572519084))",False,12878,0,7.486759366480203,153,training_set\images\image_00153.jpg,6038,112.0,2.07240197373936,PASS
3.850264288206203,True,0.6222890142746914,"(np.float64(194.0), np.float64(168.0), np.float64(132.0))",12800,"(np.float64(1.0597938144329897), np.float64(1.1666666666666667), np.float64(1.415909090909091))",False,12878,0,8.727604063247155,154,training_set\images\image_00154.jpg,6038,112.0,1.7954126320070536,PASS
5.62508741374433,True,0.6222890142746914,"(np.float64(195.5), np.float64(169.0), np.float64(132.0))",12800,"(np.float64(1.0516624040920717), np.float64(1.1597633136094674), np.float64(1.415909090909091))",False,12878,0,14.49662758364877,155,training_set\images\image_00155.jpg,6038,112.0,2.265482432635073,PASS
3.519315281080188,True,0.6222890142746914,"(np.float64(195.0), np.float64(169.0), np.float64(132.0))",12800,"(np.float64(1.0543589743589743), np.float64(1.1597633136094674), np.float64(1.415909090909091))",False,12878,0,6.7303359891547165,156,training_set\images\image_00156.jpg,6038,112.0,2.903544044566216,PASS
4.090048759089864,True,0.6222890142746914,"(np.float64(193.0), np.float64(168.0), np.float64(131.0))",12800,"(np.float64(1.0652849740932642), np.float64(1.1666666666666667), np.float64(1.4267175572519084))",False,12878,0,8.819739873484908,157,training_set\images\image_00157.jpg,6038,112.0,1.6723752529883202,PASS
4.2979896324534,True,0.6222890142746914,"(np.float64(192.0), np.float64(167.0), np.float64(131.0))",12800,"(np.float64(1.0708333333333333), np.float64(1.1736526946107784), np.float64(1.4267175572519084))",False,12878,0,24.098427816124865,158,training_set\images\image_00158.jpg,6038,112.0,2.0078969948478296,PASS
12.973981142689446,True,0.6222890142746914,"(np.float64(195.0), np.float64(169.0), np.float64(132.0))",12800,"(np.float64(1.0543589743589743), np.float64(1.1597633136094674), np.float64(1.415909090909091))",False,12878,3,30.55663980976534,160,training_set\images\image_00160.jpg,6038,112.0,2.063091273388,PASS
12.048033208437046,True,0.6222890142746914,"(np.float64(195.0), np.float64(169.0), np.float64(132.0))",12800,"(np.float64(1.0543589743589743), np.float64(1.1597633136094674), np.float64(1.415909090909091))",False,12878,5,28.64617138487538,161,training_set\images\image_00161.jpg,6038,112.0,2.0961469595459654,PASS
11.339293868346436,True,0.6222890142746914,"(np.float64(197.0), np.float64(170.5), np.float64(132.0))",12800,"(np.float64(1.0436548223350253), np.float64(1.1495601173020529), np.float64(1.415909090909091))",False,12878,4,28.605277875416686,162,training_set\images\image_00162.jpg,6038,112.0,2.879811788785964,PASS
9.764911363780906,True,0.6222890142746914,"(np.float64(197.0), np.float64(170.0), np.float64(132.0))",12800,"(np.float64(1.0436548223350253), np.float64(1.1529411764705881), np.float64(1.415909090909091))",False,12878,4,31.108125125696127,163,training_set\images\image_00163.jpg,6038,112.0,2.227891202021892,PASS
7.794948334176413,True,0.6222890142746914,"(np.float64(196.0), np.float64(170.0), np.float64(132.0))",12800,"(np.float64(1.0489795918367346), np.float64(1.1529411764705881), np.float64(1.415909090909091))",False,12878,0,23.105920735785205,164,training_set\images\image_00164.jpg,6038,112.0,1.7121379991419932,PASS
11.711594949384354,True,0.6222890142746914,"(np.float64(196.5), np.float64(170.0), np.float64(132.0))",12800,"(np.float64(1.0463104325699746), np.float64(1.1529411764705881), np.float64(1.415909090909091))",False,12878,5,28.765221265661594,165,training_set\images\image_00165.jpg,6038,112.0,2.0754696978800102,PASS
10.182303155477298,True,0.6222890142746914,"(np.float64(198.0), np.float64(171.0), np.float64(132.0))",12800,"(np.float64(1.0383838383838384), np.float64(1.1461988304093567), np.float64(1.415909090909091))",False,12878,3,29.346585244342617,166,training_set\images\image_00166.jpg,6038,112.0,2.7388065203098653,PASS
11.128916824773059,True,0.6222890142746914,"(np.float64(197.5), np.float64(170.5), np.float64(132.0))",12800,"(np.float64(1.041012658227848), np.float64(1.1495601173020529), np.float64(1.415909090909091))",False,12878,4,30.92848850065706,167,training_set\images\image_00167.jpg,6038,112.0,2.4588154056149603,PASS
12.033453373425413,True,0.6222890142746914,"(np.float64(196.0), np.float64(170.5), np.float64(132.0))",12800,"(np.float64(1.0489795918367346), np.float64(1.1495601173020529), np.float64(1.415909090909091))",False,12878,5,28.57597054782409,168,training_set\images\image_00168.jpg,6038,112.0,1.885517150390504,PASS
13.660640763741492,True,0.6222890142746914,"(np.float64(195.0), np.float64(170.0), np.float64(132.0))",12800,"(np.float64(1.0543589743589743), np.float64(1.1529411764705881), np.float64(1.415909090909091))",False,12878,4,34.442732346006366,169,training_set\images\image_00169.jpg,6038,112.0,2.3409611274951505,PASS
10.876264140649315,True,0.6222890142746914,"(np.float64(195.0), np.float64(169.0), np.float64(132.0))",12800,"(np.float64(1.0543589743589743), np.float64(1.1597633136094674), np.float64(1.415909090909091))",False,12878,6,28.940512875931642,170,training_set\images\image_00170.jpg,6038,112.0,2.2880175765792137,PASS
8.848930492406444,True,0.6222890142746914,"(np.float64(193.0), np.float64(167.0), np.float64(130.0))",12800,"(np.float64(1.0652849740932642), np.float64(1.1736526946107784), np.float64(1.4376923076923078))",False,12878,4,31.275213802053702,171,training_set\images\image_00171.jpg,6038,112.0,1.9780738210175035,PASS
12.130778588202409,True,0.6222890142746914,"(np.float64(194.0), np.float64(168.0), np.float64(131.0))",12800,"(np.float64(1.0597938144329897), np.float64(1.1666666666666667), np.float64(1.4267175572519084))",False,12878,6,29.20174347506071,172,training_set\images\image_00172.jpg,6038,112.0,2.384424736177065,PASS
12.089309873152818,True,0.6222890142746914,"(np.float64(192.5), np.float64(167.5), np.float64(131.0))",12800,"(np.float64(1.068051948051948), np.float64(1.1701492537313434), np.float64(1.4267175572519084))",False,12878,6,29.615867351375766,173,training_set\images\image_00173.jpg,6038,112.0,2.798531323760072,PASS
12.544804559540507,True,0.6222890142746914,"(np.float64(192.0), np.float64(167.0), np.float64(130.0))",12800,"(np.float64(1.0708333333333333), np.float64(1.1736526946107784), np.float64(1.4376923076923078))",False,12878,5,28.59748206678438,174,training_set\images\image_00174.jpg,6038,112.0,2.0878961258155946,PASS
10.790661870998735,True,0.6222890142746914,"(np.float64(193.0), np.float64(167.5), np.float64(131.0))",12800,"(np.float64(1.0652849740932642), np.float64(1.1701492537313434), np.float64(1.4267175572519084))",False,12878,5,28.562293344895924,175,training_set\images\image_00175.jpg,6038,112.0,1.9470819540302784,PASS
11.580054457318349,True,0.6222890142746914,"(np.float64(194.0), np.float64(167.5), np.float64(131.0))",12800,"(np.float64(1.0597938144329897), np.float64(1.1701492537313434), np.float64(1.4267175572519084))",False,12878,6,31.5167219123868,176,training_set\images\image_00176.jpg,6038,112.0,2.1416520964863577,PASS
10.370411102608061,True,0.6222890142746914,"(np.float64(193.5), np.float64(167.0), np.float64(131.0))",12800,"(np.float64(1.062532299741602), np.float64(1.1736526946107784), np.float64(1.4267175572519084))",False,12878,5,30.148482768404158,177,training_set\images\image_00177.jpg,6038,112.0,1.923366211201466,PASS
12.177499836526422,True,0.6222890142746914,"(np.float64(194.0), np.float64(168.0), np.float64(131.0))",12800,"(np.float64(1.0597938144329897), np.float64(1.1666666666666667), np.float64(1.4267175572519084))",False,12878,4,27.335704177185487,178,training_set\images\image_00178.jpg,6038,112.0,2.5551518379299027,PASS
12.901587773930306,True,0.6222890142746914,"(np.float64(193.5), np.float64(167.0), np.float64(130.0))",12800,"(np.float64(1.062532299741602), np.float64(1.1736526946107784), np.float64(1.4376923076923078))",False,12878,2,29.630764359731796,179,training_set\images\image_00179.jpg,6038,112.0,1.903747158928213,PASS
10.174493047977421,True,0.6222890142746914,"(np.float64(194.0), np.float64(168.0), np.float64(130.0))",12800,"(np.float64(1.0597938144329897), np.float64(1.1666666666666667), np.float64(1.4376923076923078))",False,12878,4,30.1015695935345,180,training_set\images\image_00180.jpg,6038,112.0,1.7674167917123356,PASS
13.412012626735287,True,0.6222890142746914,"(np.float64(193.0), np.float64(166.5), np.float64(130.0))",12800,"(np.float64(1.0652849740932642), np.float64(1.177177177177177), np.float64(1.4376923076923078))",False,12878,6,31.259936528875983,181,training_set\images\image_00181.jpg,6038,112.0,1.8107741374660449,PASS
3.688944374224356,True,0.382813102816358,"(np.float64(186.0), np.float64(160.0), np.float64(122.0))",12800,"(np.float64(1.1053763440860214), np.float64(1.225), np.float64(1.5319672131147541))",False,7969,0,11.596749004414889,182,training_set\images\image_00182.jpg,7024,111.0,5.83035272498779,FAIL
3.1936151114047227,True,0.382813102816358,"(np.float64(187.0), np.float64(160.0), np.float64(120.0))",12800,"(np.float64(1.0994652406417111), np.float64(1.225), np.float64(1.5575))",False,7969,0,7.043259158334384,183,training_set\images\image_00183.jpg,7024,111.0,5.706529294931187,FAIL
2.290327677183356,True,0.382813102816358,"(np.float64(187.0), np.float64(160.0), np.float64(121.0))",12800,"(np.float64(1.0994652406417111), np.float64(1.225), np.float64(1.5446280991735537))",False,7969,0,4.267294666758201,184,training_set\images\image_00184.jpg,7024,111.0,5.966091827427232,FAIL
3.1663100820199848,True,0.382813102816358,"(np.float64(188.0), np.float64(160.0), np.float64(121.0))",12800,"(np.float64(1.0936170212765957), np.float64(1.225), np.float64(1.5446280991735537))",False,7969,0,4.943519640431041,185,training_set\images\image_00185.jpg,7024,111.0,5.991650432651768,FAIL
3.658432569716142,True,0.382813102816358,"(np.float64(189.0), np.float64(161.0), np.float64(121.0))",12800,"(np.float64(1.0878306878306878), np.float64(1.2173913043478262), np.float64(1.5446280991735537))",False,7969,0,11.416169683872589,186,training_set\images\image_00186.jpg,7024,111.0,6.776745859338399,FAIL
2.952547513513525,True,0.382813102816358,"(np.float64(188.0), np.float64(161.0), np.float64(122.0))",12800,"(np.float64(1.0936170212765957), np.float64(1.2173913043478262), np.float64(1.5319672131147541))",False,7969,0,5.583155553379129,187,training_set\images\image_00187.jpg,7024,111.0,6.146199648266154,FAIL
3.857921978108383,True,0.382813102816358,"(np.float64(188.0), np.float64(161.0), np.float64(123.0))",12800,"(np.float64(1.0936170212765957), np.float64(1.2173913043478262), np.float64(1.5195121951219512))",False,7969,0,21.437354199254898,188,training_set\images\image_00188.jpg,7024,111.0,4.971375668239396,FAIL
1.9941093387084183,True,0.382813102816358,"(np.float64(188.0), np.float64(162.0), np.float64(124.0))",12800,"(np.float64(1.0936170212765957), np.float64(1.2098765432098766), np.float64(1.507258064516129))",False,7969,0,3.366539053224193,189,training_set\images\image_00189.jpg,7024,111.0,3.610994652096564,FAIL
3.474294668124935,True,0.382813102816358,"(np.float64(188.0), np.float64(160.0), np.float64(122.0))",12800,"(np.float64(1.0936170212765957), np.float64(1.225), np.float64(1.5319672131147541))",False,7969,0,15.295776410959034,190,training_set\images\image_00190.jpg,7024,111.0,3.9446050177346574,FAIL
2.053814657858527,True,0.382813102816358,"(np.float64(188.0), np.float64(161.0), np.float64(122.0))",12800,"(np.float64(1.0936170212765957), np.float64(1.2173913043478262), np.float64(1.5319672131147541))",False,7969,0,5.538287785679577,191,training_set\images\image_00191.jpg,7024,111.0,3.479210197615027,FAIL
3.746353294471113,True,0.382813102816358,"(np.float64(188.0), np.float64(160.0), np.float64(121.0))",12800,"(np.float64(1.0936170212765957), np.float64(1.225), np.float64(1.5446280991735537))",False,7969,0,22.738693691364958,192,training_set\images\image_00192.jpg,7024,111.0,3.788154518669311,FAIL
3.629698013005762,True,0.382813102816358,"(np.float64(188.0), np.float64(160.0), np.float64(122.0))",12800,"(np.float64(1.0936170212765957), np.float64(1.225), np.float64(1.5319672131147541))",False,7969,0,16.57586803242185,193,training_set\images\image_00193.jpg,7024,111.0,3.5528581744963823,FAIL
2.9108104255202503,True,0.382813102816358,"(np.float64(189.0), np.float64(160.0), np.float64(121.0))",12800,"(np.float64(1.0878306878306878), np.float64(1.225), np.float64(1.5446280991735537))",False,7969,0,14.096023908486126,194,training_set\images\image_00194.jpg,7024,111.0,2.087193458337926,FAIL
2.7027421224891683,True,0.382813102816358,"(np.float64(189.0), np.float64(161.0), np.float64(122.0))",12800,"(np.float64(1.0878306878306878), np.float64(1.2173913043478262), np.float64(1.5319672131147541))",False,7969,0,11.931169427210456,195,training_set\images\image_00195.jpg,7024,111.0,3.367707995650229,FAIL
2.903101993243246,True,0.382813102816358,"(np.float64(190.0), np.float64(161.0), np.float64(122.0))",12800,"(np.float64(1.0821052631578947), np.float64(1.2173913043478262), np.float64(1.5319672131147541))",False,7969,0,13.86055749298202,196,training_set\images\image_00196.jpg,7024,111.0,2.965236047647845,FAIL
4.397702150591649,True,0.382813102816358,"(np.float64(189.0), np.float64(160.0), np.float64(121.0))",12800,"(np.float64(1.0878306878306878), np.float64(1.225), np.float64(1.5446280991735537))",False,7969,0,12.226638778070773,197,training_set\images\image_00197.jpg,7024,111.0,2.285548030075596,FAIL
2.1453144686590244,True,0.382813102816358,"(np.float64(189.0), np.float64(159.0), np.float64(119.0))",12800,"(np.float64(1.0878306878306878), np.float64(1.2327044025157232), np.float64(1.5705882352941176))",False,7969,0,4.385364875505915,198,training_set\images\image_00198.jpg,7024,111.0,2.688049743039896,FAIL
2.5678760393293785,True,0.382813102816358,"(np.float64(188.0), np.float64(160.0), np.float64(121.0))",12800,"(np.float64(1.0936170212765957), np.float64(1.225), np.float64(1.5446280991735537))",False,7969,0,8.866262721172507,199,training_set\images\image_00199.jpg,7024,111.0,4.49783399529025,FAIL
2.344589054320187,True,0.382813102816358,"(np.float64(189.0), np.float64(159.0), np.float64(120.0))",12800,"(np.float64(1.0878306878306878), np.float64(1.2327044025157232), np.float64(1.5575))",False,7969,0,7.552592517095114,200,training_set\images\image_00200.jpg,7024,111.0,3.514171465085317,FAIL
2.623028439031589,True,0.382813102816358,"(np.float64(189.0), np.float64(159.0), np.float64(119.0))",12800,"(np.float64(1.0878306878306878), np.float64(1.2327044025157232), np.float64(1.5705882352941176))",False,7969,0,6.906994633929209,201,training_set\images\image_00201.jpg,7024,111.0,6.24201668680482,FAIL
5.911445298153199,True,0.382813102816358,"(np.float64(189.0), np.float64(160.0), np.float64(121.0))",12800,"(np.float64(1.0878306878306878), np.float64(1.225), np.float64(1.5446280991735537))",False,7969,3,27.476263217536072,202,training_set\images\image_00202.jpg,7024,111.0,3.3608075565593363,FAIL
2.2460911319593646,True,0.382813102816358,"(np.float64(188.0), np.float64(161.0), np.float64(123.0))",12800,"(np.float64(1.0936170212765957), np.float64(1.2173913043478262), np.float64(1.5195121951219512))",False,7969,0,7.79329793212564,203,training_set\images\image_00203.jpg,7024,111.0,3.90521445158499,FAIL
2.2240202813943983,True,0.382813102816358,"(np.float64(189.0), np.float64(160.0), np.float64(121.0))",12800,"(np.float64(1.0878306878306878), np.float64(1.225), np.float64(1.5446280991735537))",False,7969,0,6.162386000890951,204,training_set\images\image_00204.jpg,7024,111.0,6.246930949521273,FAIL
2.935489520783647,True,0.382813102816358,"(np.float64(187.0), np.float64(162.0), np.float64(126.0))",12800,"(np.float64(1.0994652406417111), np.float64(1.2098765432098766), np.float64(1.4833333333333334))",False,7969,0,9.304495514187833,205,training_set\images\image_00205.jpg,7024,111.0,2.75076790842134,FAIL
2.989358935466569,True,0.382813102816358,"(np.float64(188.0), np.float64(162.0), np.float64(124.0))",12800,"(np.float64(1.0936170212765957), np.float64(1.2098765432098766), np.float64(1.507258064516129))",False,7969,0,9.343514260512773,206,training_set\images\image_00206.jpg,7024,111.0,4.750257815342239,FAIL
2.7001596690311924,True,0.382813102816358,"(np.float64(188.0), np.float64(162.0), np.float64(124.0))",12800,"(np.float64(1.0936170212765957), np.float64(1.2098765432098766), np.float64(1.507258064516129))",False,7969,0,6.572341778035785,207,training_set\images\image_00207.jpg,7024,111.0,6.554164573202864,FAIL
4.115888198628497,True,0.382813102816358,"(np.float64(187.0), np.float64(162.0), np.float64(124.0))",12800,"(np.float64(1.0994652406417111), np.float64(1.2098765432098766), np.float64(1.507258064516129))",False,7969,0,16.79459815522983,208,training_set\images\image_00208.jpg,7024,111.0,7.594095982677249,FAIL
3.897970708580026,True,0.382813102816358,"(np.float64(187.0), np.float64(162.0), np.float64(122.0))",12800,"(np.float64(1.0994652406417111), np.float64(1.2098765432098766), np.float64(1.5319672131147541))",False,7969,0,12.74987331758395,209,training_set\images\image_00209.jpg,7024,111.0,4.2049049792850015,FAIL
4.103123403547777,True,0.382813102816358,"(np.float64(188.0), np.float64(163.0), np.float64(124.0))",12800,"(np.float64(1.0936170212765957), np.float64(1.2024539877300613), np.float64(1.507258064516129))",False,7969,0,15.721622352973988,210,training_set\images\image_00210.jpg,7024,111.0,4.945225177752393,FAIL
2.5919224522863504,True,0.382813102816358,"(np.float64(189.0), np.float64(164.0), np.float64(126.0))",12800,"(np.float64(1.0878306878306878), np.float64(1.1951219512195121), np.float64(1.4833333333333334))",False,7969,0,8.365411728071695,211,training_set\images\image_00211.jpg,7024,111.0,5.0665713777055466,FAIL
2.3417408179592285,True,0.382813102816358,"(np.float64(188.0), np.float64(163.0), np.float64(124.0))",12800,"(np.float64(1.0936170212765957), np.float64(1.2024539877300613), np.float64(1.507258064516129))",False,7969,0,5.099820815859414,212,training_set\images\image_00212.jpg,7024,111.0,6.305712564780893,FAIL
3.2296267338748255,True,0.382813102816358,"(np.float64(188.0), np.float64(163.0), np.float64(124.0))",12800,"(np.float64(1.0936170212765957), np.float64(1.2024539877300613), np.float64(1.507258064516129))",False,7969,0,16.141659689580422,213,training_set\images\image_00213.jpg,7024,111.0,4.679190197909033,FAIL
7.262191775089717,True,0.382813102816358,"(np.float64(187.0), np.float64(162.0), np.float64(125.0))",12800,"(np.float64(1.0994652406417111), np.float64(1.2098765432098766), np.float64(1.4952))",False,7969,2,25.85169081446869,260,training_set\images\image_00260.jpg,7024,113.0,1.8120957166808027,PASS
2.3050578292436863,True,0.382813102816358,"(np.float64(187.0), np.float64(162.0), np.float64(125.0))",12800,"(np.float64(1.0994652406417111), np.float64(1.2098765432098766), np.float64(1.4952))",False,7969,0,9.058080486253731,261,training_set\images\image_00261.jpg,7024,113.0,2.3689510903283373,PASS
2.0758924096662117,True,0.382813102816358,"(np.float64(186.0), np.float64(161.0), np.float64(126.0))",12800,"(np.float64(1.1053763440860214), np.float64(1.2173913043478262), np.float64(1.4833333333333334))",False,7969,0,17.739182942205094,262,training_set\images\image_00262.jpg,7024,113.0,1.928515891432225,PASS
4.214361147778483,True,0.382813102816358,"(np.float64(186.0), np.float64(161.0), np.float64(125.0))",12800,"(np.float64(1.1053763440860214), np.float64(1.2173913043478262), np.float64(1.4952))",False,7969,0,17.1521249954503,263,training_set\images\image_00263.jpg,7024,113.0,3.615501087373426,PASS
3.9026355940830095,True,0.382813102816358,"(np.float64(186.0), np.float64(161.0), np.float64(126.0))",12800,"(np.float64(1.1053763440860214), np.float64(1.2173913043478262), np.float64(1.4833333333333334))",False,7969,0,17.810214672038267,264,training_set\images\image_00264.jpg,7024,113.0,3.308092581099596,PASS
5.870485626205657,True,0.382813102816358,"(np.float64(186.0), np.float64(161.0), np.float64(125.0))",12800,"(np.float64(1.1053763440860214), np.float64(1.2173913043478262), np.float64(1.4952))",False,7969,0,21.965615826820482,265,training_set\images\image_00265.jpg,7024,113.0,2.456614504923234,PASS
7.8539552607226035,True,0.382813102816358,"(np.float64(186.0), np.float64(161.0), np.float64(125.0))",12800,"(np.float64(1.1053763440860214), np.float64(1.2173913043478262), np.float64(1.4952))",False,7969,2,26.68370885178208,266,training_set\images\image_00266.jpg,7024,113.0,2.787038539870484,PASS
1.736165903742577,True,0.382813102816358,"(np.float64(186.0), np.float64(161.0), np.float64(124.0))",12800,"(np.float64(1.1053763440860214), np.float64(1.2173913043478262), np.float64(1.507258064516129))",False,7969,0,2.7366726445935114,267,training_set\images\image_00267.jpg,7024,113.0,2.193151465893945,PASS
3.184277795579453,True,0.382813102816358,"(np.float64(186.0), np.float64(161.0), np.float64(125.0))",12800,"(np.float64(1.1053763440860214), np.float64(1.2173913043478262), np.float64(1.4952))",False,7969,0,11.010646458903475,268,training_set\images\image_00268.jpg,7024,113.0,3.4805200221014254,PASS
1.883401650161146,True,0.382813102816358,"(np.float64(186.0), np.float64(161.0), np.float64(125.0))",12800,"(np.float64(1.1053763440860214), np.float64(1.2173913043478262), np.float64(1.4952))",False,7969,0,16.83522077737214,269,training_set\images\image_00269.jpg,7024,113.0,2.53548494460459,PASS
2.852486948738632,True,0.382813102816358,"(np.float64(189.0), np.float64(163.0), np.float64(126.0))",12800,"(np.float64(1.0878306878306878), np.float64(1.2024539877300613), np.float64(1.4833333333333334))",False,7969,0,8.591500595450883,270,training_set\images\image_00270.jpg,7024,113.0,2.460942406347088,PASS
2.2948370520748766,True,0.382813102816358,"(np.float64(187.0), np.float64(161.0), np.float64(125.0))",12800,"(np.float64(1.0994652406417111), np.float64(1.2173913043478262), np.float64(1.4952))",False,7969,0,5.49252370441593,271,training_set\images\image_00271.jpg,7024,113.0,2.116974050876561,PASS
2.426367836360486,True,0.382813102816358,"(np.float64(186.0), np.float64(161.0), np.float64(125.0))",12800,"(np.float64(1.1053763440860214), np.float64(1.2173913043478262), np.float64(1.4952))",False,7969,0,23.134856404230163,272,training_set\images\image_00272.jpg,7024,113.0,1.7376875202896565,PASS
3.0992004052283586,True,0.5642314091435185,"(np.float64(187.0), np.float64(163.0), np.float64(128.0))",5650,"(np.float64(1.0994652406417111), np.float64(1.2024539877300613), np.float64(1.46015625))",False,11710,0,9.530683042643991,273,training_set\images\image_00273.jpg,7038,113.0,2.64685030413572,PASS
4.88135727723465,True,0.5642314091435185,"(np.float64(187.0), np.float64(163.0), np.float64(128.0))",5650,"(np.float64(1.0994652406417111), np.float64(1.2024539877300613), np.float64(1.46015625))",False,11710,0,20.947049517567883,274,training_set\images\image_00274.jpg,7038,113.0,2.4689927491993484,PASS
2.41551723971342,True,0.5642314091435185,"(np.float64(187.0), np.float64(163.0), np.float64(129.0))",5650,"(np.float64(1.0994652406417111), np.float64(1.2024539877300613), np.float64(1.4488372093023256))",False,11710,0,4.059227820533046,275,training_set\images\image_00275.jpg,7038,113.0,2.181040147868009,PASS
2.449844426428975,True,0.5642314091435185,"(np.float64(187.0), np.float64(163.0), np.float64(127.0))",5650,"(np.float64(1.0994652406417111), np.float64(1.2024539877300613), np.float64(1.4716535433070868))",False,11710,0,8.487043346798458,276,training_set\images\image_00276.jpg,7038,113.0,2.667314258006738,PASS
2.0329704967605577,True,0.5642314091435185,"(np.float64(186.0), np.float64(162.0), np.float64(126.0))",5650,"(np.float64(1.1053763440860214), np.float64(1.2098765432098766), np.float64(1.4833333333333334))",False,11710,0,3.6295421546502915,277,training_set\images\image_00277.jpg,7038,113.0,3.8848214015236144,PASS
3.178372665222307,True,0.5642314091435185,"(np.float64(186.0), np.float64(160.0), np.float64(123.0))",5650,"(np.float64(1.1053763440860214), np.float64(1.225), np.float64(1.5195121951219512))",False,11710,0,13.002008459226088,280,training_set\images\image_00280.jpg,7038,113.0,2.897700965725577,PASS
5.123545756303627,True,0.5642314091435185,"(np.float64(188.0), np.float64(164.0), np.float64(131.0))",5650,"(np.float64(1.0936170212765957), np.float64(1.1951219512195121), np.float64(1.4267175572519084))",False,11710,0,15.710294620720138,281,training_set\images\image_00281.jpg,7038,113.0,2.808031221185068,PASS
3.152932797557813,True,0.5642314091435185,"(np.float64(187.0), np.float64(162.0), np.float64(127.0))",5650,"(np.float64(1.0994652406417111), np.float64(1.2098765432098766), np.float64(1.4716535433070868))",False,11710,0,16.31630633551408,282,training_set\images\image_00282.jpg,7038,113.0,2.15617613638154,PASS
6.463260031846884,True,0.5642314091435185,"(np.float64(187.0), np.float64(163.0), np.float64(128.0))",5650,"(np.float64(1.0994652406417111), np.float64(1.2024539877300613), np.float64(1.46015625))",False,11710,7,33.04332382652913,283,training_set\images\image_00283.jpg,7038,113.0,2.0030561980427115,PASS
5.244049636380976,True,0.5642314091435185,"(np.float64(186.0), np.float64(163.0), np.float64(129.0))",5650,"(np.float64(1.1053763440860214), np.float64(1.2024539877300613), np.float64(1.4488372093023256))",False,11710,0,22.598524927535124,284,training_set\images\image_00284.jpg,7038,113.0,1.9045419891256647,PASS
4.922478447572177,True,0.5642314091435185,"(np.float64(187.0), np.float64(163.0), np.float64(129.0))",5650,"(np.float64(1.0994652406417111), np.float64(1.2024539877300613), np.float64(1.4488372093023256))",False,11710,6,31.18747126062271,285,training_set\images\image_00285.jpg,7038,113.0,2.0515877185219487,PASS
5.221849973464704,True,0.5642314091435185,"(np.float64(186.0), np.float64(162.0), np.float64(129.0))",5650,"(np.float64(1.1053763440860214), np.float64(1.2098765432098766), np.float64(1.4488372093023256))",False,11710,0,22.72369682227385,286,training_set\images\image_00286.jpg,7038,113.0,2.408987403494228,PASS
5.303982297439288,True,0.5642314091435185,"(np.float64(187.0), np.float64(164.0), np.float64(130.0))",5650,"(np.float64(1.0994652406417111), np.float64(1.1951219512195121), np.float64(1.4376923076923078))",False,11710,5,33.29848606399455,287,training_set\images\image_00287.jpg,7038,113.0,2.459627755508903,PASS
4.862778880381502,True,0.5642314091435185,"(np.float64(187.0), np.float64(163.0), np.float64(130.0))",5650,"(np.float64(1.0994652406417111), np.float64(1.2024539877300613), np.float64(1.4376923076923078))",False,11710,4,28.116951341371916,288,training_set\images\image_00288.jpg,7038,113.0,3.200880519510564,PASS
5.157822644856384,True,0.5642314091435185,"(np.float64(187.0), np.float64(163.0), np.float64(130.0))",5650,"(np.float64(1.0994652406417111), np.float64(1.2024539877300613), np.float64(1.4376923076923078))",False,11710,0,24.858180777468046,289,training_set\images\image_00289.jpg,7038,113.0,2.401345844367852,PASS
5.745437765906036,True,0.5642314091435185,"(np.float64(190.0), np.float64(168.0), np.float64(139.0))",5650,"(np.float64(1.0821052631578947), np.float64(1.1666666666666667), np.float64(1.3446043165467627))",False,11710,5,31.78703094226526,290,training_set\images\image_00290.jpg,7038,113.0,2.302382295221584,PASS
5.443225708139707,True,0.5642314091435185,"(np.float64(187.0), np.float64(163.0), np.float64(130.0))",5650,"(np.float64(1.0994652406417111), np.float64(1.2024539877300613), np.float64(1.4376923076923078))",False,11710,6,33.11719314738595,291,training_set\images\image_00291.jpg,7038,113.0,2.709997233447793,PASS
3.1517294918042933,True,0.5642314091435185,"(np.float64(186.0), np.float64(163.0), np.float64(129.0))",5650,"(np.float64(1.1053763440860214), np.float64(1.2024539877300613), np.float64(1.4488372093023256))",False,11710,0,17.885922387880058,292,training_set\images\image_00292.jpg,7038,113.0,3.173934937586228,PASS
4.062956844267214,True,0.5642314091435185,"(np.float64(188.0), np.float64(165.0), np.float64(131.0))",5650,"(np.float64(1.0936170212765957), np.float64(1.187878787878788), np.float64(1.4267175572519084))",False,11710,0,22.888277929046406,293,training_set\images\image_00293.jpg,7038,113.0,3.2027905118906874,PASS
6.169570432416913,True,0.5642314091435185,"(np.float64(186.0), np.float64(162.0), np.float64(128.0))",5650,"(np.float64(1.1053763440860214), np.float64(1.2098765432098766), np.float64(1.46015625))",False,11710,7,33.16869648382342,294,training_set\images\image_00294.jpg,7038,113.0,1.381567447306505,PASS
4.929689178032649,True,0.5642314091435185,"(np.float64(187.0), np.float64(163.0), np.float64(129.0))",5650,"(np.float64(1.0994652406417111), np.float64(1.2024539877300613), np.float64(1.4488372093023256))",False,11710,1,25.546011813739188,295,training_set\images\image_00295.jpg,7038,113.0,2.0326090081542523,PASS
5.2931916779405785,True,0.5642314091435185,"(np.float64(186.0), np.float64(162.0), np.float64(128.0))",5650,"(np.float64(1.1053763440860214), np.float64(1.2098765432098766), np.float64(1.46015625))",False,11710,6,31.031732996177848,296,training_set\images\image_00296.jpg,7038,113.0,2.054181359874961,PASS
5.907816323560239,True,0.5642314091435185,"(np.float64(186.0), np.float64(163.0), np.float64(129.0))",5650,"(np.float64(1.1053763440860214), np.float64(1.2024539877300613), np.float64(1.4488372093023256))",False,11710,7,33.1563729601557,297,training_set\images\image_00297.jpg,7038,113.0,2.026631280609921,PASS
4.81884931961806,True,0.5642314091435185,"(np.float64(186.0), np.float64(162.0), np.float64(128.0))",5650,"(np.float64(1.1053763440860214), np.float64(1.2098765432098766), np.float64(1.46015625))",False,11710,7,33.41511737452489,298,training_set\images\image_00298.jpg,7038,113.0,2.263836029215593,PASS
3.43470686283513,True,0.5642314091435185,"(np.float64(189.0), np.float64(164.0), np.float64(128.0))",5650,"(np.float64(1.0878306878306878), np.float64(1.1951219512195121), np.float64(1.46015625))",False,11710,0,9.811456249868002,302,training_set\images\image_00302.jpg,7038,113.0,2.40004706865471,PASS
3.6191162437725115,True,0.5642314091435185,"(np.float64(189.0), np.float64(164.0), np.float64(128.0))",5650,"(np.float64(1.0878306878306878), np.float64(1.1951219512195121), np.float64(1.46015625))",False,11710,0,12.943907003353365,303,training_set\images\image_00303.jpg,7038,113.0,3.7225631557147474,PASS
4.437749083131129,True,0.5642314091435185,"(np.float64(189.0), np.float64(164.0), np.float64(128.0))",5650,"(np.float64(1.0878306878306878), np.float64(1.1951219512195121), np.float64(1.46015625))",False,11710,0,11.218091829414798,304,training_set\images\image_00304.jpg,7038,113.0,2.3603628200550286,PASS
2.628036903701835,True,0.5642314091435185,"(np.float64(187.0), np.float64(162.0), np.float64(127.0))",5650,"(np.float64(1.0994652406417111), np.float64(1.2098765432098766), np.float64(1.4716535433070868))",False,11710,0,5.2567067611121,305,training_set\images\image_00305.jpg,7038,113.0,2.304036338600824,PASS
4.258747951940133,True,0.5642314091435185,"(np.float64(188.0), np.float64(163.0), np.float64(127.0))",5650,"(np.float64(1.0936170212765957), np.float64(1.2024539877300613), np.float64(1.4716535433070868))",False,11710,0,16.119198259940028,306,training_set\images\image_00306.jpg,7038,113.0,2.975063132899486,PASS
2.9082553040213535,True,0.5642314091435185,"(np.float64(187.0), np.float64(162.0), np.float64(126.0))",5650,"(np.float64(1.0994652406417111), np.float64(1.2098765432098766), np.float64(1.4833333333333334))",False,11710,0,5.694446109273003,307,training_set\images\image_00307.jpg,7038,113.0,2.7046142489948624,PASS
2.2434896064793968,True,0.5642314091435185,"(np.float64(188.0), np.float64(163.0), np.float64(127.0))",5650,"(np.float64(1.0936170212765957), np.float64(1.2024539877300613), np.float64(1.4716535433070868))",False,11710,0,4.4207981233040465,308,training_set\images\image_00308.jpg,7038,113.0,2.126228829959553,PASS
2.3516348733710424,True,0.5642314091435185,"(np.float64(187.0), np.float64(163.0), np.float64(127.0))",5650,"(np.float64(1.0994652406417111), np.float64(1.2024539877300613), np.float64(1.4716535433070868))",False,11710,0,4.554788885244602,309,training_set\images\image_00309.jpg,7038,113.0,1.815063845138595,PASS
2.1693049786133716,True,0.5642314091435185,"(np.float64(188.0), np.float64(163.0), np.float64(127.0))",5650,"(np.float64(1.0936170212765957), np.float64(1.2024539877300613), np.float64(1.4716535433070868))",False,11710,0,4.468266186080323,310,training_set\images\image_00310.jpg,7038,113.0,2.000909174811218,PASS
3.935673021417505,True,0.382813102816358,"(np.float64(187.0), np.float64(162.0), np.float64(126.0))",12800,"(np.float64(1.0994652406417111), np.float64(1.2098765432098766), np.float64(1.4833333333333334))",False,7969,0,8.003152229809,332,training_set\images\image_00332.jpg,7024,111.0,5.117421546687427,FAIL
6.964062347438277,True,0.382813102816358,"(np.float64(186.0), np.float64(161.0), np.float64(123.0))",12800,"(np.float64(1.1053763440860214), np.float64(1.2173913043478262), np.float64(1.5195121951219512))",False,7969,0,21.457222973843823,333,training_set\images\image_00333.jpg,7024,111.0,7.748225663901454,FAIL
6.596576452490896,True,0.382813102816358,"(np.float64(187.0), np.float64(162.0), np.float64(126.0))",12800,"(np.float64(1.0994652406417111), np.float64(1.2098765432098766), np.float64(1.4833333333333334))",False,7969,4,33.536269185649545,334,training_set\images\image_00334.jpg,7024,111.0,6.245181176849876,FAIL
3.357026461654561,True,0.382813102816358,"(np.float64(186.0), np.float64(161.0), np.float64(125.0))",12800,"(np.float64(1.1053763440860214), np.float64(1.2173913043478262), np.float64(1.4952))",False,7969,0,6.583383972580458,335,training_set\images\image_00335.jpg,7024,111.0,6.000945544323163,FAIL
6.5492365037648295,True,0.382813102816358,"(np.float64(187.0), np.float64(162.0), np.float64(126.0))",12800,"(np.float64(1.0994652406417111), np.float64(1.2098765432098766), np.float64(1.4833333333333334))",False,7969,1,25.96166986640452,336,training_set\images\image_00336.jpg,7024,111.0,5.75236630565148,FAIL
4.33468152850874,True,0.382813102816358,"(np.float64(186.0), np.float64(162.0), np.float64(125.0))",12800,"(np.float64(1.1053763440860214), np.float64(1.2098765432098766), np.float64(1.4952))",False,7969,0,13.801633028461225,337,training_set\images\image_00337.jpg,7024,111.0,5.4866501160522745,FAIL
2.667252496731382,True,0.382813102816358,"(np.float64(187.0), np.float64(159.0), np.float64(122.0))",12800,"(np.float64(1.0994652406417111), np.float64(1.2327044025157232), np.float64(1.5319672131147541))",False,7969,0,5.413915590784806,338,training_set\images\image_00338.jpg,7024,111.0,2.7203397073867888,FAIL
13.164829722268614,True,0.382813102816358,"(np.float64(187.0), np.float64(163.0), np.float64(128.0))",12800,"(np.float64(1.0994652406417111), np.float64(1.2024539877300613), np.float64(1.46015625))",False,7969,10,36.42374625378517,339,training_set\images\image_00339.jpg,7024,111.0,2.1741228111969284,FAIL
2.972378241774092,True,0.382813102816358,"(np.float64(188.0), np.float64(162.0), np.float64(124.0))",12800,"(np.float64(1.0936170212765957), np.float64(1.2098765432098766), np.float64(1.507258064516129))",False,7969,0,6.2514740717948625,340,training_set\images\image_00340.jpg,7024,111.0,7.748796769059531,FAIL
12.364629200860607,True,0.382813102816358,"(np.float64(185.0), np.float64(161.0), np.float64(126.0))",12800,"(np.float64(1.1113513513513513), np.float64(1.2173913043478262), np.float64(1.4833333333333334))",False,7969,8,32.00878920423194,341,training_set\images\image_00341.jpg,7024,111.0,4.82625803065948,FAIL
3.7132246907695037,True,0.382813102816358,"(np.float64(186.0), np.float64(159.0), np.float64(121.0))",12800,"(np.float64(1.1053763440860214), np.float64(1.2327044025157232), np.float64(1.5446280991735537))",False,7969,0,7.542115960027208,342,training_set\images\image_00342.jpg,7024,111.0,7.256018634667951,FAIL
5.191588930662852,True,0.382813102816358,"(np.float64(187.0), np.float64(160.0), np.float64(122.0))",12800,"(np.float64(1.0994652406417111), np.float64(1.225), np.float64(1.5319672131147541))",False,7969,0,21.719604831321107,343,training_set\images\image_00343.jpg,7024,111.0,7.397348660025226,FAIL
6.388801744043505,True,0.382813102816358,"(np.float64(186.0), np.float64(159.0), np.float64(121.0))",12800,"(np.float64(1.1053763440860214), np.float64(1.2327044025157232), np.float64(1.5446280991735537))",False,7969,3,34.27850896536825,344,training_set\images\image_00344.jpg,7024,111.0,7.077892152392903,FAIL
4.043700073998651,True,0.382813102816358,"(np.float64(186.0), np.float64(159.0), np.float64(120.0))",12800,"(np.float64(1.1053763440860214), np.float64(1.2327044025157232), np.float64(1.5575))",False,7969,1,25.337542567476117,345,training_set\images\image_00345.jpg,7024,111.0,9.49529698310806,FAIL
4.474310094167813,True,0.382813102816358,"(np.float64(186.0), np.float64(159.0), np.float64(121.0))",12800,"(np.float64(1.1053763440860214), np.float64(1.2327044025157232), np.float64(1.5446280991735537))",False,7969,0,16.086665805846415,346,training_set\images\image_00346.jpg,7024,111.0,8.147728695883979,FAIL
5.997992355914244,True,0.382813102816358,"(np.float64(185.0), np.float64(159.0), np.float64(122.0))",12800,"(np.float64(1.1113513513513513), np.float64(1.2327044025157232), np.float64(1.5319672131147541))",False,7969,4,36.28331213150019,347,training_set\images\image_00347.jpg,7024,111.0,8.744875355509556,FAIL
6.45819828867845,True,0.382813102816358,"(np.float64(186.0), np.float64(159.0), np.float64(121.0))",12800,"(np.float64(1.1053763440860214), np.float64(1.2327044025157232), np.float64(1.5446280991735537))",False,7969,2,30.635848503360435,348,training_set\images\image_00348.jpg,7024,111.0,8.235398455128744,FAIL
6.171313716485995,True,0.382813102816358,"(np.float64(188.0), np.float64(162.0), np.float64(124.0))",12800,"(np.float64(1.0936170212765957), np.float64(1.2098765432098766), np.float64(1.507258064516129))",False,7969,0,24.39868476646673,349,training_set\images\image_00349.jpg,7024,111.0,7.071467621278355,FAIL
5.2004405775093385,True,0.382813102816358,"(np.float64(187.0), np.float64(159.0), np.float64(122.0))",12800,"(np.float64(1.0994652406417111), np.float64(1.2327044025157232), np.float64(1.5319672131147541))",False,7969,1,27.244930594319225,350,training_set\images\image_00350.jpg,7024,111.0,6.877482932290635,FAIL
4.654106528258544,True,0.382813102816358,"(np.float64(188.0), np.float64(159.0), np.float64(120.0))",12800,"(np.float64(1.0936170212765957), np.float64(1.2327044025157232), np.float64(1.5575))",False,7969,0,15.525318740010293,351,training_set\images\image_00351.jpg,7024,111.0,6.82487834438645,FAIL
3.025376168649001,True,0.382813102816358,"(np.float64(186.0), np.float64(158.0), np.float64(120.0))",12800,"(np.float64(1.1053763440860214), np.float64(1.240506329113924), np.float64(1.5575))",False,7969,0,5.791589194302315,352,training_set\images\image_00352.jpg,7024,111.0,5.18404768506669,FAIL
4.4598460036344,True,0.382813102816358,"(np.float64(186.0), np.float64(159.0), np.float64(122.0))",12800,"(np.float64(1.1053763440860214), np.float64(1.2327044025157232), np.float64(1.5319672131147541))",False,7969,0,16.386545827041076,353,training_set\images\image_00353.jpg,7024,111.0,6.463752697395603,FAIL
5.489239919123362,True,0.382813102816358,"(np.float64(187.0), np.float64(159.0), np.float64(121.0))",12800,"(np.float64(1.0994652406417111), np.float64(1.2327044025157232), np.float64(1.5446280991735537))",False,7969,0,24.924431143022872,354,training_set\images\image_00354.jpg,7024,111.0,6.75817416397081,FAIL
6.358167272261987,True,0.382813102816358,"(np.float64(186.0), np.float64(160.0), np.float64(122.0))",12800,"(np.float64(1.1053763440860214), np.float64(1.225), np.float64(1.5319672131147541))",False,7969,1,28.44109057972787,355,training_set\images\image_00355.jpg,7024,111.0,6.5364163404609394,FAIL
6.161015766046081,True,0.382813102816358,"(np.float64(186.0), np.float64(160.0), np.float64(122.0))",12800,"(np.float64(1.1053763440860214), np.float64(1.225), np.float64(1.5319672131147541))",False,7969,1,27.0139155323742,356,training_set\images\image_00356.jpg,7024,111.0,8.197745815433464,FAIL
12.900560044210835,True,0.382813102816358,"(np.float64(186.0), np.float64(159.0), np.float64(121.0))",12800,"(np.float64(1.1053763440860214), np.float64(1.2327044025157232), np.float64(1.5446280991735537))",False,7969,5,35.165667714874886,357,training_set\images\image_00357.jpg,7024,111.0,7.536596194739533,FAIL
6.184920578041341,True,0.382813102816358,"(np.float64(188.0), np.float64(161.0), np.float64(122.0))",12800,"(np.float64(1.0936170212765957), np.float64(1.2173913043478262), np.float64(1.5319672131147541))",False,7969,1,25.20102021498609,358,training_set\images\image_00358.jpg,7024,111.0,8.016687792375588,FAIL
3.9939416513628214,True,0.382813102816358,"(np.float64(187.0), np.float64(159.0), np.float64(122.0))",12800,"(np.float64(1.0994652406417111), np.float64(1.2327044025157232), np.float64(1.5319672131147541))",False,7969,0,15.305467507507586,359,training_set\images\image_00359.jpg,7024,111.0,7.608835600422386,FAIL
4.219839336127674,True,0.382813102816358,"(np.float64(186.0), np.float64(161.0), np.float64(123.0))",12800,"(np.float64(1.1053763440860214), np.float64(1.2173913043478262), np.float64(1.5195121951219512))",False,7969,0,20.15846655446072,361,training_set\images\image_00361.jpg,7024,111.0,8.324975124379826,FAIL
4.72073833495276,True,0.382813102816358,"(np.float64(187.0), np.float64(162.0), np.float64(124.0))",12800,"(np.float64(1.0994652406417111), np.float64(1.2098765432098766), np.float64(1.507258064516129))",False,7969,0,11.34497318253442,362,training_set\images\image_00362.jpg,7024,111.0,6.994428680954795,FAIL
5.571377911452218,True,0.382813102816358,"(np.float64(188.0), np.float64(161.0), np.float64(122.0))",12800,"(np.float64(1.0936170212765957), np.float64(1.2173913043478262), np.float64(1.5319672131147541))",False,7969,4,32.545719977122154,367,training_set\images\image_00367.jpg,7024,111.0,6.579200882494501,FAIL
5.667283253398209,True,0.382813102816358,"(np.float64(186.0), np.float64(161.0), np.float64(123.0))",12800,"(np.float64(1.1053763440860214), np.float64(1.2173913043478262), np.float64(1.5195121951219512))",False,7969,4,33.930910940275126,368,training_set\images\image_00368.jpg,7024,111.0,6.780995619264848,FAIL
6.716101681464248,True,0.382813102816358,"(np.float64(189.0), np.float64(163.0), np.float64(124.0))",12800,"(np.float64(1.0878306878306878), np.float64(1.2024539877300613), np.float64(1.507258064516129))",False,7969,4,32.0087607101127,369,training_set\images\image_00369.jpg,7024,111.0,5.594222471928633,FAIL
4.931562850354823,True,0.382813102816358,"(np.float64(186.0), np.float64(159.0), np.float64(121.0))",12800,"(np.float64(1.1053763440860214), np.float64(1.2327044025157232), np.float64(1.5446280991735537))",False,7969,2,31.640986280709246,370,training_set\images\image_00370.jpg,7024,111.0,6.786922436229202,FAIL
5.945356206230563,True,0.382813102816358,"(np.float64(190.0), np.float64(163.0), np.float64(124.0))",12800,"(np.float64(1.0821052631578947), np.float64(1.2024539877300613), np.float64(1.507258064516129))",False,7969,5,32.50104371772448,371,training_set\images\image_00371.jpg,7024,111.0,6.151745627126159,FAIL
5.319537835065753,True,0.382813102816358,"(np.float64(191.0), np.float64(165.0), np.float64(126.0))",12800,"(np.float64(1.0764397905759162), np.float64(1.187878787878788), np.float64(1.4833333333333334))",False,7969,6,32.746016371221266,372,training_set\images\image_00372.jpg,7024,111.0,5.214746749794338,FAIL
5.489225448048387,True,0.382813102816358,"(np.float64(189.0), np.float64(163.0), np.float64(125.0))",12800,"(np.float64(1.0878306878306878), np.float64(1.2024539877300613), np.float64(1.4952))",False,7969,5,33.17837794900642,373,training_set\images\image_00373.jpg,7024,111.0,6.120876268266495,FAIL
2.8415958381269775,True,0.382813102816358,"(np.float64(186.0), np.float64(160.0), np.float64(121.0))",12800,"(np.float64(1.1053763440860214), np.float64(1.225), np.float64(1.5446280991735537))",False,7969,0,15.988889350697805,374,training_set\images\image_00374.jpg,7024,111.0,4.661549123737519,FAIL
7.061982367349258,True,0.382813102816358,"(np.float64(186.0), np.float64(160.0), np.float64(122.0))",12800,"(np.float64(1.1053763440860214), np.float64(1.225), np.float64(1.5319672131147541))",False,7969,8,30.181441558217152,375,training_set\images\image_00375.jpg,7024,111.0,4.811630307328175,FAIL
6.889745660391835,True,0.382813102816358,"(np.float64(189.0), np.float64(163.0), np.float64(125.0))",12800,"(np.float64(1.0878306878306878), np.float64(1.2024539877300613), np.float64(1.4952))",False,7969,1,26.59472653018999,377,training_set\images\image_00377.jpg,7024,111.0,5.582434326172126,FAIL
4.995445252464081,True,0.382813102816358,"(np.float64(190.0), np.float64(163.0), np.float64(126.0))",12800,"(np.float64(1.0821052631578947), np.float64(1.2024539877300613), np.float64(1.4833333333333334))",False,7969,0,23.756965686782923,378,training_set\images\image_00378.jpg,7024,111.0,7.141395243090261,FAIL
7.814608161249588,True,0.382813102816358,"(np.float64(186.0), np.float64(161.0), np.float64(123.0))",12800,"(np.float64(1.1053763440860214), np.float64(1.2173913043478262), np.float64(1.5195121951219512))",False,7969,4,33.64985799869701,379,training_set\images\image_00379.jpg,7024,111.0,4.525774491850761,FAIL
5.605408328295797,True,0.382813102816358,"(np.float64(186.0), np.float64(161.0), np.float64(123.0))",12800,"(np.float64(1.1053763440860214), np.float64(1.2173913043478262), np.float64(1.5195121951219512))",False,7969,0,21.04361102957852,380,training_set\images\image_00380.jpg,7024,111.0,5.779677267183451,FAIL
3.1286988683603822,True,0.382813102816358,"(np.float64(188.0), np.float64(161.0), np.float64(124.0))",12800,"(np.float64(1.0936170212765957), np.float64(1.2173913043478262), np.float64(1.507258064516129))",False,7969,0,11.419654491420744,381,training_set\images\image_00381.jpg,7024,111.0,6.458982998089641,FAIL
6.237409345631463,True,0.382813102816358,"(np.float64(187.0), np.float64(161.0), np.float64(124.0))",12800,"(np.float64(1.0994652406417111), np.float64(1.2173913043478262), np.float64(1.507258064516129))",False,7969,5,36.074125391095116,382,training_set\images\image_00382.jpg,7024,111.0,6.105340258784722,FAIL
5.373082131407243,True,0.382813102816358,"(np.float64(186.0), np.float64(161.0), np.float64(122.0))",12800,"(np.float64(1.1053763440860214), np.float64(1.2173913043478262), np.float64(1.5319672131147541))",False,7969,2,29.917339554722925,383,training_set\images\image_00383.jpg,7024,111.0,4.832774735941958,FAIL
4.355577553035661,True,0.382813102816358,"(np.float64(186.0), np.float64(160.0), np.float64(123.0))",12800,"(np.float64(1.1053763440860214), np.float64(1.225), np.float64(1.5195121951219512))",False,7969,1,28.106653748711853,384,training_set\images\image_00384.jpg,7024,111.0,7.272088701600893,FAIL
6.476884718504431,True,0.382813102816358,"(np.float64(187.0), np.float64(161.0), np.float64(122.0))",12800,"(np.float64(1.0994652406417111), np.float64(1.2173913043478262), np.float64(1.5319672131147541))",False,7969,5,32.76364175406823,385,training_set\images\image_00385.jpg,7024,111.0,7.102465413547232,FAIL
6.787050794254275,True,0.382813102816358,"(np.float64(186.0), np.float64(161.0), np.float64(123.0))",12800,"(np.float64(1.1053763440860214), np.float64(1.2173913043478262), np.float64(1.5195121951219512))",False,7969,10,31.516324119352948,386,training_set\images\image_00386.jpg,7024,111.0,5.610214181212816,FAIL
9.737723023076493,True,0.382813102816358,"(np.float64(189.0), np.float64(164.0), np.float64(127.0))",12800,"(np.float64(1.0878306878306878), np.float64(1.1951219512195121), np.float64(1.4716535433070868))",False,7969,5,27.094477965372217,387,training_set\images\image_00387.jpg,7024,,3.273868169675904,FAIL
14.41946746932939,True,0.4214867862654321,"(np.float64(190.0), np.float64(165.5), np.float64(128.0))",12800,"(np.float64(1.0821052631578947), np.float64(1.1842900302114803), np.float64(1.46015625))",False,8755,14,35.42121165705886,388,training_set\images\image_00388.jpg,6024,,3.9131309340009626,FAIL
12.320701645319547,True,0.4214867862654321,"(np.float64(190.5), np.float64(166.0), np.float64(129.5))",12800,"(np.float64(1.079265091863517), np.float64(1.180722891566265), np.float64(1.4432432432432434))",False,8755,0,19.839717217371135,389,training_set\images\image_00389.jpg,6024,,3.6869469526323697,FAIL
13.119697526942264,True,0.4214867862654321,"(np.float64(190.0), np.float64(165.0), np.float64(128.0))",12800,"(np.float64(1.0821052631578947), np.float64(1.187878787878788), np.float64(1.46015625))",False,8755,10,38.70941227245067,390,training_set\images\image_00390.jpg,6024,,3.784201644763841,FAIL
6.9845946536637165,True,0.4214867862654321,"(np.float64(189.5), np.float64(166.0), np.float64(129.0))",12800,"(np.float64(1.0849604221635885), np.float64(1.180722891566265), np.float64(1.4488372093023256))",False,8755,1,25.857454413738242,391,training_set\images\image_00391.jpg,6024,,2.5433799555838847,FAIL
10.711582562031086,True,0.4214867862654321,"(np.float64(188.0), np.float64(163.5), np.float64(128.0))",12800,"(np.float64(1.0936170212765957), np.float64(1.198776758409786), np.float64(1.46015625))",False,8755,3,26.30723947685762,392,training_set\images\image_00392.jpg,6024,,2.456850967924562,FAIL
4.610548262534198,True,0.4214867862654321,"(np.float64(190.0), np.float64(163.5), np.float64(129.5))",12800,"(np.float64(1.0821052631578947), np.float64(1.198776758409786), np.float64(1.4432432432432434))",False,8755,0,16.126475121061222,393,training_set\images\image_00393.jpg,6024,,2.082601152442849,FAIL
4.088851129972062,True,0.4214867862654321,"(np.float64(188.0), np.float64(163.5), np.float64(129.0))",12800,"(np.float64(1.0936170212765957), np.float64(1.198776758409786), np.float64(1.4488372093023256))",False,8755,0,6.8663518600368185,394,training_set\images\image_00394.jpg,6024,,2.493795650845126,FAIL
10.403042006081595,True,0.4214867862654321,"(np.float64(189.5), np.float64(165.0), np.float64(128.0))",12800,"(np.float64(1.0849604221635885), np.float64(1.187878787878788), np.float64(1.46015625))",False,8755,6,27.727528417588204,395,training_set\images\image_00395.jpg,6024,,3.822597830693587,FAIL
8.16330241872741,True,0.4214867862654321,"(np.float64(189.0), np.float64(164.5), np.float64(128.5))",12800,"(np.float64(1.0878306878306878), np.float64(1.1914893617021276), np.float64(1.4544747081712062))",False,8755,3,27.308625788618485,396,training_set\images\image_00396.jpg,6024,,4.674068789777731,FAIL
11.096959815803856,True,0.4214867862654321,"(np.float64(190.5), np.float64(165.5), np.float64(130.0))",12800,"(np.float64(1.079265091863517), np.float64(1.1842900302114803), np.float64(1.4376923076923078))",False,8755,6,27.331225343370885,397,training_set\images\image_00397.jpg,6024,,3.2361365821971866,FAIL
3.212205621182481,True,0.4214867862654321,"(np.float64(191.0), np.float64(166.0), np.float64(130.0))",12800,"(np.float64(1.0764397905759162), np.float64(1.180722891566265), np.float64(1.4376923076923078))",False,8755,0,20.864422532415393,398,training_set\images\image_00398.jpg,6024,,3.897846628748755,FAIL
10.429955467887286,True,0.4214867862654321,"(np.float64(188.0), np.float64(163.0), np.float64(126.0))",12800,"(np.float64(1.0936170212765957), np.float64(1.2024539877300613), np.float64(1.4833333333333334))",False,8755,8,31.668717905135956,399,training_set\images\image_00399.jpg,6024,,3.975694761147385,FAIL
4.122977086161624,True,0.4214867862654321,"(np.float64(190.0), np.float64(165.0), np.float64(127.0))",12800,"(np.float64(1.0821052631578947), np.float64(1.187878787878788), np.float64(1.4716535433070868))",False,8755,0,19.675245499906982,400,training_set\images\image_00400.jpg,6024,,5.980380167811748,FAIL
8.388040937853601,True,0.4214867862654321,"(np.float64(188.0), np.float64(164.0), np.float64(126.0))",12800,"(np.float64(1.0936170212765957), np.float64(1.1951219512195121), np.float64(1.4833333333333334))",False,8755,6,29.645964751182568,401,training_set\images\image_00401.jpg,6024,,3.337132220014964,FAIL
11.98898408175572,True,0.4214867862654321,"(np.float64(187.0), np.float64(162.0), np.float64(126.0))",12800,"(np.float64(1.0994652406417111), np.float64(1.2098765432098766), np.float64(1.4833333333333334))",False,8755,11,28.931490187204698,402,training_set\images\image_00402.jpg,6024,,3.530858968521788,FAIL
16.47013035117901,True,0.4214867862654321,"(np.float64(187.0), np.float64(163.0), np.float64(126.0))",12800,"(np.float64(1.0994652406417111), np.float64(1.2024539877300613), np.float64(1.4833333333333334))",False,8755,10,44.387308115856406,403,training_set\images\image_00403.jpg,6024,,3.525646709338225,FAIL
10.1140527482862,True,0.4214867862654321,"(np.float64(189.0), np.float64(164.0), np.float64(127.0))",12800,"(np.float64(1.0878306878306878), np.float64(1.1951219512195121), np.float64(1.4716535433070868))",False,8755,13,35.223921940017114,404,training_set\images\image_00404.jpg,6024,,4.238757379047548,FAIL
11.310386505720082,True,0.4214867862654321,"(np.float64(188.5), np.float64(163.0), np.float64(126.0))",12800,"(np.float64(1.0907161803713528), np.float64(1.2024539877300613), np.float64(1.4833333333333334))",False,8755,14,34.87803641038722,405,training_set\images\image_00405.jpg,6024,,3.7749550936587286,FAIL
10.274204834685735,True,0.4214867862654321,"(np.float64(188.0), np.float64(163.0), np.float64(126.0))",12800,"(np.float64(1.0936170212765957), np.float64(1.2024539877300613), np.float64(1.4833333333333334))",False,8755,13,35.860709041216765,406,training_set\images\image_00406.jpg,6024,,2.2761043647481496,FAIL
10.068195189619301,True,0.4214867862654321,"(np.float64(189.5), np.float64(164.0), np.float64(127.0))",12800,"(np.float64(1.0849604221635885), np.float64(1.1951219512195121), np.float64(1.4716535433070868))",False,8755,11,35.9729653458804,407,training_set\images\image_00407.jpg,6024,,2.927859860840309,FAIL
12.016436652058886,True,0.4214867862654321,"(np.float64(188.0), np.float64(163.5), np.float64(126.0))",12800,"(np.float64(1.0936170212765957), np.float64(1.198776758409786), np.float64(1.4833333333333334))",False,8755,15,35.83324008060917,408,training_set\images\image_00408.jpg,6024,,3.2543067021746226,FAIL
10.159985207430141,True,0.4214867862654321,"(np.float64(188.0), np.float64(163.0), np.float64(125.0))",12800,"(np.float64(1.0936170212765957), np.float64(1.2024539877300613), np.float64(1.4952))",False,8755,12,40.22125607358974,409,training_set\images\image_00409.jpg,6024,,2.987286907358941,FAIL
4.057755692615543,True,0.4214867862654321,"(np.float64(187.5), np.float64(163.5), np.float64(126.0))",12800,"(np.float64(1.0965333333333334), np.float64(1.198776758409786), np.float64(1.4833333333333334))",False,8755,0,7.067422910534117,410,training_set\images\image_00410.jpg,6024,,3.589153647001618,FAIL
15.487548167398693,True,0.4214867862654321,"(np.float64(188.0), np.float64(162.0), np.float64(125.0))",12800,"(np.float64(1.0936170212765957), np.float64(1.2098765432098766), np.float64(1.4952))",False,8755,10,31.85073986120927,411,training_set\images\image_00411.jpg,6024,,3.597335263470714,FAIL
11.907242561271994,True,0.4214867862654321,"(np.float64(187.5), np.float64(162.5), np.float64(125.5))",12800,"(np.float64(1.0965333333333334), np.float64(1.2061538461538461), np.float64(1.4892430278884463))",False,8755,15,42.63653084311808,412,training_set\images\image_00412.jpg,6024,,3.213913839762725,FAIL
6.11776748927555,True,0.4214867862654321,"(np.float64(188.0), np.float64(163.0), np.float64(126.0))",12800,"(np.float64(1.0936170212765957), np.float64(1.2024539877300613), np.float64(1.4833333333333334))",False,8755,0,17.620876634589674,413,training_set\images\image_00413.jpg,6024,,2.4230574355883774,FAIL
7.4949311889263734,True,0.4214867862654321,"(np.float64(186.5), np.float64(162.0), np.float64(125.0))",12800,"(np.float64(1.1024128686327077), np.float64(1.2098765432098766), np.float64(1.4952))",False,8755,0,21.317666685168952,414,training_set\images\image_00414.jpg,6024,,4.077082214832323,FAIL
9.337494074947317,True,0.4214867862654321,"(np.float64(189.5), np.float64(163.0), np.float64(126.0))",12800,"(np.float64(1.0849604221635885), np.float64(1.2024539877300613), np.float64(1.4833333333333334))",False,8755,0,19.950657189540614,415,training_set\images\image_00415.jpg,6024,,3.239749537542479,FAIL
9.785388068459786,True,0.4214867862654321,"(np.float64(63.0), np.float64(54.0), np.float64(39.0))",12800,"(np.float64(3.2634920634920634), np.float64(3.6296296296296298), np.float64(4.792307692307692))",True,8755,5,34.81407776429537,417,training_set\images\image_00417.jpg,6024,,3.290343660619476,FAIL
10.166230586517168,True,0.4214867862654321,"(np.float64(187.0), np.float64(162.0), np.float64(125.0))",12800,"(np.float64(1.0994652406417111), np.float64(1.2098765432098766), np.float64(1.4952))",False,8755,18,37.03231982203004,418,training_set\images\image_00418.jpg,6024,,3.7167823471216073,FAIL
10.514807192184712,True,0.4214867862654321,"(np.float64(186.0), np.float64(161.0), np.float64(124.0))",12800,"(np.float64(1.1053763440860214), np.float64(1.2173913043478262), np.float64(1.507258064516129))",False,8755,18,38.23374611915325,419,training_set\images\image_00419.jpg,6024,,3.8661014118812425,FAIL
8.711086013929306,True,0.4214867862654321,"(np.float64(187.0), np.float64(162.0), np.float64(125.0))",12800,"(np.float64(1.0994652406417111), np.float64(1.2098765432098766), np.float64(1.4952))",False,8755,1,25.4965679111989,420,training_set\images\image_00420.jpg,6024,,3.977974805165711,FAIL
7.72759002084911,True,0.4214867862654321,"(np.float64(186.0), np.float64(161.0), np.float64(125.0))",12800,"(np.float64(1.1053763440860214), np.float64(1.2173913043478262), np.float64(1.4952))",False,8755,0,24.491506018587923,421,training_set\images\image_00421.jpg,6024,,2.229009115690478,FAIL
6.97212090585091,True,0.4214867862654321,"(np.float64(185.0), np.float64(162.0), np.float64(124.0))",12800,"(np.float64(1.1113513513513513), np.float64(1.2098765432098766), np.float64(1.507258064516129))",False,8755,0,18.61867812404628,422,training_set\images\image_00422.jpg,6024,,4.054992707577399,FAIL
8.35990670198,True,0.4214867862654321,"(np.float64(186.0), np.float64(161.0), np.float64(124.0))",12800,"(np.float64(1.1053763440860214), np.float64(1.2173913043478262), np.float64(1.507258064516129))",False,8755,3,31.082106801001945,423,training_set\images\image_00423.jpg,6024,,3.569281685634568,FAIL
5.9734330416693675,True,0.4214867862654321,"(np.float64(185.0), np.float64(161.0), np.float64(124.5))",12800,"(np.float64(1.1113513513513513), np.float64(1.2173913043478262), np.float64(1.5012048192771086))",False,8755,0,9.35552843056159,424,training_set\images\image_00424.jpg,6024,,4.111139757443479,FAIL
13.752948233375768,True,0.4214867862654321,"(np.float64(185.5), np.float64(161.0), np.float64(125.0))",12800,"(np.float64(1.108355795148248), np.float64(1.2173913043478262), np.float64(1.4952))",False,8755,24,39.96392968828112,425,training_set\images\image_00425.jpg,6024,,3.8752885348866783,FAIL
7.92373038554913,True,0.4214867862654321,"(np.float64(187.0), np.float64(162.0), np.float64(125.0))",12800,"(np.float64(1.0994652406417111), np.float64(1.2098765432098766), np.float64(1.4952))",False,8755,1,27.898764104905293,426,training_set\images\image_00426.jpg,6024,104.0,3.622882901251542,FAIL
7.177066333667276,True,0.4214867862654321,"(np.float64(186.0), np.float64(162.0), np.float64(126.0))",12800,"(np.float64(1.1053763440860214), np.float64(1.2098765432098766), np.float64(1.4833333333333334))",False,8755,3,28.56914350887846,427,training_set\images\image_00427.jpg,6024,104.0,3.517390236219761,FAIL
5.334204186237807,True,0.4214867862654321,"(np.float64(186.0), np.float64(162.0), np.float64(126.0))",12800,"(np.float64(1.1053763440860214), np.float64(1.2098765432098766), np.float64(1.4833333333333334))",False,8755,0,20.723054317023276,428,training_set\images\image_00428.jpg,6024,104.0,3.5590308001116187,FAIL
7.748844071203361,True,0.4214867862654321,"(np.float64(186.0), np.float64(162.0), np.float64(126.0))",12800,"(np.float64(1.1053763440860214), np.float64(1.2098765432098766), np.float64(1.4833333333333334))",False,8755,5,31.88705298623654,429,training_set\images\image_00429.jpg,6024,104.0,4.506238821542974,FAIL
5.9555790290837916,True,0.4214867862654321,"(np.float64(186.0), np.float64(162.0), np.float64(126.0))",12800,"(np.float64(1.1053763440860214), np.float64(1.2098765432098766), np.float64(1.4833333333333334))",False,8755,0,17.917677006768994,430,training_set\images\image_00430.jpg,6024,104.0,3.356177970557059,FAIL
7.142684200052223,True,0.4214867862654321,"(np.float64(186.0), np.float64(162.0), np.float64(126.0))",12800,"(np.float64(1.1053763440860214), np.float64(1.2098765432098766), np.float64(1.4833333333333334))",False,8755,0,24.437520192362193,431,training_set\images\image_00431.jpg,6024,104.0,3.924839742893357,FAIL
7.398840463647362,True,0.4214867862654321,"(np.float64(186.0), np.float64(162.0), np.float64(126.0))",12800,"(np.float64(1.1053763440860214), np.float64(1.2098765432098766), np.float64(1.4833333333333334))",False,8755,4,26.454019675293388,432,training_set\images\image_00432.jpg,6024,104.0,3.4791367104478126,FAIL
6.939969461707089,True,0.4214867862654321,"(np.float64(186.0), np.float64(162.5), np.float64(126.0))",12800,"(np.float64(1.1053763440860214), np.float64(1.2061538461538461), np.float64(1.4833333333333334))",False,8755,0,16.992258176385118,433,training_set\images\image_00433.jpg,6024,104.0,3.833368334812727,FAIL
7.499318766854525,True,0.4214867862654321,"(np.float64(187.0), np.float64(163.0), np.float64(127.0))",12800,"(np.float64(1.0994652406417111), np.float64(1.2024539877300613), np.float64(1.4716535433070868))",False,8755,1,25.798948239359042,434,training_set\images\image_00434.jpg,6024,104.0,4.435587840317719,FAIL
7.027317254908036,True,0.4214867862654321,"(np.float64(187.0), np.float64(163.0), np.float64(127.0))",12800,"(np.float64(1.0994652406417111), np.float64(1.2024539877300613), np.float64(1.4716535433070868))",False,8755,0,18.126245560118424,435,training_set\images\image_00435.jpg,6024,104.0,3.274383974183607,FAIL
8.457056839608436,True,0.4214867862654321,"(np.float64(187.0), np.float64(162.5), np.float64(127.0))",12800,"(np.float64(1.0994652406417111), np.float64(1.2061538461538461), np.float64(1.4716535433070868))",False,8755,7,32.09514195361499,436,training_set\images\image_00436.jpg,6024,104.0,7.766115510113503,FAIL
5.015914309377152,True,0.4214867862654321,"(np.float64(187.0), np.float64(163.0), np.float64(127.0))",12800,"(np.float64(1.0994652406417111), np.float64(1.2024539877300613), np.float64(1.4716535433070868))",False,8755,0,8.266927755938806,437,training_set\images\image_00437.jpg,6024,104.0,4.375242534359335,FAIL
6.341557614670672,True,0.4214867862654321,"(np.float64(187.0), np.float64(163.0), np.float64(127.0))",12800,"(np.float64(1.0994652406417111), np.float64(1.2024539877300613), np.float64(1.4716535433070868))",False,8755,0,16.848994114562903,438,training_set\images\image_00438.jpg,6024,104.0,2.870823556581892,FAIL
6.050516992630087,True,0.4214867862654321,"(np.float64(187.0), np.float64(163.0), np.float64(126.5))",12800,"(np.float64(1.0994652406417111), np.float64(1.2024539877300613), np.float64(1.4774703557312254))",False,8755,0,15.214146847798956,439,training_set\images\image_00439.jpg,6024,104.0,3.434510902005774,FAIL
5.810013658583144,True,0.4214867862654321,"(np.float64(186.0), np.float64(163.0), np.float64(127.0))",12800,"(np.float64(1.1053763440860214), np.float64(1.2024539877300613), np.float64(1.4716535433070868))",False,8755,0,18.911491423646538,440,training_set\images\image_00440.jpg,6024,104.0,3.9413334752334617,FAIL
7.37304712356141,True,0.4214867862654321,"(np.float64(186.0), np.float64(162.0), np.float64(127.0))",12800,"(np.float64(1.1053763440860214), np.float64(1.2098765432098766), np.float64(1.4716535433070868))",False,8755,0,24.28385065661643,441,training_set\images\image_00441.jpg,6024,104.0,3.251464187808773,FAIL
7.262636829215066,True,0.4214867862654321,"(np.float64(187.0), np.float64(163.0), np.float64(126.0))",12800,"(np.float64(1.0994652406417111), np.float64(1.2024539877300613), np.float64(1.4833333333333334))",False,8755,0,20.849153780376803,442,training_set\images\image_00442.jpg,6024,104.0,3.681523854704477,FAIL
9.235025888982408,True,0.4214867862654321,"(np.float64(186.0), np.float64(162.0), np.float64(126.0))",12800,"(np.float64(1.1053763440860214), np.float64(1.2098765432098766), np.float64(1.4833333333333334))",False,8755,18,39.76828382493347,443,training_set\images\image_00443.jpg,6024,104.0,3.8273732683382793,FAIL
7.621842998053884,True,0.4214867862654321,"(np.float64(186.0), np.float64(162.0), np.float64(126.0))",12800,"(np.float64(1.1053763440860214), np.float64(1.2098765432098766), np.float64(1.4833333333333334))",False,8755,8,32.137933563046616,444,training_set\images\image_00444.jpg,6024,104.0,3.322087486451061,FAIL
7.86903816290573,True,0.4214867862654321,"(np.float64(186.0), np.float64(163.0), np.float64(127.0))",12800,"(np.float64(1.1053763440860214), np.float64(1.2024539877300613), np.float64(1.4716535433070868))",False,8755,0,24.694425676676925,445,training_set\images\image_00445.jpg,6024,104.0,3.627155782606389,FAIL
8.828604835593103,True,0.4214867862654321,"(np.float64(186.0), np.float64(162.0), np.float64(127.0))",12800,"(np.float64(1.1053763440860214), np.float64(1.2098765432098766), np.float64(1.4716535433070868))",False,8755,8,33.06923195101422,446,training_set\images\image_00446.jpg,6024,104.0,3.366157194551004,FAIL
9.744929861636928,True,0.4214867862654321,"(np.float64(189.0), np.float64(165.0), np.float64(130.0))",12800,"(np.float64(1.0878306878306878), np.float64(1.187878787878788), np.float64(1.4376923076923078))",False,8755,8,33.546369276259284,447,training_set\images\image_00447.jpg,6024,104.0,2.503362450278063,FAIL
4.1589326000532205,True,0.4214867862654321,"(np.float64(188.0), np.float64(165.0), np.float64(130.0))",12800,"(np.float64(1.0936170212765957), np.float64(1.187878787878788), np.float64(1.4376923076923078))",False,8755,0,18.618409664155195,448,training_set\images\image_00448.jpg,6024,104.0,3.811813122600457,FAIL
4.958490669898095,True,0.4214867862654321,"(np.float64(189.0), np.float64(165.0), np.float64(130.0))",12800,"(np.float64(1.0878306878306878), np.float64(1.187878787878788), np.float64(1.4376923076923078))",False,8755,0,8.905201539968497,449,training_set\images\image_00449.jpg,6024,104.0,3.2817494780547465,FAIL
9.009350031731216,True,0.4214867862654321,"(np.float64(189.0), np.float64(165.0), np.float64(130.0))",12800,"(np.float64(1.0878306878306878), np.float64(1.187878787878788), np.float64(1.4376923076923078))",False,8755,10,35.719218385304835,450,training_set\images\image_00450.jpg,6024,104.0,3.514643208622484,FAIL
11.004811818803692,True,0.4214867862654321,"(np.float64(188.0), np.float64(165.0), np.float64(130.0))",12800,"(np.float64(1.0936170212765957), np.float64(1.187878787878788), np.float64(1.4376923076923078))",False,8755,9,35.190561479141934,451,training_set\images\image_00451.jpg,6024,104.0,3.815678310547332,FAIL
5.520697908062772,True,0.4214867862654321,"(np.float64(189.0), np.float64(165.0), np.float64(130.0))",12800,"(np.float64(1.0878306878306878), np.float64(1.187878787878788), np.float64(1.4376923076923078))",False,8755,0,19.25776347253815,452,training_set\images\image_00452.jpg,6024,104.0,3.5664115941639687,FAIL
8.605928796878128,True,0.4214867862654321,"(np.float64(188.0), np.float64(165.0), np.float64(130.0))",12800,"(np.float64(1.0936170212765957), np.float64(1.187878787878788), np.float64(1.4376923076923078))",False,8755,0,19.01058419172177,453,training_set\images\image_00453.jpg,6024,104.0,3.703040434925216,FAIL
8.397529352345707,True,0.4214867862654321,"(np.float64(188.0), np.float64(164.0), np.float64(129.0))",12800,"(np.float64(1.0936170212765957), np.float64(1.1951219512195121), np.float64(1.4488372093023256))",False,8755,7,30.00026889918228,454,training_set\images\image_00454.jpg,6024,104.0,3.9924456175048153,FAIL
7.280060062791291,True,0.4214867862654321,"(np.float64(187.0), np.float64(164.0), np.float64(129.0))",12800,"(np.float64(1.0994652406417111), np.float64(1.1951219512195121), np.float64(1.4488372093023256))",False,8755,0,20.347111637438047,455,training_set\images\image_00455.jpg,6024,104.0,3.318520960895337,FAIL
11.827408075115693,True,0.4214867862654321,"(np.float64(187.0), np.float64(164.0), np.float64(129.0))",12800,"(np.float64(1.0994652406417111), np.float64(1.1951219512195121), np.float64(1.4488372093023256))",False,8755,26,44.295216596298495,456,training_set\images\image_00456.jpg,6024,104.0,3.660308623473982,FAIL
7.30371399009775,True,0.4214867862654321,"(np.float64(188.0), np.float64(165.0), np.float64(130.0))",12800,"(np.float64(1.0936170212765957), np.float64(1.187878787878788), np.float64(1.4376923076923078))",False,8755,0,19.407213355813496,457,training_set\images\image_00457.jpg,6024,104.0,3.6036449990259327,FAIL
9.975282445972422,True,0.4214867862654321,"(np.float64(129.0), np.float64(113.0), np.float64(87.0))",12800,"(np.float64(1.5937984496124031), np.float64(1.7345132743362832), np.float64(2.1482758620689655))",True,8755,12,32.19034921304014,463,training_set\images\image_00463.jpg,6024,114.0,1.906942823946146,PASS
8.366085885722896,True,0.4214867862654321,"(np.float64(128.0), np.float64(111.0), np.float64(86.0))",12800,"(np.float64(1.60625), np.float64(1.7657657657657657), np.float64(2.1732558139534883))",True,8755,0,18.746909796125504,464,training_set\images\image_00464.jpg,6024,114.0,2.7751518544313547,PASS
9.17341887738639,True,0.4214867862654321,"(np.float64(129.0), np.float64(113.0), np.float64(87.0))",12800,"(np.float64(1.5937984496124031), np.float64(1.7345132743362832), np.float64(2.1482758620689655))",True,8755,11,34.842571366338724,465,training_set\images\image_00465.jpg,6024,114.0,1.3892259957552455,PASS
10.47928984130874,True,0.4214867862654321,"(np.float64(128.0), np.float64(112.0), np.float64(87.0))",12800,"(np.float64(1.60625), np.float64(1.75), np.float64(2.1482758620689655))",True,8755,20,37.52030332136016,466,training_set\images\image_00466.jpg,6024,114.0,2.5449426303750537,PASS
5.339639661322863,True,0.4214867862654321,"(np.float64(129.0), np.float64(112.0), np.float64(87.0))",12800,"(np.float64(1.5937984496124031), np.float64(1.75), np.float64(2.1482758620689655))",True,8755,0,13.35146465785272,468,training_set\images\image_00468.jpg,6024,114.0,2.4124739643956814,PASS
7.501902550660436,True,0.4214867862654321,"(np.float64(128.0), np.float64(111.0), np.float64(86.0))",12800,"(np.float64(1.60625), np.float64(1.7657657657657657), np.float64(2.1732558139534883))",True,8755,0,18.79812468614286,469,training_set\images\image_00469.jpg,6024,114.0,2.6599143336642603,PASS
4.23086174931193,True,0.4214867862654321,"(np.float64(129.0), np.float64(112.0), np.float64(87.0))",12800,"(np.float64(1.5937984496124031), np.float64(1.75), np.float64(2.1482758620689655))",True,8755,0,13.429630691769315,470,training_set\images\image_00470.jpg,6024,114.0,1.212918236857596,PASS
6.39660132695315,True,0.4214867862654321,"(np.float64(129.0), np.float64(112.0), np.float64(87.0))",12800,"(np.float64(1.5937984496124031), np.float64(1.75), np.float64(2.1482758620689655))",True,8755,0,14.841828773210844,471,training_set\images\image_00471.jpg,6024,114.0,1.2456301049271965,PASS
4.8009340613467435,True,0.4214867862654321,"(np.float64(129.0), np.float64(112.0), np.float64(87.0))",12800,"(np.float64(1.5937984496124031), np.float64(1.75), np.float64(2.1482758620689655))",True,8755,0,12.706888100306822,472,training_set\images\image_00472.jpg,6024,114.0,1.4241779077414465,PASS
11.441407622644597,True,0.4214867862654321,"(np.float64(128.0), np.float64(112.0), np.float64(86.0))",12800,"(np.float64(1.60625), np.float64(1.75), np.float64(2.1732558139534883))",True,8755,22,38.01977939375623,473,training_set\images\image_00473.jpg,6024,114.0,2.075863709912293,PASS
9.055098980793733,True,0.4214867862654321,"(np.float64(129.0), np.float64(112.0), np.float64(87.0))",12800,"(np.float64(1.5937984496124031), np.float64(1.75), np.float64(2.1482758620689655))",True,8755,0,23.074305044162266,474,training_set\images\image_00474.jpg,6024,114.0,2.847479944912332,PASS
10.210438789449464,True,0.4214867862654321,"(np.float64(128.0), np.float64(112.0), np.float64(87.0))",12800,"(np.float64(1.60625), np.float64(1.75), np.float64(2.1482758620689655))",True,8755,16,35.70740294688056,475,training_set\images\image_00475.jpg,6024,114.0,1.5441269055627482,PASS
6.494024693402169,True,0.4214867862654321,"(np.float64(129.0), np.float64(112.0), np.float64(87.0))",12800,"(np.float64(1.5937984496124031), np.float64(1.75), np.float64(2.1482758620689655))",True,8755,0,12.645536549101491,476,training_set\images\image_00476.jpg,6024,114.0,2.2040182347605115,PASS
8.428001122070697,True,0.4214867862654321,"(np.float64(129.0), np.float64(113.0), np.float64(87.0))",12800,"(np.float64(1.5937984496124031), np.float64(1.7345132743362832), np.float64(2.1482758620689655))",True,8755,0,24.861598371522668,477,training_set\images\image_00477.jpg,6024,114.0,2.240226623341494,PASS
10.7005250334077,True,0.6222890142746914,"(np.float64(132.0), np.float64(115.0), np.float64(89.0))",12800,"(np.float64(1.5575757575757576), np.float64(1.7043478260869565), np.float64(2.1))",True,12878,6,31.175029101445226,478,training_set\images\image_00478.jpg,6038,114.0,1.7943263222243528,PASS
9.740192590501374,True,0.6222890142746914,"(np.float64(132.0), np.float64(116.0), np.float64(90.0))",12800,"(np.float64(1.5575757575757576), np.float64(1.6896551724137931), np.float64(2.0766666666666667))",True,12878,3,30.320392242211813,479,training_set\images\image_00479.jpg,6038,114.0,1.558635742498376,PASS
9.771384891574835,True,0.6222890142746914,"(np.float64(133.0), np.float64(116.0), np.float64(90.0))",12800,"(np.float64(1.5458646616541354), np.float64(1.6896551724137931), np.float64(2.0766666666666667))",True,12878,6,33.12916618741925,480,training_set\images\image_00480.jpg,6038,114.0,1.806716748521396,PASS
12.480815465642495,True,0.6222890142746914,"(np.float64(129.0), np.float64(113.0), np.float64(88.0))",12800,"(np.float64(1.5937984496124031), np.float64(1.7345132743362832), np.float64(2.1238636363636365))",True,12878,5,33.61733616973272,481,training_set\images\image_00481.jpg,6038,114.0,2.9566540347539587,PASS
10.802228933551614,True,0.6222890142746914,"(np.float64(129.0), np.float64(113.0), np.float64(88.0))",12800,"(np.float64(1.5937984496124031), np.float64(1.7345132743362832), np.float64(2.1238636363636365))",True,12878,8,39.01977863010627,482,training_set\images\image_00482.jpg,6038,114.0,2.521812880691865,PASS
12.637508551106112,True,0.6222890142746914,"(np.float64(129.0), np.float64(112.0), np.float64(88.0))",12800,"(np.float64(1.5937984496124031), np.float64(1.75), np.float64(2.1238636363636365))",True,12878,3,34.540126933826315,483,training_set\images\image_00483.jpg,6038,114.0,1.8515370306911056,PASS
12.552477408543616,True,0.6222890142746914,"(np.float64(129.0), np.float64(113.0), np.float64(88.0))",12800,"(np.float64(1.5937984496124031), np.float64(1.7345132743362832), np.float64(2.1238636363636365))",True,12878,6,35.875512457979454,484,training_set\images\image_00484.jpg,6038,114.0,1.7068256328743443,PASS
9.681727279417569,True,0.6222890142746914,"(np.float64(129.0), np.float64(113.0), np.float64(88.0))",12800,"(np.float64(1.5937984496124031), np.float64(1.7345132743362832), np.float64(2.1238636363636365))",True,12878,1,27.065667276627213,485,training_set\images\image_00485.jpg,6038,114.0,2.49544728573152,PASS
13.40054154917065,True,0.6222890142746914,"(np.float64(129.0), np.float64(113.0), np.float64(89.0))",12800,"(np.float64(1.5937984496124031), np.float64(1.7345132743362832), np.float64(2.1))",True,12878,4,36.83972522602515,486,training_set\images\image_00486.jpg,6038,114.0,1.821171869375496,PASS
11.67607467249886,True,0.6222890142746914,"(np.float64(132.0), np.float64(116.0), np.float64(90.0))",12800,"(np.float64(1.5575757575757576), np.float64(1.6896551724137931), np.float64(2.0766666666666667))",True,12878,3,34.537136386430674,487,training_set\images\image_00487.jpg,6038,114.0,2.5558685529827065,PASS
9.163427185486912,True,0.6222890142746914,"(np.float64(133.0), np.float64(116.0), np.float64(90.0))",12800,"(np.float64(1.5458646616541354), np.float64(1.6896551724137931), np.float64(2.0766666666666667))",True,12878,5,32.406909819024925,488,training_set\images\image_00488.jpg,6038,114.0,1.6244244680423368,PASS
10.002666055389714,True,0.6222890142746914,"(np.float64(130.0), np.float64(113.0), np.float64(86.0))",12800,"(np.float64(1.5815384615384616), np.float64(1.7345132743362832), np.float64(2.1732558139534883))",True,12878,4,28.710415658658917,489,training_set\images\image_00489.jpg,6038,114.0,2.216042901314986,PASS
12.435074653776475,True,0.6222890142746914,"(np.float64(132.0), np.float64(115.0), np.float64(88.0))",12800,"(np.float64(1.5575757575757576), np.float64(1.7043478260869565), np.float64(2.1238636363636365))",True,12878,1,25.344637215271774,491,training_set\images\image_00491.jpg,6038,114.0,5.111722841998753,PASS
9.64359187808107,True,0.6222890142746914,"(np.float64(132.0), np.float64(114.0), np.float64(88.0))",12800,"(np.float64(1.5575757575757576), np.float64(1.719298245614035), np.float64(2.1238636363636365))",True,12878,5,27.539070690652444,492,training_set\images\image_00492.jpg,6038,114.0,1.4400419432511733,PASS
9.193112280593494,True,0.6222890142746914,"(np.float64(131.0), np.float64(113.0), np.float64(87.0))",12800,"(np.float64(1.5694656488549619), np.float64(1.7345132743362832), np.float64(2.1482758620689655))",True,12878,3,29.554223319273913,493,training_set\images\image_00493.jpg,6038,114.0,2.273971589055677,PASS
11.583551149068878,True,0.6222890142746914,"(np.float64(131.0), np.float64(114.0), np.float64(87.0))",12800,"(np.float64(1.5694656488549619), np.float64(1.719298245614035), np.float64(2.1482758620689655))",True,12878,2,25.825565750700637,494,training_set\images\image_00494.jpg,6038,114.0,1.5246369348168165,PASS
9.92049866293943,True,0.6222890142746914,"(np.float64(132.0), np.float64(114.0), np.float64(87.0))",12800,"(np.float64(1.5575757575757576), np.float64(1.719298245614035), np.float64(2.1482758620689655))",True,12878,3,27.017810462542954,495,training_set\images\image_00495.jpg,6038,114.0,2.607172702337376,PASS
10.535364908443357,True,0.6222890142746914,"(np.float64(132.0), np.float64(114.0), np.float64(88.0))",12800,"(np.float64(1.5575757575757576), np.float64(1.719298245614035), np.float64(2.1238636363636365))",True,12878,2,27.19221235218471,496,training_set\images\image_00496.jpg,6038,114.0,1.5211045180030154,PASS
8.07903715167468,True,0.6222890142746914,"(np.float64(130.0), np.float64(113.0), np.float64(87.0))",12800,"(np.float64(1.5815384615384616), np.float64(1.7345132743362832), np.float64(2.1482758620689655))",True,12878,2,28.394259726844112,497,training_set\images\image_00497.jpg,6038,114.0,1.511328791886232,PASS
7.291921962214161,True,0.6222890142746914,"(np.float64(131.0), np.float64(114.0), np.float64(88.0))",12800,"(np.float64(1.5694656488549619), np.float64(1.719298245614035), np.float64(2.1238636363636365))",True,12878,0,23.922055793184587,498,training_set\images\image_00498.jpg,6038,114.0,1.2485871414393812,PASS
13.709132138476303,True,0.6222890142746914,"(np.float64(130.0), np.float64(113.0), np.float64(87.0))",12800,"(np.float64(1.5815384615384616), np.float64(1.7345132743362832), np.float64(2.1482758620689655))",True,12878,2,30.83900414430143,499,training_set\images\image_00499.jpg,6038,114.0,2.042627022096004,PASS
11.977992293789468,True,0.6222890142746914,"(np.float64(129.0), np.float64(112.0), np.float64(85.0))",12800,"(np.float64(1.5937984496124031), np.float64(1.75), np.float64(2.1988235294117646))",True,12878,0,24.887179318306195,500,training_set\images\image_00500.jpg,6038,114.0,1.7802794730453184,PASS
9.14960700380561,True,0.6222890142746914,"(np.float64(129.0), np.float64(112.0), np.float64(86.0))",12800,"(np.float64(1.5937984496124031), np.float64(1.75), np.float64(2.1732558139534883))",True,12878,3,28.53454351429693,501,training_set\images\image_00501.jpg,6038,114.0,1.715841208258888,PASS
11.053822508176536,True,0.6222890142746914,"(np.float64(129.0), np.float64(112.0), np.float64(86.0))",12800,"(np.float64(1.5937984496124031), np.float64(1.75), np.float64(2.1732558139534883))",True,12878,5,29.29207240738618,502,training_set\images\image_00502.jpg,6038,114.0,1.1362377101741854,PASS
9.464173608261005,True,0.6222890142746914,"(np.float64(129.0), np.float64(112.0), np.float64(86.0))",12800,"(np.float64(1.5937984496124031), np.float64(1.75), np.float64(2.1732558139534883))",True,12878,4,30.878914696317665,503,training_set\images\image_00503.jpg,6038,114.0,1.6835786438352192,PASS
12.539977389616435,True,0.6222890142746914,"(np.float64(129.0), np.float64(112.0), np.float64(85.0))",12800,"(np.float64(1.5937984496124031), np.float64(1.75), np.float64(2.1988235294117646))",True,12878,2,25.758590681670924,504,training_set\images\image_00504.jpg,6038,114.0,2.219872570934547,PASS
10.438377885459634,True,0.6222890142746914,"(np.float64(131.0), np.float64(113.0), np.float64(87.0))",12800,"(np.float64(1.5694656488549619), np.float64(1.7345132743362832), np.float64(2.1482758620689655))",True,12878,4,31.05789725732127,505,training_set\images\image_00505.jpg,6038,114.0,1.9022167462718749,PASS
13.256321285546276,True,0.6222890142746914,"(np.float64(130.0), np.float64(113.0), np.float64(86.0))",12800,"(np.float64(1.5815384615384616), np.float64(1.7345132743362832), np.float64(2.1732558139534883))",True,12878,0,23.561811114699545,506,training_set\images\image_00506.jpg,6038,114.0,1.4201219789542034,PASS
9.470961968077303,True,0.6222890142746914,"(np.float64(130.0), np.float64(112.0), np.float64(86.0))",12800,"(np.float64(1.5815384615384616), np.float64(1.75), np.float64(2.1732558139534883))",True,12878,3,29.694477618723297,507,training_set\images\image_00507.jpg,6038,114.0,1.6782812022144806,PASS
11.969928695446171,True,0.6222890142746914,"(np.float64(129.0), np.float64(112.0), np.float64(86.0))",12800,"(np.float64(1.5937984496124031), np.float64(1.75), np.float64(2.1732558139534883))",True,12878,5,27.542254724162223,508,training_set\images\image_00508.jpg,6038,114.0,2.019282803903156,PASS
12.209026547534483,True,0.6222890142746914,"(np.float64(130.0), np.float64(113.0), np.float64(86.0))",12800,"(np.float64(1.5815384615384616), np.float64(1.7345132743362832), np.float64(2.1732558139534883))",True,12878,0,24.633809868296545,509,training_set\images\image_00509.jpg,6038,114.0,1.4296214798891784,PASS
10.016076211460046,True,0.6222890142746914,"(np.float64(129.0), np.float64(112.0), np.float64(86.0))",12800,"(np.float64(1.5937984496124031), np.float64(1.75), np.float64(2.1732558139534883))",True,12878,6,31.25155660602179,510,training_set\images\image_00510.jpg,6038,114.0,2.004616433335752,PASS
8.963890508584068,True,0.6222890142746914,"(np.float64(129.0), np.float64(111.0), np.float64(86.0))",12800,"(np.float64(1.5937984496124031), np.float64(1.7657657657657657), np.float64(2.1732558139534883))",True,12878,2,30.39139620946127,511,training_set\images\image_00511.jpg,6038,114.0,2.0714063479838045,PASS
8.672824797387662,True,0.4214867862654321,"(np.float64(59.0), np.float64(50.0), np.float64(35.0))",12800,"(np.float64(3.484745762711864), np.float64(3.92), np.float64(5.34))",True,8755,0,20.829964000087806,522,training_set\images\image_00522.jpg,6024,115.0,2.143374574900706,PASS
11.071932557566779,True,0.4214867862654321,"(np.float64(61.0), np.float64(52.0), np.float64(38.0))",12800,"(np.float64(3.3704918032786884), np.float64(3.769230769230769), np.float64(4.9184210526315795))",True,8755,0,24.757730309362163,523,training_set\images\image_00523.jpg,6024,115.0,3.4351783703823573,PASS
12.241071382868725,True,0.4214867862654321,"(np.float64(60.0), np.float64(51.0), np.float64(37.0))",12800,"(np.float64(3.4266666666666667), np.float64(3.843137254901961), np.float64(5.051351351351352))",True,8755,6,28.601237770600225,524,training_set\images\image_00524.jpg,6024,115.0,3.260567761295088,PASS
8.983254490972083,True,0.4214867862654321,"(np.float64(60.0), np.float64(52.0), np.float64(38.0))",12800,"(np.float64(3.4266666666666667), np.float64(3.769230769230769), np.float64(4.9184210526315795))",True,8755,0,13.551757894401051,525,training_set\images\image_00525.jpg,6024,115.0,2.035165741968588,PASS
11.339170721443267,True,0.4214867862654321,"(np.float64(61.0), np.float64(52.0), np.float64(39.0))",12800,"(np.float64(3.3704918032786884), np.float64(3.769230769230769), np.float64(4.792307692307692))",True,8755,2,28.12640153566761,526,training_set\images\image_00526.jpg,6024,115.0,2.487559140801542,PASS
12.495375147821818,True,0.4214867862654321,"(np.float64(60.0), np.float64(53.0), np.float64(39.0))",12800,"(np.float64(3.4266666666666667), np.float64(3.69811320754717), np.float64(4.792307692307692))",True,8755,16,34.757313127140684,527,training_set\images\image_00527.jpg,6024,115.0,1.912146174256188,PASS
11.66480108875728,True,0.4214867862654321,"(np.float64(61.0), np.float64(53.0), np.float64(39.0))",12800,"(np.float64(3.3704918032786884), np.float64(3.69811320754717), np.float64(4.792307692307692))",True,8755,3,25.800443316602248,528,training_set\images\image_00528.jpg,6024,115.0,1.967979502380504,PASS
11.023692784097234,True,0.4214867862654321,"(np.float64(60.0), np.float64(51.0), np.float64(38.0))",12800,"(np.float64(3.4266666666666667), np.float64(3.843137254901961), np.float64(4.9184210526315795))",True,8755,1,26.130252025912824,529,training_set\images\image_00529.jpg,6024,115.0,2.469685320742377,PASS
6.486173131617199,True,0.4214867862654321,"(np.float64(61.0), np.float64(51.0), np.float64(38.0))",12800,"(np.float64(3.3704918032786884), np.float64(3.843137254901961), np.float64(4.9184210526315795))",True,8755,0,10.391190714092536,530,training_set\images\image_00530.jpg,6024,115.0,2.3868531294601385,PASS
11.327236406980393,True,0.4214867862654321,"(np.float64(60.0), np.float64(51.0), np.float64(36.0))",12800,"(np.float64(3.4266666666666667), np.float64(3.843137254901961), np.float64(5.191666666666666))",True,8755,6,28.71531662142515,531,training_set\images\image_00531.jpg,6024,115.0,3.273580769313747,PASS
14.147989784420485,True,0.4214867862654321,"(np.float64(61.0), np.float64(51.0), np.float64(37.0))",12800,"(np.float64(3.3704918032786884), np.float64(3.843137254901961), np.float64(5.051351351351352))",True,8755,16,34.03489336739663,532,training_set\images\image_00532.jpg,6024,115.0,2.169313759554216,PASS
14.224390744242152,True,0.4214867862654321,"(np.float64(61.0), np.float64(52.0), np.float64(37.0))",12800,"(np.float64(3.3704918032786884), np.float64(3.769230769230769), np.float64(5.051351351351352))",True,8755,8,34.085726408747234,533,training_set\images\image_00533.jpg,6024,115.0,1.974130028303076,PASS
8.89947329020019,True,0.4214867862654321,"(np.float64(60.0), np.float64(51.0), np.float64(37.0))",12800,"(np.float64(3.4266666666666667), np.float64(3.843137254901961), np.float64(5.051351351351352))",True,8755,0,18.71980523301626,534,training_set\images\image_00534.jpg,6024,115.0,1.5581449170807538,PASS
14.784151637717999,True,0.4214867862654321,"(np.float64(60.0), np.float64(51.0), np.float64(37.0))",12800,"(np.float64(3.4266666666666667), np.float64(3.843137254901961), np.float64(5.051351351351352))",True,8755,18,31.567492436779307,535,training_set\images\image_00535.jpg,6024,115.0,1.97570652479658,PASS
10.380285407464125,True,0.4214867862654321,"(np.float64(60.0), np.float64(51.5), np.float64(37.0))",12800,"(np.float64(3.4266666666666667), np.float64(3.8058252427184467), np.float64(5.051351351351352))",True,8755,0,24.312483664424654,536,training_set\images\image_00536.jpg,6024,115.0,1.5138593677362198,PASS
7.128877986531418,True,0.4214867862654321,"(np.float64(61.0), np.float64(52.0), np.float64(38.0))",12800,"(np.float64(3.3704918032786884), np.float64(3.769230769230769), np.float64(4.9184210526315795))",True,8755,0,14.61894563178836,537,training_set\images\image_00537.jpg,6024,115.0,1.6844477727383758,PASS
13.096816440622097,True,0.4214867862654321,"(np.float64(60.0), np.float64(52.0), np.float64(38.0))",12800,"(np.float64(3.4266666666666667), np.float64(3.769230769230769), np.float64(4.9184210526315795))",True,8755,16,34.07175819467587,538,training_set\images\image_00538.jpg,6024,115.0,2.401698782800288,PASS
11.925085070653816,True,0.4214867862654321,"(np.float64(62.0), np.float64(54.0), np.float64(41.0))",12800,"(np.float64(3.3161290322580643), np.float64(3.6296296296296298), np.float64(4.558536585365854))",True,8755,7,34.729732241487646,539,training_set\images\image_00539.jpg,6024,115.0,1.6813477766003797,PASS
6.5653166953143245,True,0.4214867862654321,"(np.float64(62.0), np.float64(54.0), np.float64(40.0))",12800,"(np.float64(3.3161290322580643), np.float64(3.6296296296296298), np.float64(4.6725))",True,8755,0,9.691402085417021,540,training_set\images\image_00540.jpg,6024,115.0,2.337568042439264,PASS
6.957866467098921,True,0.4214867862654321,"(np.float64(61.0), np.float64(54.0), np.float64(40.0))",12800,"(np.float64(3.3704918032786884), np.float64(3.6296296296296298), np.float64(4.6725))",True,8755,0,10.382854827087478,541,training_set\images\image_00541.jpg,6024,115.0,2.192416760018852,PASS
8.615067824703411,True,0.4214867862654321,"(np.float64(62.0), np.float64(54.0), np.float64(40.0))",12800,"(np.float64(3.3161290322580643), np.float64(3.6296296296296298), np.float64(4.6725))",True,8755,0,23.356213980956017,542,training_set\images\image_00542.jpg,6024,115.0,1.817198208241182,PASS
12.433092081274486,True,0.4214867862654321,"(np.float64(62.0), np.float64(53.0), np.float64(40.0))",12800,"(np.float64(3.3161290322580643), np.float64(3.69811320754717), np.float64(4.6725))",True,8755,7,35.84381444439012,543,training_set\images\image_00543.jpg,6024,115.0,1.2933621189314248,PASS
12.396582447381395,True,0.4214867862654321,"(np.float64(61.0), np.float64(53.0), np.float64(40.0))",12800,"(np.float64(3.3704918032786884), np.float64(3.69811320754717), np.float64(4.6725))",True,8755,7,35.961101548880265,544,training_set\images\image_00544.jpg,6024,115.0,2.2205133596850697,PASS
10.024639798005056,True,0.4214867862654321,"(np.float64(62.0), np.float64(53.0), np.float64(40.0))",12800,"(np.float64(3.3161290322580643), np.float64(3.69811320754717), np.float64(4.6725))",True,8755,0,24.092417979117695,545,training_set\images\image_00545.jpg,6024,115.0,1.3945596703950955,PASS
8.991049523952329,True,0.4214867862654321,"(np.float64(134.0), np.float64(135.0), np.float64(139.0))",12800,"(np.float64(1.534328358208955), np.float64(1.451851851851852), np.float64(1.3446043165467627))",False,8755,1,26.010125254498274,556,training_set\images\image_00556.jpg,6024,115.0,1.4939483469954826,PASS
9.348960797737666,True,0.4214867862654321,"(np.float64(134.0), np.float64(134.0), np.float64(136.0))",12800,"(np.float64(1.534328358208955), np.float64(1.462686567164179), np.float64(1.374264705882353))",False,8755,8,33.063104134391324,557,training_set\images\image_00557.jpg,6024,115.0,2.6577276357654074,PASS
10.674832802067012,True,0.4214867862654321,"(np.float64(136.0), np.float64(138.0), np.float64(141.0))",12800,"(np.float64(1.511764705882353), np.float64(1.4202898550724639), np.float64(1.325531914893617))",False,8755,13,28.82915097318268,559,training_set\images\image_00559.jpg,6024,115.0,1.86676869322364,PASS
5.080331258975365,True,0.6222890142746914,"(np.float64(136.0), np.float64(138.0), np.float64(141.0))",12800,"(np.float64(1.511764705882353), np.float64(1.4202898550724639), np.float64(1.325531914893617))",False,12878,0,11.69855013509234,561,training_set\images\image_00561.jpg,6038,115.0,2.55763385581295,FAIL
8.219900360239466,True,0.6222890142746914,"(np.float64(136.0), np.float64(137.0), np.float64(141.0))",12800,"(np.float64(1.511764705882353), np.float64(1.4306569343065694), np.float64(1.325531914893617))",False,12878,0,22.833939399508775,562,training_set\images\image_00562.jpg,6038,115.0,3.4233665514112044,FAIL
8.996766387912995,True,0.6222890142746914,"(np.float64(139.0), np.float64(140.0), np.float64(144.0))",12800,"(np.float64(1.4791366906474819), np.float64(1.4), np.float64(1.2979166666666666))",False,12878,4,30.310172320290672,564,training_set\images\image_00564.jpg,6038,115.0,2.8654728624079246,FAIL
6.2671954357045205,True,0.6222890142746914,"(np.float64(137.0), np.float64(140.0), np.float64(146.0))",12800,"(np.float64(1.5007299270072991), np.float64(1.4), np.float64(1.2801369863013699))",False,12878,0,17.619504949827128,565,training_set\images\image_00565.jpg,6038,115.0,1.7577084610218312,FAIL
6.657461762266949,True,0.6222890142746914,"(np.float64(138.0), np.float64(139.0), np.float64(142.0))",12800,"(np.float64(1.489855072463768), np.float64(1.410071942446043), np.float64(1.3161971830985917))",False,12878,0,20.91966835210127,566,training_set\images\image_00566.jpg,6038,115.0,2.158063350560138,FAIL
10.009426614095487,True,0.6222890142746914,"(np.float64(139.0), np.float64(138.0), np.float64(138.0))",12800,"(np.float64(1.4791366906474819), np.float64(1.4202898550724639), np.float64(1.3543478260869566))",False,12878,6,30.80631166980695,567,training_set\images\image_00567.jpg,6038,115.0,2.071986954291809,FAIL
6.676311206188802,True,0.382813102816358,"(np.float64(133.0), np.float64(134.0), np.float64(136.0))",12800,"(np.float64(1.5458646616541354), np.float64(1.462686567164179), np.float64(1.374264705882353))",False,7969,8,31.8627362266311,570,training_set\images\image_00570.jpg,7024,116.0,2.397961395541752,PASS
7.5890739855426474,True,0.382813102816358,"(np.float64(134.0), np.float64(135.0), np.float64(138.5))",12800,"(np.float64(1.534328358208955), np.float64(1.451851851851852), np.float64(1.3494584837545127))",False,7969,8,30.224906219409903,571,training_set\images\image_00571.jpg,7024,116.0,1.7661339913215148,PASS
8.218977338117211,True,0.382813102816358,"(np.float64(134.0), np.float64(135.0), np.float64(138.0))",12800,"(np.float64(1.534328358208955), np.float64(1.451851851851852), np.float64(1.3543478260869566))",False,7969,5,28.484277428809456,572,training_set\images\image_00572.jpg,7024,116.0,2.6113107660537964,PASS
7.36491580960086,True,0.382813102816358,"(np.float64(135.0), np.float64(136.0), np.float64(138.5))",12800,"(np.float64(1.5229629629629629), np.float64(1.4411764705882353), np.float64(1.3494584837545127))",False,7969,3,34.99555416011821,573,training_set\images\image_00573.jpg,7024,116.0,2.0200099703936645,PASS
4.133026666266727,True,0.382813102816358,"(np.float64(135.0), np.float64(136.0), np.float64(137.0))",12800,"(np.float64(1.5229629629629629), np.float64(1.4411764705882353), np.float64(1.364233576642336))",False,7969,0,21.623535242600205,574,training_set\images\image_00574.jpg,7024,116.0,1.8766079830112752,PASS
8.409858163131489,True,0.382813102816358,"(np.float64(133.0), np.float64(133.0), np.float64(135.0))",12800,"(np.float64(1.5458646616541354), np.float64(1.4736842105263157), np.float64(1.3844444444444446))",False,7969,6,37.26862262990083,575,training_set\images\image_00575.jpg,7024,116.0,2.3302734174607296,PASS
1.8722290913028397,True,0.382813102816358,"(np.float64(135.0), np.float64(132.0), np.float64(133.0))",12800,"(np.float64(1.5229629629629629), np.float64(1.4848484848484849), np.float64(1.405263157894737))",False,7969,0,3.1842730966610526,576,training_set\images\image_00576.jpg,7024,116.0,4.086361523027236,PASS
1.8287540519222867,True,0.382813102816358,"(np.float64(131.0), np.float64(132.5), np.float64(135.5))",12800,"(np.float64(1.5694656488549619), np.float64(1.4792452830188678), np.float64(1.3793357933579335))",False,7969,0,3.466617508900411,577,training_set\images\image_00577.jpg,7024,116.0,3.563200775790534,PASS
3.3491654572490748,True,0.382813102816358,"(np.float64(130.0), np.float64(131.0), np.float64(135.5))",12800,"(np.float64(1.5815384615384616), np.float64(1.4961832061068703), np.float64(1.3793357933579335))",False,7969,0,9.324416536134018,578,training_set\images\image_00578.jpg,7024,116.0,2.395338790388951,PASS
1.7178896670760706,True,0.382813102816358,"(np.float64(132.0), np.float64(134.0), np.float64(139.0))",12800,"(np.float64(1.5575757575757576), np.float64(1.462686567164179), np.float64(1.3446043165467627))",False,7969,0,4.312071098105746,579,training_set\images\image_00579.jpg,7024,116.0,1.5113086677007277,PASS
2.9658399759709035,True,0.382813102816358,"(np.float64(132.0), np.float64(133.0), np.float64(135.0))",12800,"(np.float64(1.5575757575757576), np.float64(1.4736842105263157), np.float64(1.3844444444444446))",False,7969,0,8.838277140884134,581,training_set\images\image_00581.jpg,7024,116.0,1.854145622805835,PASS
1.8538976552960342,True,0.382813102816358,"(np.float64(130.0), np.float64(131.0), np.float64(133.0))",12800,"(np.float64(1.5815384615384616), np.float64(1.4961832061068703), np.float64(1.405263157894737))",False,7969,0,20.757023516483514,582,training_set\images\image_00582.jpg,7024,116.0,2.3639657857744614,FAIL
1.6865156820979657,True,0.382813102816358,"(np.float64(131.0), np.float64(133.0), np.float64(138.0))",12800,"(np.float64(1.5694656488549619), np.float64(1.4736842105263157), np.float64(1.3543478260869566))",False,7969,0,2.8228458771560008,583,training_set\images\image_00583.jpg,7024,116.0,3.5454517963652306,PASS
4.1779786954768205,True,0.382813102816358,"(np.float64(131.0), np.float64(132.0), np.float64(135.0))",12800,"(np.float64(1.5694656488549619), np.float64(1.4848484848484849), np.float64(1.3844444444444446))",False,7969,0,17.437104942498888,584,training_set\images\image_00584.jpg,7024,116.0,1.8726786830051827,PASS
2.618468641459256,True,0.5642314091435185,"(np.float64(130.0), np.float64(130.0), np.float64(132.0))",5650,"(np.float64(1.5815384615384616), np.float64(1.5076923076923077), np.float64(1.415909090909091))",False,11710,0,9.271598252106564,585,training_set\images\image_00585.jpg,7038,116.0,2.3331402378875605,PASS
5.657238808607275,True,0.5642314091435185,"(np.float64(131.0), np.float64(132.0), np.float64(134.0))",5650,"(np.float64(1.5694656488549619), np.float64(1.4848484848484849), np.float64(1.394776119402985))",False,11710,11,32.906933566638656,586,training_set\images\image_00586.jpg,7038,116.0,1.916132978200164,PASS
4.078375974103843,True,0.5642314091435185,"(np.float64(132.0), np.float64(130.0), np.float64(128.0))",5650,"(np.float64(1.5575757575757576), np.float64(1.5076923076923077), np.float64(1.46015625))",False,11710,0,12.607210440880904,587,training_set\images\image_00587.jpg,7038,116.0,2.0731647219584595,PASS
4.5582898628764354,True,0.5642314091435185,"(np.float64(131.0), np.float64(130.0), np.float64(131.0))",5650,"(np.float64(1.5694656488549619), np.float64(1.5076923076923077), np.float64(1.4267175572519084))",False,11710,3,26.44212355074652,588,training_set\images\image_00588.jpg,7038,116.0,2.5247867007767537,PASS
4.792170113618819,True,0.5642314091435185,"(np.float64(129.0), np.float64(129.0), np.float64(131.0))",5650,"(np.float64(1.5937984496124031), np.float64(1.5193798449612403), np.float64(1.4267175572519084))",False,11710,5,30.04792205689474,589,training_set\images\image_00589.jpg,7038,116.0,2.6953751840477955,PASS
4.041305210769081,True,0.5642314091435185,"(np.float64(131.0), np.float64(131.0), np.float64(132.0))",5650,"(np.float64(1.5694656488549619), np.float64(1.4961832061068703), np.float64(1.415909090909091))",False,11710,5,32.45389757295059,590,training_set\images\image_00590.jpg,7038,116.0,2.3338469753248487,PASS
4.291430526787192,True,0.5642314091435185,"(np.float64(130.0), np.float64(129.0), np.float64(130.0))",5650,"(np.float64(1.5815384615384616), np.float64(1.5193798449612403), np.float64(1.4376923076923078))",False,11710,0,22.285316364807368,591,training_set\images\image_00591.jpg,7038,116.0,2.4892688673003653,PASS
4.361140708914079,True,0.5642314091435185,"(np.float64(130.0), np.float64(129.0), np.float64(130.0))",5650,"(np.float64(1.5815384615384616), np.float64(1.5193798449612403), np.float64(1.4376923076923078))",False,11710,4,28.219137607414876,592,training_set\images\image_00592.jpg,7038,116.0,2.515975194881873,PASS
5.282793915412663,True,0.5642314091435185,"(np.float64(132.0), np.float64(131.0), np.float64(131.0))",5650,"(np.float64(1.5575757575757576), np.float64(1.4961832061068703), np.float64(1.4267175572519084))",False,11710,7,32.45212891307415,593,training_set\images\image_00593.jpg,7038,116.0,3.597097625642804,PASS
4.581068117277875,True,0.5642314091435185,"(np.float64(130.0), np.float64(130.0), np.float64(133.0))",5650,"(np.float64(1.5815384615384616), np.float64(1.5076923076923077), np.float64(1.405263157894737))",False,11710,3,28.75413301007357,594,training_set\images\image_00594.jpg,7038,116.0,5.8307917719013895,PASS
4.1715868791281885,True,0.5642314091435185,"(np.float64(126.0), np.float64(128.0), np.float64(132.0))",5650,"(np.float64(1.6317460317460317), np.float64(1.53125), np.float64(1.415909090909091))",False,11710,0,18.155407128397275,595,training_set\images\image_00595.jpg,7038,116.0,2.706309865006746,PASS
7.172191244163981,True,0.5642314091435185,"(np.float64(127.0), np.float64(128.0), np.float64(131.0))",5650,"(np.float64(1.6188976377952755), np.float64(1.53125), np.float64(1.4267175572519084))",False,11710,11,38.34294428830702,596,training_set\images\image_00596.jpg,7038,116.0,2.167625358267308,PASS
5.055022152804547,True,0.5642314091435185,"(np.float64(130.0), np.float64(130.0), np.float64(132.0))",5650,"(np.float64(1.5815384615384616), np.float64(1.5076923076923077), np.float64(1.415909090909091))",False,11710,6,32.82415113518922,597,training_set\images\image_00597.jpg,7038,116.0,2.327646941648404,PASS
5.603088603545893,True,0.5642314091435185,"(np.float64(129.0), np.float64(129.0), np.float64(130.0))",5650,"(np.float64(1.5937984496124031), np.float64(1.5193798449612403), np.float64(1.4376923076923078))",False,11710,11,35.00730615339195,598,training_set\images\image_00598.jpg,7038,116.0,6.214120077952863,PASS
3.172309021710098,True,0.5642314091435185,"(np.float64(129.0), np.float64(129.0), np.float64(132.0))",5650,"(np.float64(1.5937984496124031), np.float64(1.5193798449612403), np.float64(1.415909090909091))",False,11710,0,14.816017555690769,599,training_set\images\image_00599.jpg,7038,116.0,2.465429319252124,PASS
4.200414077745296,True,0.5642314091435185,"(np.float64(129.0), np.float64(130.0), np.float64(133.0))",5650,"(np.float64(1.5937984496124031), np.float64(1.5076923076923077), np.float64(1.405263157894737))",False,11710,0,17.905819680968353,600,training_set\images\image_00600.jpg,7038,116.0,2.276484586229905,PASS
3.6851157918849347,True,0.5642314091435185,"(np.float64(129.0), np.float64(129.0), np.float64(131.0))",5650,"(np.float64(1.5937984496124031), np.float64(1.5193798449612403), np.float64(1.4267175572519084))",False,11710,0,17.417705120695054,601,training_set\images\image_00601.jpg,7038,116.0,2.432978950959365,PASS
6.438603736734147,True,0.5642314091435185,"(np.float64(127.0), np.float64(128.0), np.float64(131.0))",5650,"(np.float64(1.6188976377952755), np.float64(1.53125), np.float64(1.4267175572519084))",False,11710,14,36.31452515443042,602,training_set\images\image_00602.jpg,7038,116.0,3.1040315402476,PASS
6.2497492429100525,True,0.5642314091435185,"(np.float64(128.0), np.float64(129.0), np.float64(132.0))",5650,"(np.float64(1.60625), np.float64(1.5193798449612403), np.float64(1.415909090909091))",False,11710,12,34.44366210023282,603,training_set\images\image_00603.jpg,7038,116.0,4.570284821090366,PASS
4.848943915968158,True,0.5642314091435185,"(np.float64(128.0), np.float64(129.0), np.float64(132.0))",5650,"(np.float64(1.60625), np.float64(1.5193798449612403), np.float64(1.415909090909091))",False,11710,7,35.69828538486557,604,training_set\images\image_00604.jpg,7038,116.0,2.913225533316782,PASS
3.11658547701683,True,0.5642314091435185,"(np.float64(133.0), np.float64(132.0), np.float64(133.0))",5650,"(np.float64(1.5458646616541354), np.float64(1.4848484848484849), np.float64(1.405263157894737))",False,11710,0,19.758481115037924,605,training_set\images\image_00605.jpg,7038,116.0,3.0428183224446888,PASS
5.55003962108644,True,0.5642314091435185,"(np.float64(131.0), np.float64(132.0), np.float64(134.0))",5650,"(np.float64(1.5694656488549619), np.float64(1.4848484848484849), np.float64(1.394776119402985))",False,11710,4,29.246172356963154,606,training_set\images\image_00606.jpg,7038,116.0,3.532705532374942,PASS
5.715411208194362,True,0.5642314091435185,"(np.float64(132.0), np.float64(131.0), np.float64(132.0))",5650,"(np.float64(1.5575757575757576), np.float64(1.4961832061068703), np.float64(1.415909090909091))",False,11710,4,29.16945148171042,607,training_set\images\image_00607.jpg,7038,116.0,3.635822142357775,PASS
5.06193547671297,True,0.5642314091435185,"(np.float64(132.0), np.float64(131.0), np.float64(132.0))",5650,"(np.float64(1.5575757575757576), np.float64(1.4961832061068703), np.float64(1.415909090909091))",False,11710,0,15.340541891451133,608,training_set\images\image_00608.jpg,7038,116.0,3.628221691067847,PASS
2.901493178294616,True,0.5642314091435185,"(np.float64(131.0), np.float64(130.0), np.float64(131.0))",5650,"(np.float64(1.5694656488549619), np.float64(1.5076923076923077), np.float64(1.4267175572519084))",False,11710,0,8.635734375958537,609,training_set\images\image_00609.jpg,7038,116.0,3.870923779617568,PASS
2.5846414763664085,True,0.5642314091435185,"(np.float64(128.0), np.float64(129.0), np.float64(132.0))",5650,"(np.float64(1.60625), np.float64(1.5193798449612403), np.float64(1.415909090909091))",False,11710,0,13.941128580625433,610,training_set\images\image_00610.jpg,7038,116.0,2.542067531776417,PASS
2.4316778599716424,True,0.5642314091435185,"(np.float64(131.0), np.float64(131.0), np.float64(135.0))",5650,"(np.float64(1.5694656488549619), np.float64(1.4961832061068703), np.float64(1.3844444444444446))",False,11710,0,4.23240332263365,611,training_set\images\image_00611.jpg,7038,116.0,3.4174947782423977,PASS
5.989305017825739,True,0.4214867862654321,"(np.float64(161.0), np.float64(142.0), np.float64(112.0))",12800,"(np.float64(1.2770186335403726), np.float64(1.380281690140845), np.float64(1.66875))",False,8755,0,9.555773329142285,612,training_set\images\image_00612.jpg,6024,117.0,1.9607914982123047,PASS
7.136679154592573,True,0.4214867862654321,"(np.float64(134.0), np.float64(136.0), np.float64(140.0))",12800,"(np.float64(1.534328358208955), np.float64(1.4411764705882353), np.float64(1.335))",False,8755,0,9.681836612893918,613,training_set\images\image_00613.jpg,6024,117.0,2.4553801073271084,PASS
7.972991647760936,True,0.4214867862654321,"(np.float64(132.0), np.float64(133.0), np.float64(137.0))",12800,"(np.float64(1.5575757575757576), np.float64(1.4736842105263157), np.float64(1.364233576642336))",False,8755,0,21.192356990845212,614,training_set\images\image_00614.jpg,6024,117.0,1.5907735878900486,PASS
7.235898076492273,True,0.4214867862654321,"(np.float64(132.0), np.float64(132.0), np.float64(134.0))",12800,"(np.float64(1.5575757575757576), np.float64(1.4848484848484849), np.float64(1.394776119402985))",False,8755,0,21.666363973742968,615,training_set\images\image_00615.jpg,6024,117.0,2.314594263194621,PASS
6.914439733374976,True,0.4214867862654321,"(np.float64(129.0), np.float64(131.0), np.float64(134.0))",12800,"(np.float64(1.5937984496124031), np.float64(1.4961832061068703), np.float64(1.394776119402985))",False,8755,0,12.32607800282934,616,training_set\images\image_00616.jpg,6024,117.0,2.1760408094465475,PASS
9.169176123021783,True,0.4214867862654321,"(np.float64(131.0), np.float64(133.0), np.float64(137.0))",12800,"(np.float64(1.5694656488549619), np.float64(1.4736842105263157), np.float64(1.364233576642336))",False,8755,2,25.521777767699486,617,training_set\images\image_00617.jpg,6024,117.0,2.163616020892462,PASS
9.487618688632752,True,0.4214867862654321,"(np.float64(132.0), np.float64(134.0), np.float64(139.0))",12800,"(np.float64(1.5575757575757576), np.float64(1.462686567164179), np.float64(1.3446043165467627))",False,8755,13,29.426035062997062,618,training_set\images\image_00618.jpg,6024,117.0,1.8963887475844032,PASS
8.804756705389545,True,0.4214867862654321,"(np.float64(135.0), np.float64(136.0), np.float64(140.0))",12800,"(np.float64(1.5229629629629629), np.float64(1.4411764705882353), np.float64(1.335))",False,8755,2,26.480135907129842,619,training_set\images\image_00619.jpg,6024,117.0,2.7416335382506243,PASS
11.818888001218298,True,0.4214867862654321,"(np.float64(134.0), np.float64(136.0), np.float64(140.0))",12800,"(np.float64(1.534328358208955), np.float64(1.4411764705882353), np.float64(1.335))",False,8755,5,29.769856393018742,620,training_set\images\image_00620.jpg,6024,117.0,2.3492322354637305,PASS
10.010915458592105,True,0.4214867862654321,"(np.float64(134.0), np.float64(139.0), np.float64(146.0))",12800,"(np.float64(1.534328358208955), np.float64(1.410071942446043), np.float64(1.2801369863013699))",False,8755,4,27.82421488791643,622,training_set\images\image_00622.jpg,6024,117.0,2.6996690316623178,PASS
10.318217651283536,True,0.4214867862654321,"(np.float64(139.0), np.float64(142.0), np.float64(147.0))",12800,"(np.float64(1.4791366906474819), np.float64(1.380281690140845), np.float64(1.2714285714285716))",False,8755,7,29.840551479902878,623,training_set\images\image_00623.jpg,6024,117.0,2.3958642506098498,PASS
8.435853027380722,True,0.6222890142746914,"(np.float64(140.0), np.float64(140.0), np.float64(141.0))",12800,"(np.float64(1.4685714285714286), np.float64(1.4), np.float64(1.325531914893617))",False,12878,2,34.550058973202646,624,training_set\images\image_00624.jpg,6038,117.0,4.560004109890749,PASS
7.042887646219066,True,0.6222890142746914,"(np.float64(136.0), np.float64(138.0), np.float64(141.0))",12800,"(np.float64(1.511764705882353), np.float64(1.4202898550724639), np.float64(1.325531914893617))",False,12878,1,25.012381328810005,625,training_set\images\image_00625.jpg,6038,117.0,1.6142409133519653,PASS
7.793664743406754,True,0.6222890142746914,"(np.float64(136.0), np.float64(138.0), np.float64(141.0))",12800,"(np.float64(1.511764705882353), np.float64(1.4202898550724639), np.float64(1.325531914893617))",False,12878,4,32.08271925752944,626,training_set\images\image_00626.jpg,6038,117.0,2.396403873863336,PASS
5.48331145073405,True,0.6222890142746914,"(np.float64(142.0), np.float64(143.0), np.float64(147.0))",12800,"(np.float64(1.447887323943662), np.float64(1.3706293706293706), np.float64(1.2714285714285716))",False,12878,0,19.10615541213432,627,training_set\images\image_00627.jpg,6038,117.0,4.6162087141702735,PASS
8.101595464925067,True,0.6222890142746914,"(np.float64(137.0), np.float64(133.0), np.float64(129.0))",12800,"(np.float64(1.5007299270072991), np.float64(1.4736842105263157), np.float64(1.4488372093023256))",False,12878,0,22.950450714209204,628,training_set\images\image_00628.jpg,6038,117.0,2.953475478819656,PASS
9.136575405956956,True,0.6222890142746914,"(np.float64(136.0), np.float64(141.0), np.float64(150.0))",12800,"(np.float64(1.511764705882353), np.float64(1.3900709219858156), np.float64(1.246))",False,12878,4,32.16988616278141,629,training_set\images\image_00629.jpg,6038,117.0,5.5207988526218505,PASS
5.909490273152007,True,0.6222890142746914,"(np.float64(138.0), np.float64(139.0), np.float64(142.0))",12800,"(np.float64(1.489855072463768), np.float64(1.410071942446043), np.float64(1.3161971830985917))",False,12878,0,19.24411708500126,631,training_set\images\image_00631.jpg,6038,117.0,3.4130314149488954,PASS
8.315279474349742,True,0.6222890142746914,"(np.float64(136.0), np.float64(135.0), np.float64(136.0))",12800,"(np.float64(1.511764705882353), np.float64(1.451851851851852), np.float64(1.374264705882353))",False,12878,0,23.031207092500452,632,training_set\images\image_00632.jpg,6038,117.0,3.2065034034099136,PASS
9.704646422784583,True,0.6222890142746914,"(np.float64(132.0), np.float64(133.0), np.float64(134.0))",12800,"(np.float64(1.5575757575757576), np.float64(1.4736842105263157), np.float64(1.394776119402985))",False,12878,1,25.24237056749537,633,training_set\images\image_00633.jpg,6038,117.0,2.896171353294322,PASS
8.817236382309124,True,0.6222890142746914,"(np.float64(134.0), np.float64(139.0), np.float64(146.0))",12800,"(np.float64(1.534328358208955), np.float64(1.410071942446043), np.float64(1.2801369863013699))",False,12878,6,38.03779955750858,634,training_set\images\image_00634.jpg,6038,117.0,2.337766662584845,PASS
8.401684813455661,True,0.6222890142746914,"(np.float64(139.0), np.float64(140.0), np.float64(144.0))",12800,"(np.float64(1.4791366906474819), np.float64(1.4), np.float64(1.2979166666666666))",False,12878,5,39.189427798512185,635,training_set\images\image_00635.jpg,6038,117.0,2.558937314036502,PASS
8.803207300508708,True,0.6222890142746914,"(np.float64(137.0), np.float64(134.0), np.float64(132.0))",12800,"(np.float64(1.5007299270072991), np.float64(1.462686567164179), np.float64(1.415909090909091))",False,12878,3,30.188599630116368,636,training_set\images\image_00636.jpg,6038,117.0,1.777492929598644,PASS
9.114080862534209,True,0.6222890142746914,"(np.float64(135.0), np.float64(136.0), np.float64(140.0))",12800,"(np.float64(1.5229629629629629), np.float64(1.4411764705882353), np.float64(1.335))",False,12878,3,33.49868579561631,637,training_set\images\image_00637.jpg,6038,117.0,2.0048721912592185,PASS
9.226513839270803,True,0.6222890142746914,"(np.float64(135.0), np.float64(134.0), np.float64(134.0))",12800,"(np.float64(1.5229629629629629), np.float64(1.462686567164179), np.float64(1.394776119402985))",False,12878,1,25.780191090954204,638,training_set\images\image_00638.jpg,6038,117.0,1.9543243747678736,PASS
6.009293179381524,True,0.6222890142746914,"(np.float64(132.0), np.float64(133.0), np.float64(137.0))",12800,"(np.float64(1.5575757575757576), np.float64(1.4736842105263157), np.float64(1.364233576642336))",False,12878,0,20.616570712646375,639,training_set\images\image_00639.jpg,6038,117.0,2.7750001876454173,PASS
6.30785042078851,True,0.6222890142746914,"(np.float64(135.0), np.float64(135.0), np.float64(137.0))",12800,"(np.float64(1.5229629629629629), np.float64(1.451851851851852), np.float64(1.364233576642336))",False,12878,1,27.93394741995263,640,training_set\images\image_00640.jpg,6038,117.0,2.2644490413342178,PASS
5.808860138375166,True,0.6222890142746914,"(np.float64(134.0), np.float64(134.0), np.float64(134.0))",12800,"(np.float64(1.534328358208955), np.float64(1.462686567164179), np.float64(1.394776119402985))",False,12878,0,24.762418300505683,641,training_set\images\image_00641.jpg,6038,117.0,2.5409617420875645,PASS
5.62696437378783,True,0.6222890142746914,"(np.float64(142.0), np.float64(142.0), np.float64(145.0))",12800,"(np.float64(1.447887323943662), np.float64(1.380281690140845), np.float64(1.2889655172413794))",False,12878,0,23.90077955458676,643,training_set\images\image_00643.jpg,6038,117.0,1.2032962936676832,FAIL
8.27703601965336,True,0.6222890142746914,"(np.float64(142.0), np.float64(142.0), np.float64(144.0))",12800,"(np.float64(1.447887323943662), np.float64(1.380281690140845), np.float64(1.2979166666666666))",False,12878,0,24.68430103423674,644,training_set\images\image_00644.jpg,6038,117.0,1.6306206229526208,FAIL
4.086785063293016,True,0.6222890142746914,"(np.float64(140.0), np.float64(140.0), np.float64(140.0))",12800,"(np.float64(1.4685714285714286), np.float64(1.4), np.float64(1.335))",False,12878,0,8.58381726717812,645,training_set\images\image_00645.jpg,6038,117.0,5.6431448314935855,FAIL
4.351375514575641,True,0.6222890142746914,"(np.float64(140.0), np.float64(142.0), np.float64(146.0))",12800,"(np.float64(1.4685714285714286), np.float64(1.380281690140845), np.float64(1.2801369863013699))",False,12878,0,20.22003644592704,646,training_set\images\image_00646.jpg,6038,117.0,4.808803360606007,FAIL
7.4307427512994,True,0.6222890142746914,"(np.float64(140.0), np.float64(144.0), np.float64(152.0))",12800,"(np.float64(1.4685714285714286), np.float64(1.3611111111111112), np.float64(1.2296052631578949))",False,12878,5,40.20320174929946,647,training_set\images\image_00647.jpg,6038,117.0,1.5654329647868672,FAIL
5.009826675948325,True,0.6222890142746914,"(np.float64(145.0), np.float64(147.0), np.float64(150.0))",12800,"(np.float64(1.4179310344827585), np.float64(1.3333333333333333), np.float64(1.246))",False,12878,2,25.555600754303768,648,training_set\images\image_00648.jpg,6038,117.0,1.5237552007533803,FAIL
6.739836044247687,True,0.6222890142746914,"(np.float64(147.0), np.float64(149.0), np.float64(152.0))",12800,"(np.float64(1.398639455782313), np.float64(1.3154362416107384), np.float64(1.2296052631578949))",False,12878,0,24.00882062030764,649,training_set\images\image_00649.jpg,6038,117.0,2.6903281222278155,FAIL
4.328701765370019,True,0.6222890142746914,"(np.float64(146.0), np.float64(148.0), np.float64(153.0))",12800,"(np.float64(1.4082191780821918), np.float64(1.3243243243243243), np.float64(1.2215686274509805))",False,12878,0,15.087977219433132,650,training_set\images\image_00650.jpg,6038,117.0,2.707745514647116,FAIL
8.867461861758803,True,0.4214867862654321,"(np.float64(178.0), np.float64(157.0), np.float64(126.0))",12800,"(np.float64(1.155056179775281), np.float64(1.2484076433121019), np.float64(1.4833333333333334))",False,8755,7,34.43574653123939,651,training_set\images\image_00651.jpg,6024,118.0,2.6214569328652737,PASS
8.163818407770774,True,0.4214867862654321,"(np.float64(148.0), np.float64(150.0), np.float64(154.0))",12800,"(np.float64(1.3891891891891892), np.float64(1.3066666666666666), np.float64(1.2136363636363636))",False,8755,7,32.738867722137854,652,training_set\images\image_00652.jpg,6024,118.0,3.106165144175685,PASS
2.7908985538664117,True,0.382813102816358,"(np.float64(177.0), np.float64(154.0), np.float64(121.0))",12800,"(np.float64(1.1615819209039548), np.float64(1.2727272727272727), np.float64(1.5446280991735537))",False,7969,0,15.67816360245271,653,training_set\images\image_00653.jpg,7024,118.0,3.61053403078478,PASS
1.5720921973229944,True,0.382813102816358,"(np.float64(137.0), np.float64(141.0), np.float64(158.0))",12800,"(np.float64(1.5007299270072991), np.float64(1.3900709219858156), np.float64(1.1829113924050634))",False,7969,0,2.12907662576935,656,training_set\images\image_00656.jpg,7024,118.0,1.9478706455427133,PASS
1.5477563568587798,True,0.382813102816358,"(np.float64(145.0), np.float64(146.0), np.float64(150.0))",12800,"(np.float64(1.4179310344827585), np.float64(1.3424657534246576), np.float64(1.246))",False,7969,0,3.1258167876429064,657,training_set\images\image_00657.jpg,7024,118.0,2.200404578050987,PASS
2.2877872576838345,True,0.382813102816358,"(np.float64(144.0), np.float64(145.0), np.float64(149.0))",12800,"(np.float64(1.4277777777777778), np.float64(1.3517241379310345), np.float64(1.2543624161073825))",False,7969,0,12.864936160495596,658,training_set\images\image_00658.jpg,7024,118.0,2.224818509299501,PASS
1.6177012411042901,True,0.382813102816358,"(np.float64(144.0), np.float64(144.0), np.float64(147.0))",12800,"(np.float64(1.4277777777777778), np.float64(1.3611111111111112), np.float64(1.2714285714285716))",False,7969,0,3.19921731077908,659,training_set\images\image_00659.jpg,7024,118.0,2.5969580678855246,PASS
1.5499648854690442,True,0.382813102816358,"(np.float64(143.0), np.float64(144.0), np.float64(148.0))",12800,"(np.float64(1.4377622377622377), np.float64(1.3611111111111112), np.float64(1.262837837837838))",False,7969,0,2.1542483296181696,660,training_set\images\image_00660.jpg,7024,118.0,3.236551348687563,PASS
2.8929730581509614,True,0.382813102816358,"(np.float64(143.0), np.float64(145.0), np.float64(148.0))",12800,"(np.float64(1.4377622377622377), np.float64(1.3517241379310345), np.float64(1.262837837837838))",False,7969,0,14.770169382776398,661,training_set\images\image_00661.jpg,7024,118.0,2.880518491494643,PASS
2.8186773871687607,True,0.382813102816358,"(np.float64(145.0), np.float64(146.0), np.float64(150.0))",12800,"(np.float64(1.4179310344827585), np.float64(1.3424657534246576), np.float64(1.246))",False,7969,0,22.411774917372068,662,training_set\images\image_00662.jpg,7024,118.0,2.783408378415168,PASS
3.5857574200867255,True,0.382813102816358,"(np.float64(143.0), np.float64(145.0), np.float64(148.0))",12800,"(np.float64(1.4377622377622377), np.float64(1.3517241379310345), np.float64(1.262837837837838))",False,7969,0,14.486955920422512,663,training_set\images\image_00663.jpg,7024,115.0,2.514548341144537,PASS
3.0977410415156066,True,0.382813102816358,"(np.float64(142.0), np.float64(143.0), np.float64(147.0))",12800,"(np.float64(1.447887323943662), np.float64(1.3706293706293706), np.float64(1.2714285714285716))",False,7969,0,14.047367286353456,664,training_set\images\image_00664.jpg,7024,118.0,3.0312469623940625,PASS
5.180487419991561,True,0.382813102816358,"(np.float64(141.0), np.float64(144.0), np.float64(149.0))",12800,"(np.float64(1.4581560283687942), np.float64(1.3611111111111112), np.float64(1.2543624161073825))",False,7969,0,16.385675997304755,665,training_set\images\image_00665.jpg,7024,118.0,1.832938424698536,PASS
6.1141109067520425,True,0.382813102816358,"(np.float64(144.0), np.float64(146.0), np.float64(150.0))",12800,"(np.float64(1.4277777777777778), np.float64(1.3424657534246576), np.float64(1.246))",False,7969,5,27.836895190020588,666,training_set\images\image_00666.jpg,7024,118.0,1.9684314000989929,PASS
6.0716702033666,True,0.382813102816358,"(np.float64(44.0), np.float64(40.0), np.float64(34.0))",12800,"(np.float64(4.672727272727273), np.float64(4.9), np.float64(5.497058823529412))",True,7969,0,11.900582644807333,667,training_set\images\image_00667.jpg,7024,118.0,2.4535951319412588,PASS
6.159674657101838,True,0.382813102816358,"(np.float64(40.0), np.float64(39.0), np.float64(39.0))",12800,"(np.float64(5.14), np.float64(5.0256410256410255), np.float64(4.792307692307692))",True,7969,0,13.099566226375115,668,training_set\images\image_00668.jpg,7024,118.0,2.6533749375818507,PASS
3.3866692654464114,True,0.382813102816358,"(np.float64(133.0), np.float64(140.0), np.float64(160.0))",12800,"(np.float64(1.5458646616541354), np.float64(1.4), np.float64(1.168125))",False,7969,0,18.01901174641215,669,training_set\images\image_00669.jpg,7024,118.0,3.170183803722595,PASS
4.792049933590596,True,0.382813102816358,"(np.float64(143.0), np.float64(145.0), np.float64(148.0))",12800,"(np.float64(1.4377622377622377), np.float64(1.3517241379310345), np.float64(1.262837837837838))",False,7969,6,29.410719163096893,670,training_set\images\image_00670.jpg,7024,118.0,2.530118363401788,PASS
6.101610862246638,True,0.382813102816358,"(np.float64(143.0), np.float64(145.0), np.float64(149.0))",12800,"(np.float64(1.4377622377622377), np.float64(1.3517241379310345), np.float64(1.2543624161073825))",False,7969,5,27.74988200293925,671,training_set\images\image_00671.jpg,7024,118.0,2.358947005196226,PASS
3.7954813400565834,True,0.382813102816358,"(np.float64(143.0), np.float64(144.0), np.float64(147.0))",12800,"(np.float64(1.4377622377622377), np.float64(1.3611111111111112), np.float64(1.2714285714285716))",False,7969,6,29.106588553573523,672,training_set\images\image_00672.jpg,7024,118.0,2.21555309781979,PASS
2.1531463253532275,True,0.5642314091435185,"(np.float64(142.0), np.float64(145.0), np.float64(150.0))",5650,"(np.float64(1.447887323943662), np.float64(1.3517241379310345), np.float64(1.246))",False,11710,0,11.569079079490272,673,training_set\images\image_00673.jpg,7038,118.0,2.567364334495178,PASS
2.508290540529877,True,0.5642314091435185,"(np.float64(145.0), np.float64(146.0), np.float64(149.0))",5650,"(np.float64(1.4179310344827585), np.float64(1.3424657534246576), np.float64(1.2543624161073825))",False,11710,0,11.083505666394148,674,training_set\images\image_00674.jpg,7038,118.0,4.668983373958881,PASS
3.479941042749049,True,0.5642314091435185,"(np.float64(146.0), np.float64(147.0), np.float64(150.0))",5650,"(np.float64(1.4082191780821918), np.float64(1.3333333333333333), np.float64(1.246))",False,11710,0,20.392371947575644,675,training_set\images\image_00675.jpg,7038,118.0,2.840849347600641,PASS
2.022940172207698,True,0.5642314091435185,"(np.float64(146.0), np.float64(147.0), np.float64(150.0))",5650,"(np.float64(1.4082191780821918), np.float64(1.3333333333333333), np.float64(1.246))",False,11710,0,8.386226269490177,676,training_set\images\image_00676.jpg,7038,118.0,3.0754114591925883,PASS
4.9867204099128,True,0.5642314091435185,"(np.float64(146.0), np.float64(147.0), np.float64(150.0))",5650,"(np.float64(1.4082191780821918), np.float64(1.3333333333333333), np.float64(1.246))",False,11710,4,26.683189107955613,677,training_set\images\image_00677.jpg,7038,118.0,2.6631237079413785,PASS
4.582792201869109,True,0.5642314091435185,"(np.float64(145.0), np.float64(146.0), np.float64(149.0))",5650,"(np.float64(1.4179310344827585), np.float64(1.3424657534246576), np.float64(1.2543624161073825))",False,11710,5,30.29617884837803,678,training_set\images\image_00678.jpg,7038,118.0,2.5888381555117155,PASS
1.9898333908541974,True,0.5642314091435185,"(np.float64(144.0), np.float64(144.0), np.float64(146.0))",5650,"(np.float64(1.4277777777777778), np.float64(1.3611111111111112), np.float64(1.2801369863013699))",False,11710,0,3.4146354757700554,679,training_set\images\image_00679.jpg,7038,118.0,2.086708749328986,PASS
4.796984840261748,True,0.5642314091435185,"(np.float64(143.0), np.float64(144.0), np.float64(147.0))",5650,"(np.float64(1.4377622377622377), np.float64(1.3611111111111112), np.float64(1.2714285714285716))",False,11710,0,20.15816460317308,680,training_set\images\image_00680.jpg,7038,118.0,1.9903639442320529,PASS
2.50927156380962,True,0.5642314091435185,"(np.float64(145.0), np.float64(145.0), np.float64(148.0))",5650,"(np.float64(1.4179310344827585), np.float64(1.3517241379310345), np.float64(1.262837837837838))",False,11710,0,12.190120746200472,681,training_set\images\image_00681.jpg,7038,118.0,2.515504961434728,PASS
4.7602256741549285,True,0.5642314091435185,"(np.float64(144.0), np.float64(145.0), np.float64(148.0))",5650,"(np.float64(1.4277777777777778), np.float64(1.3517241379310345), np.float64(1.262837837837838))",False,11710,2,26.008316085791478,682,training_set\images\image_00682.jpg,7038,118.0,2.0389980065152784,PASS
4.915673116756707,True,0.5642314091435185,"(np.float64(143.0), np.float64(145.0), np.float64(149.0))",5650,"(np.float64(1.4377622377622377), np.float64(1.3517241379310345), np.float64(1.2543624161073825))",False,11710,4,28.829252172993844,683,training_set\images\image_00683.jpg,7038,118.0,2.370142192363768,PASS
5.595093660724762,True,0.5642314091435185,"(np.float64(145.0), np.float64(145.0), np.float64(148.0))",5650,"(np.float64(1.4179310344827585), np.float64(1.3517241379310345), np.float64(1.262837837837838))",False,11710,7,32.08066287883081,684,training_set\images\image_00684.jpg,7038,118.0,2.679049517333613,PASS
4.844477096391983,True,0.5642314091435185,"(np.float64(145.0), np.float64(147.0), np.float64(150.0))",5650,"(np.float64(1.4179310344827585), np.float64(1.3333333333333333), np.float64(1.246))",False,11710,0,24.10901040153505,685,training_set\images\image_00685.jpg,7038,118.0,2.5882188023955983,PASS
5.579233923938139,True,0.5642314091435185,"(np.float64(144.0), np.float64(145.0), np.float64(148.0))",5650,"(np.float64(1.4277777777777778), np.float64(1.3517241379310345), np.float64(1.262837837837838))",False,11710,0,19.947244833275704,686,training_set\images\image_00686.jpg,7038,118.0,2.8645744632167,PASS
5.2152125926198485,True,0.5642314091435185,"(np.float64(145.0), np.float64(145.0), np.float64(147.0))",5650,"(np.float64(1.4179310344827585), np.float64(1.3517241379310345), np.float64(1.2714285714285716))",False,11710,0,24.076325822380262,687,training_set\images\image_00687.jpg,7038,118.0,2.239094562915508,PASS
4.951113483673813,True,0.5642314091435185,"(np.float64(145.0), np.float64(145.0), np.float64(149.0))",5650,"(np.float64(1.4179310344827585), np.float64(1.3517241379310345), np.float64(1.2543624161073825))",False,11710,0,23.41456028072511,688,training_set\images\image_00688.jpg,7038,118.0,2.341201984506259,PASS
5.172451603761329,True,0.5642314091435185,"(np.float64(145.0), np.float64(146.0), np.float64(150.0))",5650,"(np.float64(1.4179310344827585), np.float64(1.3424657534246576), np.float64(1.246))",False,11710,4,27.48450951729429,689,training_set\images\image_00689.jpg,7038,118.0,2.9568006381015657,PASS
5.127862747453438,True,0.5642314091435185,"(np.float64(144.0), np.float64(144.0), np.float64(147.0))",5650,"(np.float64(1.4277777777777778), np.float64(1.3611111111111112), np.float64(1.2714285714285716))",False,11710,5,31.745108518426036,690,training_set\images\image_00690.jpg,7038,118.0,2.41325210228956,PASS
1.8285614865056914,True,0.5642314091435185,"(np.float64(150.0), np.float64(153.0), np.float64(161.0))",5650,"(np.float64(1.3706666666666667), np.float64(1.2810457516339868), np.float64(1.1608695652173913))",False,11710,0,6.271232508383633,691,training_set\images\image_00691.jpg,7038,118.0,2.4255638677938847,FAIL
1.632330485226289,True,0.5642314091435185,"(np.float64(154.0), np.float64(154.0), np.float64(155.0))",5650,"(np.float64(1.335064935064935), np.float64(1.2727272727272727), np.float64(1.2058064516129032))",False,11710,0,3.2836276168971406,692,training_set\images\image_00692.jpg,7038,118.0,1.5177786966464522,PASS
2.191750565135644,True,0.5642314091435185,"(np.float64(153.0), np.float64(155.0), np.float64(161.0))",5650,"(np.float64(1.3437908496732025), np.float64(1.264516129032258), np.float64(1.1608695652173913))",False,11710,0,10.095869734100173,693,training_set\images\image_00693.jpg,7038,118.0,1.624406109105638,FAIL
2.3074366286922445,True,0.5642314091435185,"(np.float64(155.0), np.float64(154.0), np.float64(156.0))",5650,"(np.float64(1.3264516129032258), np.float64(1.2727272727272727), np.float64(1.198076923076923))",False,11710,0,6.250457887411969,694,training_set\images\image_00694.jpg,7038,118.0,0.8388130909471655,PASS
1.5919695247313361,True,0.5642314091435185,"(np.float64(152.0), np.float64(153.0), np.float64(156.0))",5650,"(np.float64(1.3526315789473684), np.float64(1.2810457516339868), np.float64(1.198076923076923))",False,11710,0,3.0513766156835063,695,training_set\images\image_00695.jpg,7038,118.0,1.402436027893739,PASS
2.3128193671461106,True,0.5642314091435185,"(np.float64(150.0), np.float64(150.0), np.float64(153.0))",5650,"(np.float64(1.3706666666666667), np.float64(1.3066666666666666), np.float64(1.2215686274509805))",False,11710,0,4.340621455739933,696,training_set\images\image_00696.jpg,7038,118.0,2.379000639259533,PASS
2.4666270350641897,True,0.5642314091435185,"(np.float64(149.0), np.float64(148.0), np.float64(150.0))",5650,"(np.float64(1.3798657718120806), np.float64(1.3243243243243243), np.float64(1.246))",False,11710,0,3.9160582845296235,697,training_set\images\image_00697.jpg,7038,118.0,1.9088576728337847,PASS
4.404249539820671,True,0.5642314091435185,"(np.float64(150.0), np.float64(151.0), np.float64(155.0))",5650,"(np.float64(1.3706666666666667), np.float64(1.2980132450331126), np.float64(1.2058064516129032))",False,11710,0,17.94591924009842,698,training_set\images\image_00698.jpg,7038,118.0,1.091414068390763,PASS
2.345779993130735,True,0.5642314091435185,"(np.float64(150.0), np.float64(150.0), np.float64(152.0))",5650,"(np.float64(1.3706666666666667), np.float64(1.3066666666666666), np.float64(1.2296052631578949))",False,11710,0,11.26403585440125,699,training_set\images\image_00699.jpg,7038,118.0,0.661629269584595,PASS
1.8292753864995905,True,0.5642314091435185,"(np.float64(148.0), np.float64(148.0), np.float64(151.0))",5650,"(np.float64(1.3891891891891892), np.float64(1.3243243243243243), np.float64(1.237748344370861))",False,11710,0,3.7623065924813615,700,training_set\images\image_00700.jpg,7038,118.0,4.074995003603189,PASS
2.2761068383927117,True,0.5642314091435185,"(np.float64(146.0), np.float64(146.0), np.float64(150.0))",5650,"(np.float64(1.4082191780821918), np.float64(1.3424657534246576), np.float64(1.246))",False,11710,0,11.128944125686688,701,training_set\images\image_00701.jpg,7038,118.0,1.726304372154999,PASS
2.420288068682706,True,0.5642314091435185,"(np.float64(149.0), np.float64(150.0), np.float64(152.0))",5650,"(np.float64(1.3798657718120806), np.float64(1.3066666666666666), np.float64(1.2296052631578949))",False,11710,0,4.22423841787616,702,training_set\images\image_00702.jpg,7038,118.0,3.468644914571412,PASS
4.828265882540029,True,0.5642314091435185,"(np.float64(148.0), np.float64(147.0), np.float64(146.0))",5650,"(np.float64(1.3891891891891892), np.float64(1.3333333333333333), np.float64(1.2801369863013699))",False,11710,1,25.7171843512898,703,training_set\images\image_00703.jpg,7038,118.0,1.7826433021286967,PASS
2.1972702628662475,True,0.5642314091435185,"(np.float64(149.0), np.float64(148.0), np.float64(149.0))",5650,"(np.float64(1.3798657718120806), np.float64(1.3243243243243243), np.float64(1.2543624161073825))",False,11710,0,8.241600590477221,704,training_set\images\image_00704.jpg,7038,118.0,1.4955299118662408,PASS
1.9279295686281799,True,0.5642314091435185,"(np.float64(149.0), np.float64(148.0), np.float64(148.0))",5650,"(np.float64(1.3798657718120806), np.float64(1.3243243243243243), np.float64(1.262837837837838))",False,11710,0,6.534036609865412,705,training_set\images\image_00705.jpg,7038,118.0,0.8282830685818605,PASS
1.8913273438934122,True,0.5642314091435185,"(np.float64(147.0), np.float64(147.0), np.float64(150.0))",5650,"(np.float64(1.398639455782313), np.float64(1.3333333333333333), np.float64(1.246))",False,11710,0,2.7345890810256437,706,training_set\images\image_00706.jpg,7038,118.0,0.8822933652507029,PASS
1.7194267295623793,True,0.5642314091435185,"(np.float64(147.0), np.float64(146.0), np.float64(146.0))",5650,"(np.float64(1.398639455782313), np.float64(1.3424657534246576), np.float64(1.2801369863013699))",False,11710,0,2.9811469734145737,707,training_set\images\image_00707.jpg,7038,118.0,1.6980365650784377,PASS
2.0142953741098983,True,0.5642314091435185,"(np.float64(148.0), np.float64(150.0), np.float64(154.0))",5650,"(np.float64(1.3891891891891892), np.float64(1.3066666666666666), np.float64(1.2136363636363636))",False,11710,0,4.055166958473843,708,training_set\images\image_00708.jpg,7038,118.0,2.072570093104936,PASS
9.529236579285623,True,0.5642314091435185,"(np.float64(150.0), np.float64(150.0), np.float64(151.0))",5650,"(np.float64(1.3706666666666667), np.float64(1.3066666666666666), np.float64(1.237748344370861))",False,11710,12,37.96074430358307,709,training_set\images\image_00709.jpg,7038,118.0,1.5537315787551071,PASS
2.141026991890422,True,0.5642314091435185,"(np.float64(151.0), np.float64(150.0), np.float64(150.0))",5650,"(np.float64(1.36158940397351), np.float64(1.3066666666666666), np.float64(1.246))",False,11710,0,3.551826058312175,710,training_set\images\image_00710.jpg,7038,118.0,4.123629437013495,PASS
2.1636537397615454,True,0.5642314091435185,"(np.float64(149.0), np.float64(150.0), np.float64(152.0))",5650,"(np.float64(1.3798657718120806), np.float64(1.3066666666666666), np.float64(1.2296052631578949))",False,11710,0,9.48811346686814,711,training_set\images\image_00711.jpg,7038,118.0,1.6213262535728838,PASS
2.4945859033200253,True,0.5642314091435185,"(np.float64(150.0), np.float64(151.0), np.float64(154.0))",5650,"(np.float64(1.3706666666666667), np.float64(1.2980132450331126), np.float64(1.2136363636363636))",False,11710,0,10.232234310790838,712,training_set\images\image_00712.jpg,7038,118.0,2.9431823984249936,PASS
2.428309835220468,True,0.5642314091435185,"(np.float64(150.0), np.float64(150.0), np.float64(152.0))",5650,"(np.float64(1.3706666666666667), np.float64(1.3066666666666666), np.float64(1.2296052631578949))",False,11710,0,4.082232955368854,713,training_set\images\image_00713.jpg,7038,118.0,1.7509415176443677,PASS
2.320573254038578,True,0.5642314091435185,"(np.float64(150.0), np.float64(150.0), np.float64(153.0))",5650,"(np.float64(1.3706666666666667), np.float64(1.3066666666666666), np.float64(1.2215686274509805))",False,11710,0,10.966564559281514,714,training_set\images\image_00714.jpg,7038,118.0,1.5398808293498114,PASS
7.261048261193398,True,0.5642314091435185,"(np.float64(151.0), np.float64(151.0), np.float64(154.0))",5650,"(np.float64(1.36158940397351), np.float64(1.2980132450331126), np.float64(1.2136363636363636))",False,11710,9,37.077308958447894,715,training_set\images\image_00715.jpg,7038,118.0,3.212040194838282,PASS
6.769187691342963,True,0.5642314091435185,"(np.float64(149.0), np.float64(150.0), np.float64(152.0))",5650,"(np.float64(1.3798657718120806), np.float64(1.3066666666666666), np.float64(1.2296052631578949))",False,11710,13,35.76128009031726,716,training_set\images\image_00716.jpg,7038,118.0,2.822461615874938,PASS
2.016870444850314,True,0.5642314091435185,"(np.float64(148.0), np.float64(148.0), np.float64(148.0))",5650,"(np.float64(1.3891891891891892), np.float64(1.3243243243243243), np.float64(1.262837837837838))",False,11710,0,9.297528196108386,717,training_set\images\image_00717.jpg,7038,118.0,1.971942348747605,PASS
2.2402087089817986,True,0.5642314091435185,"(np.float64(147.0), np.float64(147.0), np.float64(147.0))",5650,"(np.float64(1.398639455782313), np.float64(1.3333333333333333), np.float64(1.2714285714285716))",False,11710,0,5.729207653872896,718,training_set\images\image_00718.jpg,7038,118.0,2.586991514837888,PASS
9.742272423097196,True,0.5642314091435185,"(np.float64(146.0), np.float64(146.0), np.float64(147.0))",5650,"(np.float64(1.4082191780821918), np.float64(1.3424657534246576), np.float64(1.2714285714285716))",False,11710,12,36.38567654602377,719,training_set\images\image_00719.jpg,7038,118.0,2.054821087295139,PASS
4.095163149958289,True,0.5642314091435185,"(np.float64(145.0), np.float64(145.0), np.float64(146.0))",5650,"(np.float64(1.4179310344827585), np.float64(1.3517241379310345), np.float64(1.2801369863013699))",False,11710,2,26.15794406454304,720,training_set\images\image_00720.jpg,7038,118.0,4.08954845646329,PASS
9.188743075244732,True,0.5642314091435185,"(np.float64(146.0), np.float64(147.0), np.float64(152.0))",5650,"(np.float64(1.4082191780821918), np.float64(1.3333333333333333), np.float64(1.2296052631578949))",False,11710,12,34.39684169388717,721,training_set\images\image_00721.jpg,7038,118.0,1.636756542388615,PASS
1.9827466669693627,True,0.5642314091435185,"(np.float64(149.0), np.float64(149.0), np.float64(150.0))",5650,"(np.float64(1.3798657718120806), np.float64(1.3154362416107384), np.float64(1.246))",False,11710,0,2.9520450540249565,722,training_set\images\image_00722.jpg,7038,118.0,1.5917072605716067,PASS
6.9073921572447,True,0.5642314091435185,"(np.float64(147.0), np.float64(147.0), np.float64(149.0))",5650,"(np.float64(1.398639455782313), np.float64(1.3333333333333333), np.float64(1.2543624161073825))",False,11710,5,31.587431309645687,723,training_set\images\image_00723.jpg,7038,118.0,3.604823579121601,PASS
2.312421087048918,True,0.5642314091435185,"(np.float64(146.0), np.float64(146.0), np.float64(147.0))",5650,"(np.float64(1.4082191780821918), np.float64(1.3424657534246576), np.float64(1.2714285714285716))",False,11710,0,8.1341793183446,724,training_set\images\image_00724.jpg,7038,118.0,2.2842591387534767,PASS
8.073172625751072,True,0.5642314091435185,"(np.float64(151.0), np.float64(152.0), np.float64(154.0))",5650,"(np.float64(1.36158940397351), np.float64(1.2894736842105263), np.float64(1.2136363636363636))",False,11710,5,32.42211670824227,725,training_set\images\image_00725.jpg,7038,118.0,1.6259887871722298,PASS
1.9622358451935011,True,0.5642314091435185,"(np.float64(146.0), np.float64(144.0), np.float64(144.0))",5650,"(np.float64(1.4082191780821918), np.float64(1.3611111111111112), np.float64(1.2979166666666666))",False,11710,0,3.491000487846014,726,training_set\images\image_00726.jpg,7038,118.0,2.307922439761644,PASS
1.666382929258717,True,0.5642314091435185,"(np.float64(147.0), np.float64(147.0), np.float64(150.0))",5650,"(np.float64(1.398639455782313), np.float64(1.3333333333333333), np.float64(1.246))",False,11710,0,2.7534486346412312,727,training_set\images\image_00727.jpg,7038,118.0,1.5039080419859796,PASS
2.114685266319457,True,0.5642314091435185,"(np.float64(147.0), np.float64(147.0), np.float64(147.0))",5650,"(np.float64(1.398639455782313), np.float64(1.3333333333333333), np.float64(1.2714285714285716))",False,11710,0,7.332748578573164,728,training_set\images\image_00728.jpg,7038,118.0,3.304196056194749,PASS
1.6275990971603351,True,0.5642314091435185,"(np.float64(149.0), np.float64(150.0), np.float64(153.0))",5650,"(np.float64(1.3798657718120806), np.float64(1.3066666666666666), np.float64(1.2215686274509805))",False,11710,0,4.1178592871392015,729,training_set\images\image_00729.jpg,7038,118.0,1.083288153573039,PASS
1.7480210241619096,True,0.5642314091435185,"(np.float64(148.0), np.float64(149.0), np.float64(153.0))",5650,"(np.float64(1.3891891891891892), np.float64(1.3154362416107384), np.float64(1.2215686274509805))",False,11710,0,2.9000511727446665,730,training_set\images\image_00730.jpg,7038,118.0,1.5944489666740904,PASS
7.000106108114946,True,0.5642314091435185,"(np.float64(147.0), np.float64(147.0), np.float64(149.0))",5650,"(np.float64(1.398639455782313), np.float64(1.3333333333333333), np.float64(1.2543624161073825))",False,11710,6,34.13538580323034,731,training_set\images\image_00731.jpg,7038,118.0,2.2583832347803927,PASS
1.936048453881913,True,0.5642314091435185,"(np.float64(177.0), np.float64(154.0), np.float64(121.0))",5650,"(np.float64(1.1615819209039548), np.float64(1.2727272727272727), np.float64(1.5446280991735537))",False,11710,0,4.113895107599509,732,training_set\images\image_00732.jpg,7038,118.0,2.078897438698663,PASS
7.530758363520319,True,0.4214867862654321,"(np.float64(153.0), np.float64(156.0), np.float64(161.0))",12800,"(np.float64(1.3437908496732025), np.float64(1.2564102564102564), np.float64(1.1608695652173913))",False,8755,0,17.658942922655406,735,training_set\images\image_00735.jpg,6024,119.0,2.6630320827215868,FAIL
12.514149715459407,True,0.4214867862654321,"(np.float64(151.0), np.float64(153.0), np.float64(159.0))",12800,"(np.float64(1.36158940397351), np.float64(1.2810457516339868), np.float64(1.1754716981132076))",False,8755,6,28.7356498852759,737,training_set\images\image_00737.jpg,6024,119.0,2.072824681309189,PASS
13.82198892326831,True,0.4214867862654321,"(np.float64(153.0), np.float64(155.0), np.float64(162.0))",12800,"(np.float64(1.3437908496732025), np.float64(1.264516129032258), np.float64(1.1537037037037037))",False,8755,3,28.96732860528295,738,training_set\images\image_00738.jpg,6024,119.0,2.280777055641292,PASS
11.75673167308072,True,0.4214867862654321,"(np.float64(152.0), np.float64(154.0), np.float64(158.0))",12800,"(np.float64(1.3526315789473684), np.float64(1.2727272727272727), np.float64(1.1829113924050634))",False,8755,4,29.21276915164696,739,training_set\images\image_00739.jpg,6024,119.0,2.401731469092319,PASS
6.02409097840156,True,0.4214867862654321,"(np.float64(153.0), np.float64(156.0), np.float64(162.0))",12800,"(np.float64(1.3437908496732025), np.float64(1.2564102564102564), np.float64(1.1537037037037037))",False,8755,0,12.974390044604831,740,training_set\images\image_00740.jpg,6024,119.0,1.338232746292676,PASS
6.3068079151981555,True,0.4214867862654321,"(np.float64(152.0), np.float64(153.0), np.float64(156.0))",12800,"(np.float64(1.3526315789473684), np.float64(1.2810457516339868), np.float64(1.198076923076923))",False,8755,0,16.331293123326187,741,training_set\images\image_00741.jpg,6024,119.0,1.611392583059295,PASS
11.925073965513183,True,0.4214867862654321,"(np.float64(151.0), np.float64(152.0), np.float64(155.0))",12800,"(np.float64(1.36158940397351), np.float64(1.2894736842105263), np.float64(1.2058064516129032))",False,8755,10,33.12261670253113,742,training_set\images\image_00742.jpg,6024,119.0,2.065659608593682,PASS
4.969619479109592,True,0.4214867862654321,"(np.float64(148.0), np.float64(149.0), np.float64(152.0))",12800,"(np.float64(1.3891891891891892), np.float64(1.3154362416107384), np.float64(1.2296052631578949))",False,8755,0,12.86049206128738,743,training_set\images\image_00743.jpg,6024,119.0,3.1176490964380146,PASS
4.241356225740173,True,0.4214867862654321,"(np.float64(147.0), np.float64(149.0), np.float64(153.0))",12800,"(np.float64(1.398639455782313), np.float64(1.3154362416107384), np.float64(1.2215686274509805))",False,8755,0,19.1445458193478,744,training_set\images\image_00744.jpg,6024,119.0,2.6858903174210864,PASS
11.53405456806387,True,0.4214867862654321,"(np.float64(147.0), np.float64(149.0), np.float64(153.0))",12800,"(np.float64(1.398639455782313), np.float64(1.3154362416107384), np.float64(1.2215686274509805))",False,8755,0,24.603818624760557,745,training_set\images\image_00745.jpg,6024,119.0,2.6698652572888024,PASS
8.780084587524598,True,0.4214867862654321,"(np.float64(145.0), np.float64(146.5), np.float64(152.0))",12800,"(np.float64(1.4179310344827585), np.float64(1.3378839590443685), np.float64(1.2296052631578949))",False,8755,0,23.42922573693911,746,training_set\images\image_00746.jpg,6024,119.0,2.9045228731805026,PASS
7.195842284829729,True,0.4214867862654321,"(np.float64(146.0), np.float64(149.0), np.float64(152.0))",12800,"(np.float64(1.4082191780821918), np.float64(1.3154362416107384), np.float64(1.2296052631578949))",False,8755,0,20.78165024232658,747,training_set\images\image_00747.jpg,6024,119.0,2.6176137499480983,PASS
7.865820151987735,True,0.4214867862654321,"(np.float64(150.0), np.float64(154.0), np.float64(161.0))",12800,"(np.float64(1.3706666666666667), np.float64(1.2727272727272727), np.float64(1.1608695652173913))",False,8755,0,18.24528429842202,748,training_set\images\image_00748.jpg,6024,119.0,1.780475413257811,PASS
6.990040640255538,True,0.4214867862654321,"(np.float64(150.0), np.float64(152.0), np.float64(158.0))",12800,"(np.float64(1.3706666666666667), np.float64(1.2894736842105263), np.float64(1.1829113924050634))",False,8755,0,19.921363427360024,749,training_set\images\image_00749.jpg,6024,119.0,2.693538996998764,PASS
11.870432001845145,True,0.4214867862654321,"(np.float64(151.0), np.float64(154.0), np.float64(159.0))",12800,"(np.float64(1.36158940397351), np.float64(1.2727272727272727), np.float64(1.1754716981132076))",False,8755,3,27.80005894650594,750,training_set\images\image_00750.jpg,6024,119.0,2.2201794514765325,PASS
7.7675637006975835,True,0.4214867862654321,"(np.float64(150.0), np.float64(152.0), np.float64(156.0))",12800,"(np.float64(1.3706666666666667), np.float64(1.2894736842105263), np.float64(1.198076923076923))",False,8755,0,22.04146465914023,751,training_set\images\image_00751.jpg,6024,119.0,1.737403126091298,PASS
3.6586977326096393,True,0.4214867862654321,"(np.float64(151.0), np.float64(152.0), np.float64(156.0))",12800,"(np.float64(1.36158940397351), np.float64(1.2894736842105263), np.float64(1.198076923076923))",False,8755,0,19.183545848309986,752,training_set\images\image_00752.jpg,6024,119.0,2.2251938776930014,PASS
3.089084365335616,True,0.4214867862654321,"(np.float64(151.0), np.float64(153.0), np.float64(157.0))",12800,"(np.float64(1.36158940397351), np.float64(1.2810457516339868), np.float64(1.1904458598726115))",False,8755,0,11.65214773761306,753,training_set\images\image_00753.jpg,6024,119.0,2.1691575733075004,PASS
4.825088588167661,True,0.4214867862654321,"(np.float64(151.0), np.float64(152.0), np.float64(154.0))",12800,"(np.float64(1.36158940397351), np.float64(1.2894736842105263), np.float64(1.2136363636363636))",False,8755,0,6.3002011289771005,754,training_set\images\image_00754.jpg,6024,119.0,2.839037403686912,PASS
4.701332438817204,True,0.6222890142746914,"(np.float64(150.0), np.float64(151.0), np.float64(154.0))",12800,"(np.float64(1.3706666666666667), np.float64(1.2980132450331126), np.float64(1.2136363636363636))",False,12878,0,17.06795839867414,756,training_set\images\image_00756.jpg,6038,119.0,2.6757905152503745,FAIL
4.203912251098978,True,0.6222890142746914,"(np.float64(150.0), np.float64(152.0), np.float64(155.0))",12800,"(np.float64(1.3706666666666667), np.float64(1.2894736842105263), np.float64(1.2058064516129032))",False,12878,0,13.000884501928729,757,training_set\images\image_00757.jpg,6038,119.0,3.380018782277237,FAIL
5.748891765530968,True,0.6222890142746914,"(np.float64(154.0), np.float64(156.0), np.float64(161.0))",12800,"(np.float64(1.335064935064935), np.float64(1.2564102564102564), np.float64(1.1608695652173913))",False,12878,0,21.787109129492915,758,training_set\images\image_00758.jpg,6038,119.0,2.318064599522554,PASS
8.26785455694929,True,0.6222890142746914,"(np.float64(150.0), np.float64(151.0), np.float64(155.0))",12800,"(np.float64(1.3706666666666667), np.float64(1.2980132450331126), np.float64(1.2058064516129032))",False,12878,0,24.846914045562286,759,training_set\images\image_00759.jpg,6038,119.0,1.357947593224689,PASS
8.024734308526996,True,0.6222890142746914,"(np.float64(151.0), np.float64(155.0), np.float64(161.0))",12800,"(np.float64(1.36158940397351), np.float64(1.264516129032258), np.float64(1.1608695652173913))",False,12878,2,32.28638625499875,760,training_set\images\image_00760.jpg,6038,119.0,0.9977265902815255,PASS
8.789480330820476,True,0.6222890142746914,"(np.float64(153.0), np.float64(153.0), np.float64(151.0))",12800,"(np.float64(1.3437908496732025), np.float64(1.2810457516339868), np.float64(1.237748344370861))",False,12878,1,25.9808566324471,761,training_set\images\image_00761.jpg,6038,119.0,1.923629893196187,PASS
10.696390065142909,True,0.6222890142746914,"(np.float64(150.0), np.float64(151.0), np.float64(153.0))",12800,"(np.float64(1.3706666666666667), np.float64(1.2980132450331126), np.float64(1.2215686274509805))",False,12878,1,25.666073063600574,762,training_set\images\image_00762.jpg,6038,119.0,1.7992658684925682,PASS
9.019736290499987,True,0.6222890142746914,"(np.float64(149.0), np.float64(151.0), np.float64(154.0))",12800,"(np.float64(1.3798657718120806), np.float64(1.2980132450331126), np.float64(1.2136363636363636))",False,12878,2,27.376706151657483,763,training_set\images\image_00763.jpg,6038,119.0,1.9098795203723904,PASS
10.227684233818044,True,0.6222890142746914,"(np.float64(150.0), np.float64(151.0), np.float64(155.0))",12800,"(np.float64(1.3706666666666667), np.float64(1.2980132450331126), np.float64(1.2058064516129032))",False,12878,1,27.49838272172788,764,training_set\images\image_00764.jpg,6038,119.0,2.8586093752949018,PASS
9.67712122745593,True,0.6222890142746914,"(np.float64(150.0), np.float64(151.0), np.float64(155.0))",12800,"(np.float64(1.3706666666666667), np.float64(1.2980132450331126), np.float64(1.2058064516129032))",False,12878,2,26.513582839517778,765,training_set\images\image_00765.jpg,6038,119.0,2.369661164862215,PASS
9.062571635595782,True,0.6222890142746914,"(np.float64(151.0), np.float64(153.0), np.float64(155.0))",12800,"(np.float64(1.36158940397351), np.float64(1.2810457516339868), np.float64(1.2058064516129032))",False,12878,1,28.56901860475023,766,training_set\images\image_00766.jpg,6038,119.0,2.2178641331368736,PASS
7.509707975697815,True,0.6222890142746914,"(np.float64(150.0), np.float64(152.0), np.float64(155.0))",12800,"(np.float64(1.3706666666666667), np.float64(1.2894736842105263), np.float64(1.2058064516129032))",False,12878,0,23.52517052792261,767,training_set\images\image_00767.jpg,6038,119.0,2.895299322470355,PASS
4.644973111748577,True,0.6222890142746914,"(np.float64(153.0), np.float64(155.0), np.float64(160.0))",12800,"(np.float64(1.3437908496732025), np.float64(1.264516129032258), np.float64(1.168125))",False,12878,0,11.360250165525441,768,training_set\images\image_00768.jpg,6038,119.0,2.6763867769336325,PASS
7.268022427474335,True,0.6222890142746914,"(np.float64(153.0), np.float64(152.0), np.float64(153.0))",12800,"(np.float64(1.3437908496732025), np.float64(1.2894736842105263), np.float64(1.2215686274509805))",False,12878,0,20.24776798648785,769,training_set\images\image_00769.jpg,6038,119.0,2.484842193809784,PASS
7.412437925962964,True,0.6222890142746914,"(np.float64(151.0), np.float64(152.0), np.float64(155.0))",12800,"(np.float64(1.36158940397351), np.float64(1.2894736842105263), np.float64(1.2058064516129032))",False,12878,0,22.96241683163699,770,training_set\images\image_00770.jpg,6038,119.0,2.589753189958744,PASS
7.768159420438159,True,0.6222890142746914,"(np.float64(150.5), np.float64(152.0), np.float64(155.0))",12800,"(np.float64(1.3661129568106312), np.float64(1.2894736842105263), np.float64(1.2058064516129032))",False,12878,0,19.16051984365456,771,training_set\images\image_00771.jpg,6038,119.0,2.2838024475558587,PASS
8.225861858945262,True,0.6222890142746914,"(np.float64(150.0), np.float64(151.0), np.float64(154.0))",12800,"(np.float64(1.3706666666666667), np.float64(1.2980132450331126), np.float64(1.2136363636363636))",False,12878,0,24.513740887590345,772,training_set\images\image_00772.jpg,6038,119.0,2.700835020039889,PASS
9.797747034687621,True,0.6222890142746914,"(np.float64(151.0), np.float64(149.0), np.float64(148.5))",12800,"(np.float64(1.36158940397351), np.float64(1.3154362416107384), np.float64(1.2585858585858587))",False,12878,1,25.374732290322005,773,training_set\images\image_00773.jpg,6038,119.0,2.394970446844624,PASS
11.777856779646148,True,0.4214867862654321,"(np.float64(140.0), np.float64(144.5), np.float64(162.5))",12800,"(np.float64(1.4685714285714286), np.float64(1.356401384083045), np.float64(1.150153846153846))",False,8755,0,22.518079636824613,775,training_set\images\image_00775.jpg,6024,120.0,1.8926520081429763,PASS
11.953293371922772,True,0.4214867862654321,"(np.float64(146.0), np.float64(149.0), np.float64(151.5))",12800,"(np.float64(1.4082191780821918), np.float64(1.3154362416107384), np.float64(1.2336633663366336))",False,8755,0,22.418617036794757,776,training_set\images\image_00776.jpg,6024,120.0,2.0219950963706403,PASS
5.388511566313154,True,0.4214867862654321,"(np.float64(145.0), np.float64(147.0), np.float64(149.5))",12800,"(np.float64(1.4179310344827585), np.float64(1.3333333333333333), np.float64(1.2501672240802677))",False,8755,0,10.607524085478547,777,training_set\images\image_00777.jpg,6024,120.0,2.0434135886608686,PASS
11.460427948271823,True,0.4214867862654321,"(np.float64(144.0), np.float64(146.0), np.float64(150.0))",12800,"(np.float64(1.4277777777777778), np.float64(1.3424657534246576), np.float64(1.246))",False,8755,0,23.032771312090695,778,training_set\images\image_00778.jpg,6024,120.0,2.4917508172011926,PASS
9.447720226283055,True,0.4214867862654321,"(np.float64(144.0), np.float64(148.0), np.float64(153.5))",12800,"(np.float64(1.4277777777777778), np.float64(1.3243243243243243), np.float64(1.2175895765472313))",False,8755,0,21.320838877295188,779,training_set\images\image_00779.jpg,6024,120.0,2.3902991608480897,PASS
8.164204340356502,True,0.4214867862654321,"(np.float64(150.0), np.float64(153.0), np.float64(156.5))",12800,"(np.float64(1.3706666666666667), np.float64(1.2810457516339868), np.float64(1.1942492012779553))",False,8755,0,18.751851945950126,780,training_set\images\image_00780.jpg,6024,120.0,2.7574300673615024,PASS
8.32241008605133,True,0.4214867862654321,"(np.float64(152.5), np.float64(154.0), np.float64(157.5))",12800,"(np.float64(1.3481967213114754), np.float64(1.2727272727272727), np.float64(1.1866666666666668))",False,8755,0,20.727660339221597,781,training_set\images\image_00781.jpg,6024,120.0,1.937597094422008,PASS
8.18044383306305,True,0.4214867862654321,"(np.float64(152.0), np.float64(152.0), np.float64(153.0))",12800,"(np.float64(1.3526315789473684), np.float64(1.2894736842105263), np.float64(1.2215686274509805))",False,8755,0,20.590086893178132,782,training_set\images\image_00782.jpg,6024,120.0,2.1352260919757096,PASS
10.863943527802057,True,0.4214867862654321,"(np.float64(150.0), np.float64(151.5), np.float64(156.0))",12800,"(np.float64(1.3706666666666667), np.float64(1.2937293729372936), np.float64(1.198076923076923))",False,8755,1,27.9711238873968,783,training_set\images\image_00783.jpg,6024,120.0,2.9288558377661125,PASS
6.988336904952344,True,0.4214867862654321,"(np.float64(151.0), np.float64(153.0), np.float64(158.0))",12800,"(np.float64(1.36158940397351), np.float64(1.2810457516339868), np.float64(1.1829113924050634))",False,8755,0,18.25634345535866,784,training_set\images\image_00784.jpg,6024,120.0,1.1688080671308196,PASS
10.695539168701238,True,0.4214867862654321,"(np.float64(150.0), np.float64(150.0), np.float64(150.5))",12800,"(np.float64(1.3706666666666667), np.float64(1.3066666666666666), np.float64(1.241860465116279))",False,8755,4,30.607341338296525,785,training_set\images\image_00785.jpg,6024,120.0,2.678951642086476,PASS
7.662947580461236,True,0.4214867862654321,"(np.float64(149.0), np.float64(150.0), np.float64(151.5))",12800,"(np.float64(1.3798657718120806), np.float64(1.3066666666666666), np.float64(1.2336633663366336))",False,8755,0,22.155876729125765,786,training_set\images\image_00786.jpg,6024,120.0,3.03186591774294,PASS
9.881253177881094,True,0.4214867862654321,"(np.float64(151.0), np.float64(152.5), np.float64(154.0))",12800,"(np.float64(1.36158940397351), np.float64(1.2852459016393443), np.float64(1.2136363636363636))",False,8755,3,27.959327498780617,787,training_set\images\image_00787.jpg,6024,120.0,3.351254898415239,PASS
8.771326287170607,True,0.4214867862654321,"(np.float64(151.5), np.float64(152.0), np.float64(155.0))",12800,"(np.float64(1.357095709570957), np.float64(1.2894736842105263), np.float64(1.2058064516129032))",False,8755,3,28.003771759812075,788,training_set\images\image_00788.jpg,6024,120.0,1.8754637350045995,PASS
9.55885342714078,True,0.4214867862654321,"(np.float64(149.0), np.float64(151.0), np.float64(154.0))",12800,"(np.float64(1.3798657718120806), np.float64(1.2980132450331126), np.float64(1.2136363636363636))",False,8755,0,24.661864471684506,789,training_set\images\image_00789.jpg,6024,120.0,3.8667259579351247,PASS
8.371669372250496,True,0.4214867862654321,"(np.float64(149.0), np.float64(150.0), np.float64(155.0))",12800,"(np.float64(1.3798657718120806), np.float64(1.3066666666666666), np.float64(1.2058064516129032))",False,8755,0,24.86438038240774,790,training_set\images\image_00790.jpg,6024,120.0,1.8903144057192005,PASS
7.977892198158069,True,0.4214867862654321,"(np.float64(149.0), np.float64(149.5), np.float64(151.5))",12800,"(np.float64(1.3798657718120806), np.float64(1.3110367892976589), np.float64(1.2336633663366336))",False,8755,0,24.901901604657596,791,training_set\images\image_00791.jpg,6024,120.0,3.832516296527064,PASS
6.8574010113064725,True,0.4214867862654321,"(np.float64(148.0), np.float64(150.0), np.float64(152.5))",12800,"(np.float64(1.3891891891891892), np.float64(1.3066666666666666), np.float64(1.2255737704918033))",False,8755,0,15.96556308496726,792,training_set\images\image_00792.jpg,6024,120.0,2.328396025865445,PASS
8.32739920418699,True,0.4214867862654321,"(np.float64(151.5), np.float64(153.0), np.float64(155.0))",12800,"(np.float64(1.357095709570957), np.float64(1.2810457516339868), np.float64(1.2058064516129032))",False,8755,3,30.733837754817184,793,training_set\images\image_00793.jpg,6024,120.0,2.887328097179041,PASS
8.646111555213999,True,0.4214867862654321,"(np.float64(148.0), np.float64(148.5), np.float64(151.5))",12800,"(np.float64(1.3891891891891892), np.float64(1.3198653198653199), np.float64(1.2336633663366336))",False,8755,4,33.00482685894142,794,training_set\images\image_00794.jpg,6024,120.0,2.733191513774553,PASS
8.948927812226444,True,0.4214867862654321,"(np.float64(149.5), np.float64(152.5), np.float64(154.5))",12800,"(np.float64(1.3752508361204012), np.float64(1.2852459016393443), np.float64(1.2097087378640776))",False,8755,7,39.587347613872595,795,training_set\images\image_00795.jpg,6024,120.0,1.8630367370962315,PASS
6.989399832400032,True,0.6222890142746914,"(np.float64(151.0), np.float64(153.0), np.float64(154.0))",12800,"(np.float64(1.36158940397351), np.float64(1.2810457516339868), np.float64(1.2136363636363636))",False,12878,0,17.238772325796806,796,training_set\images\image_00796.jpg,6038,120.0,2.5876503686515333,PASS
5.253532004547328,True,0.6222890142746914,"(np.float64(151.0), np.float64(152.0), np.float64(154.5))",12800,"(np.float64(1.36158940397351), np.float64(1.2894736842105263), np.float64(1.2097087378640776))",False,12878,0,9.452007827843412,797,training_set\images\image_00797.jpg,6038,120.0,1.9139928616426176,PASS
5.695609252260444,True,0.6222890142746914,"(np.float64(149.0), np.float64(150.5), np.float64(153.0))",12800,"(np.float64(1.3798657718120806), np.float64(1.302325581395349), np.float64(1.2215686274509805))",False,12878,0,18.161663962912566,802,training_set\images\image_00802.jpg,6038,120.0,2.40534950746528,PASS
8.133390047986301,True,0.6222890142746914,"(np.float64(146.5), np.float64(148.0), np.float64(151.0))",12800,"(np.float64(1.4034129692832764), np.float64(1.3243243243243243), np.float64(1.237748344370861))",False,12878,0,17.856497040886453,803,training_set\images\image_00803.jpg,6038,120.0,2.5988171356776912,PASS
7.326247762261282,True,0.6222890142746914,"(np.float64(148.0), np.float64(150.0), np.float64(154.5))",12800,"(np.float64(1.3891891891891892), np.float64(1.3066666666666666), np.float64(1.2097087378640776))",False,12878,0,22.808141874674117,804,training_set\images\image_00804.jpg,6038,120.0,2.9592797846923533,PASS
7.703253834008168,True,0.6222890142746914,"(np.float64(151.0), np.float64(152.0), np.float64(153.5))",12800,"(np.float64(1.36158940397351), np.float64(1.2894736842105263), np.float64(1.2175895765472313))",False,12878,1,25.76858741984637,805,training_set\images\image_00805.jpg,6038,120.0,2.786350798915437,PASS
7.441904784383247,True,0.6222890142746914,"(np.float64(152.0), np.float64(153.5), np.float64(156.0))",12800,"(np.float64(1.3526315789473684), np.float64(1.276872964169381), np.float64(1.198076923076923))",False,12878,0,22.15535544317135,806,training_set\images\image_00806.jpg,6038,120.0,2.8614703969816246,PASS
4.95499817662581,True,0.6222890142746914,"(np.float64(150.0), np.float64(151.0), np.float64(153.0))",12800,"(np.float64(1.3706666666666667), np.float64(1.2980132450331126), np.float64(1.2215686274509805))",False,12878,0,17.56540331651508,807,training_set\images\image_00807.jpg,6038,120.0,2.264408345159907,PASS
6.358900123507543,True,0.6222890142746914,"(np.float64(149.0), np.float64(151.0), np.float64(153.0))",12800,"(np.float64(1.3798657718120806), np.float64(1.2980132450331126), np.float64(1.2215686274509805))",False,12878,0,18.91254924419929,808,training_set\images\image_00808.jpg,6038,120.0,3.0807636116267414,PASS
5.519067521857902,True,0.6222890142746914,"(np.float64(153.0), np.float64(154.0), np.float64(157.0))",12800,"(np.float64(1.3437908496732025), np.float64(1.2727272727272727), np.float64(1.1904458598726115))",False,12878,15,33.3735973002687,809,training_set\images\image_00809.jpg,6038,120.0,2.957127617563942,PASS
5.052366897508767,True,0.6222890142746914,"(np.float64(151.0), np.float64(151.0), np.float64(153.0))",12800,"(np.float64(1.36158940397351), np.float64(1.2980132450331126), np.float64(1.2215686274509805))",False,12878,0,12.318548401502323,810,training_set\images\image_00810.jpg,6038,120.0,2.2394449578141886,PASS
5.542876696570285,True,0.6222890142746914,"(np.float64(152.0), np.float64(153.0), np.float64(156.0))",12800,"(np.float64(1.3526315789473684), np.float64(1.2810457516339868), np.float64(1.198076923076923))",False,12878,0,15.524187273625648,811,training_set\images\image_00811.jpg,6038,120.0,3.075261354298666,PASS
8.257856455926362,True,0.6222890142746914,"(np.float64(151.0), np.float64(153.0), np.float64(159.5))",12800,"(np.float64(1.36158940397351), np.float64(1.2810457516339868), np.float64(1.1717868338557995))",False,12878,0,21.469043035308804,812,training_set\images\image_00812.jpg,6038,120.0,1.853223065484796,PASS
5.130001092712205,True,0.6222890142746914,"(np.float64(161.0), np.float64(163.0), np.float64(166.0))",12800,"(np.float64(1.2770186335403726), np.float64(1.2024539877300613), np.float64(1.1259036144578314))",False,12878,0,14.919514664619733,813,training_set\images\image_00813.jpg,6038,120.0,8.26170335718426,PASS
4.35042978395601,True,0.6222890142746914,"(np.float64(156.0), np.float64(157.0), np.float64(158.0))",12800,"(np.float64(1.317948717948718), np.float64(1.2484076433121019), np.float64(1.1829113924050634))",False,12878,0,9.719175672020562,814,training_set\images\image_00814.jpg,6038,120.0,2.6711827407900266,PASS
7.9100128084996975,True,0.6222890142746914,"(np.float64(153.0), np.float64(155.0), np.float64(156.0))",12800,"(np.float64(1.3437908496732025), np.float64(1.264516129032258), np.float64(1.198076923076923))",False,12878,0,20.177059058170826,815,training_set\images\image_00815.jpg,6038,120.0,2.7912898606810885,PASS
10.5549359455788,True,0.6222890142746914,"(np.float64(155.5), np.float64(157.0), np.float64(160.0))",12800,"(np.float64(1.322186495176849), np.float64(1.2484076433121019), np.float64(1.168125))",False,12878,0,23.805153233466953,816,training_set\images\image_00816.jpg,6038,120.0,2.418397787631115,PASS
4.507416490196181,True,0.6222890142746914,"(np.float64(155.5), np.float64(155.5), np.float64(159.0))",12800,"(np.float64(1.322186495176849), np.float64(1.2604501607717042), np.float64(1.1754716981132076))",False,12878,0,20.711893149587596,817,training_set\images\image_00817.jpg,6038,120.0,3.4849914353455143,PASS
11.968937281813778,True,0.382813102816358,"(np.float64(152.0), np.float64(155.0), np.float64(159.5))",12800,"(np.float64(1.3526315789473684), np.float64(1.264516129032258), np.float64(1.1717868338557995))",False,7969,8,28.50841768274411,821,training_set\images\image_00821.jpg,7024,121.0,2.7669011260273866,PASS
8.703075165582643,True,0.382813102816358,"(np.float64(152.0), np.float64(153.0), np.float64(158.0))",12800,"(np.float64(1.3526315789473684), np.float64(1.2810457516339868), np.float64(1.1829113924050634))",False,7969,0,18.562786955379167,822,training_set\images\image_00822.jpg,7024,121.0,4.680241040566491,PASS
8.053369916402833,True,0.382813102816358,"(np.float64(149.0), np.float64(153.0), np.float64(158.5))",12800,"(np.float64(1.3798657718120806), np.float64(1.2810457516339868), np.float64(1.179179810725552))",False,7969,0,10.995578717397251,823,training_set\images\image_00823.jpg,7024,121.0,1.111131866889569,PASS
10.097908498960392,True,0.382813102816358,"(np.float64(151.0), np.float64(153.0), np.float64(159.0))",12800,"(np.float64(1.36158940397351), np.float64(1.2810457516339868), np.float64(1.1754716981132076))",False,7969,2,29.70391459454668,824,training_set\images\image_00824.jpg,7024,121.0,1.7560533798442264,PASS
7.871319457319011,True,0.382813102816358,"(np.float64(152.0), np.float64(154.0), np.float64(158.0))",12800,"(np.float64(1.3526315789473684), np.float64(1.2727272727272727), np.float64(1.1829113924050634))",False,7969,1,27.867298711726573,825,training_set\images\image_00825.jpg,7024,121.0,3.127510336395229,PASS
7.805189369870776,True,0.382813102816358,"(np.float64(154.0), np.float64(157.0), np.float64(160.0))",12800,"(np.float64(1.335064935064935), np.float64(1.2484076433121019), np.float64(1.168125))",False,7969,1,27.845386415693767,826,training_set\images\image_00826.jpg,7024,121.0,3.0453783189420767,PASS
9.343411093225203,True,0.382813102816358,"(np.float64(154.0), np.float64(156.5), np.float64(161.0))",12800,"(np.float64(1.335064935064935), np.float64(1.2523961661341854), np.float64(1.1608695652173913))",False,7969,2,26.50694973589067,827,training_set\images\image_00827.jpg,7024,121.0,3.508188831769707,PASS
9.397999490761972,True,0.382813102816358,"(np.float64(153.0), np.float64(156.0), np.float64(160.0))",12800,"(np.float64(1.3437908496732025), np.float64(1.2564102564102564), np.float64(1.168125))",False,7969,5,28.268437896927647,828,training_set\images\image_00828.jpg,7024,121.0,2.154330619541114,PASS
6.456255288243225,True,0.382813102816358,"(np.float64(152.0), np.float64(153.0), np.float64(156.0))",12800,"(np.float64(1.3526315789473684), np.float64(1.2810457516339868), np.float64(1.198076923076923))",False,7969,0,12.988600788304428,829,training_set\images\image_00829.jpg,7024,121.0,2.050847609134013,PASS
9.039199132832307,True,0.382813102816358,"(np.float64(152.0), np.float64(157.0), np.float64(164.0))",12800,"(np.float64(1.3526315789473684), np.float64(1.2484076433121019), np.float64(1.1396341463414634))",False,7969,0,23.323849319696755,830,training_set\images\image_00830.jpg,7024,121.0,3.5636384385916364,PASS
10.801242142645775,True,0.382813102816358,"(np.float64(151.0), np.float64(151.0), np.float64(150.0))",12800,"(np.float64(1.36158940397351), np.float64(1.2980132450331126), np.float64(1.246))",False,7969,0,24.44951850415091,831,training_set\images\image_00831.jpg,7024,121.0,2.634876746129496,PASS
11.660426074383368,True,0.382813102816358,"(np.float64(146.0), np.float64(147.0), np.float64(151.0))",12800,"(np.float64(1.4082191780821918), np.float64(1.3333333333333333), np.float64(1.237748344370861))",False,7969,0,23.360579601311102,832,training_set\images\image_00832.jpg,7024,121.0,2.1922019730444897,PASS
8.769284474920434,True,0.382813102816358,"(np.float64(146.0), np.float64(149.0), np.float64(154.0))",12800,"(np.float64(1.4082191780821918), np.float64(1.3154362416107384), np.float64(1.2136363636363636))",False,7969,2,26.85817336017058,833,training_set\images\image_00833.jpg,7024,121.0,3.0939444049770435,PASS
8.74912278951649,True,0.382813102816358,"(np.float64(145.0), np.float64(146.0), np.float64(150.0))",12800,"(np.float64(1.4179310344827585), np.float64(1.3424657534246576), np.float64(1.246))",False,7969,0,22.062757975432216,834,training_set\images\image_00834.jpg,7024,121.0,4.823022516807927,PASS
9.02333815808869,True,0.382813102816358,"(np.float64(144.0), np.float64(148.0), np.float64(154.0))",12800,"(np.float64(1.4277777777777778), np.float64(1.3243243243243243), np.float64(1.2136363636363636))",False,7969,0,22.88241067301614,835,training_set\images\image_00835.jpg,7024,121.0,1.609171762035443,PASS
14.415541636533845,True,0.382813102816358,"(np.float64(145.0), np.float64(146.0), np.float64(150.0))",12800,"(np.float64(1.4179310344827585), np.float64(1.3424657534246576), np.float64(1.246))",False,7969,0,22.449961200154387,836,training_set\images\image_00836.jpg,7024,121.0,2.996113982562042,PASS
6.158970978133595,True,0.382813102816358,"(np.float64(148.0), np.float64(151.0), np.float64(156.0))",12800,"(np.float64(1.3891891891891892), np.float64(1.2980132450331126), np.float64(1.198076923076923))",False,7969,0,9.570552726527557,837,training_set\images\image_00837.jpg,7024,121.0,1.0536239782809391,PASS
7.671647411162715,True,0.382813102816358,"(np.float64(148.0), np.float64(151.0), np.float64(155.0))",12800,"(np.float64(1.3891891891891892), np.float64(1.2980132450331126), np.float64(1.2058064516129032))",False,7969,0,13.692689157463924,838,training_set\images\image_00838.jpg,7024,121.0,3.344045849861563,PASS
7.346051482079644,True,0.382813102816358,"(np.float64(149.0), np.float64(151.0), np.float64(156.0))",12800,"(np.float64(1.3798657718120806), np.float64(1.2980132450331126), np.float64(1.198076923076923))",False,7969,0,11.369124295366923,839,training_set\images\image_00839.jpg,7024,121.0,3.2915860333210154,PASS
7.900295222682211,True,0.382813102816358,"(np.float64(147.0), np.float64(150.0), np.float64(155.0))",12800,"(np.float64(1.398639455782313), np.float64(1.3066666666666666), np.float64(1.2058064516129032))",False,7969,3,26.75969492401314,840,training_set\images\image_00840.jpg,7024,121.0,1.6087606977229565,PASS
8.968459444544816,True,0.382813102816358,"(np.float64(150.0), np.float64(152.0), np.float64(156.0))",12800,"(np.float64(1.3706666666666667), np.float64(1.2894736842105263), np.float64(1.198076923076923))",False,7969,2,27.031888503804993,841,training_set\images\image_00841.jpg,7024,121.0,4.014477830346433,PASS
8.210810655449468,True,0.382813102816358,"(np.float64(147.0), np.float64(150.0), np.float64(155.0))",12800,"(np.float64(1.398639455782313), np.float64(1.3066666666666666), np.float64(1.2058064516129032))",False,7969,0,24.749560305594766,842,training_set\images\image_00842.jpg,7024,121.0,2.205946873132197,PASS
8.468258522728735,True,0.382813102816358,"(np.float64(148.0), np.float64(150.0), np.float64(155.0))",12800,"(np.float64(1.3891891891891892), np.float64(1.3066666666666666), np.float64(1.2058064516129032))",False,7969,1,26.669251080835668,843,training_set\images\image_00843.jpg,7024,121.0,2.028458930287336,PASS
10.411895047789502,True,0.382813102816358,"(np.float64(175.0), np.float64(155.0), np.float64(125.0))",12800,"(np.float64(1.1748571428571428), np.float64(1.264516129032258), np.float64(1.4952))",False,7969,1,26.092632495256687,844,training_set\images\image_00844.jpg,7024,121.0,3.0532044816606634,PASS
9.847906120090963,True,0.382813102816358,"(np.float64(149.0), np.float64(151.0), np.float64(156.0))",12800,"(np.float64(1.3798657718120806), np.float64(1.2980132450331126), np.float64(1.198076923076923))",False,7969,8,30.433942813554232,845,training_set\images\image_00845.jpg,7024,121.0,7.31222188141201,PASS
5.931710194135222,True,0.382813102816358,"(np.float64(147.0), np.float64(150.0), np.float64(154.0))",12800,"(np.float64(1.398639455782313), np.float64(1.3066666666666666), np.float64(1.2136363636363636))",False,7969,0,13.744880616892095,846,training_set\images\image_00846.jpg,7024,121.0,3.4341046291259545,PASS
8.147878984154197,True,0.382813102816358,"(np.float64(145.0), np.float64(147.0), np.float64(149.0))",12800,"(np.float64(1.4179310344827585), np.float64(1.3333333333333333), np.float64(1.2543624161073825))",False,7969,0,12.929871746414237,847,training_set\images\image_00847.jpg,7024,121.0,5.430622291314433,PASS
2.990417171653259,True,0.5642314091435185,"(np.float64(145.0), np.float64(145.0), np.float64(148.0))",5650,"(np.float64(1.4179310344827585), np.float64(1.3517241379310345), np.float64(1.262837837837838))",False,11710,0,16.85190308024751,848,training_set\images\image_00848.jpg,7038,121.0,3.146734101169945,PASS
2.164222918788837,True,0.5642314091435185,"(np.float64(144.0), np.float64(145.0), np.float64(149.0))",5650,"(np.float64(1.4277777777777778), np.float64(1.3517241379310345), np.float64(1.2543624161073825))",False,11710,0,4.365583322046347,849,training_set\images\image_00849.jpg,7038,121.0,4.198647811538716,PASS
2.4081947656021243,True,0.5642314091435185,"(np.float64(146.0), np.float64(147.0), np.float64(151.0))",5650,"(np.float64(1.4082191780821918), np.float64(1.3333333333333333), np.float64(1.237748344370861))",False,11710,0,6.763676738456705,850,training_set\images\image_00850.jpg,7038,121.0,2.281552627949074,PASS
2.055621968575086,True,0.5642314091435185,"(np.float64(145.0), np.float64(146.0), np.float64(149.0))",5650,"(np.float64(1.4179310344827585), np.float64(1.3424657534246576), np.float64(1.2543624161073825))",False,11710,0,4.067680934203914,851,training_set\images\image_00851.jpg,7038,121.0,3.4889393771873736,PASS
2.1768384213397334,True,0.5642314091435185,"(np.float64(144.0), np.float64(145.0), np.float64(149.0))",5650,"(np.float64(1.4277777777777778), np.float64(1.3517241379310345), np.float64(1.2543624161073825))",False,11710,0,10.063657490084113,852,training_set\images\image_00852.jpg,7038,121.0,4.382076550874462,PASS
2.4942623373568638,True,0.5642314091435185,"(np.float64(145.0), np.float64(146.0), np.float64(149.0))",5650,"(np.float64(1.4179310344827585), np.float64(1.3424657534246576), np.float64(1.2543624161073825))",False,11710,0,12.2843298782128,853,training_set\images\image_00853.jpg,7038,121.0,6.9056235207492,PASS
1.8938219460956345,True,0.5642314091435185,"(np.float64(146.0), np.float64(147.0), np.float64(151.0))",5650,"(np.float64(1.4082191780821918), np.float64(1.3333333333333333), np.float64(1.237748344370861))",False,11710,0,4.927322744945004,854,training_set\images\image_00854.jpg,7038,121.0,3.709740788138761,PASS
1.9539513610395811,True,0.5642314091435185,"(np.float64(149.0), np.float64(152.0), np.float64(163.0))",5650,"(np.float64(1.3798657718120806), np.float64(1.2894736842105263), np.float64(1.1466257668711657))",False,11710,0,5.034743342385273,855,training_set\images\image_00855.jpg,7038,121.0,4.890492673073931,PASS
2.425739328896375,True,0.5642314091435185,"(np.float64(149.0), np.float64(149.0), np.float64(149.0))",5650,"(np.float64(1.3798657718120806), np.float64(1.3154362416107384), np.float64(1.2543624161073825))",False,11710,0,3.742856049238655,856,training_set\images\image_00856.jpg,7038,121.0,2.3228100969623364,PASS
2.7442033576149427,True,0.5642314091435185,"(np.float64(148.0), np.float64(148.0), np.float64(150.0))",5650,"(np.float64(1.3891891891891892), np.float64(1.3243243243243243), np.float64(1.246))",False,11710,0,17.315008444476312,857,training_set\images\image_00857.jpg,7038,121.0,2.8697716149321164,PASS
3.675718970864511,True,0.5642314091435185,"(np.float64(149.0), np.float64(152.0), np.float64(158.0))",5650,"(np.float64(1.3798657718120806), np.float64(1.2894736842105263), np.float64(1.1829113924050634))",False,11710,0,17.409852207066496,858,training_set\images\image_00858.jpg,7038,121.0,3.240668515457744,PASS
4.5909758007494474,True,0.5642314091435185,"(np.float64(153.0), np.float64(153.0), np.float64(155.0))",5650,"(np.float64(1.3437908496732025), np.float64(1.2810457516339868), np.float64(1.2058064516129032))",False,11710,0,22.100018512840705,859,training_set\images\image_00859.jpg,7038,121.0,2.620122216083158,PASS
3.973005804204332,True,0.5642314091435185,"(np.float64(154.0), np.float64(154.0), np.float64(157.0))",5650,"(np.float64(1.335064935064935), np.float64(1.2727272727272727), np.float64(1.1904458598726115))",False,11710,0,17.388257758723807,860,training_set\images\image_00860.jpg,7038,121.0,2.6526819104761983,PASS
3.297331869478039,True,0.5642314091435185,"(np.float64(154.0), np.float64(154.0), np.float64(157.0))",5650,"(np.float64(1.335064935064935), np.float64(1.2727272727272727), np.float64(1.1904458598726115))",False,11710,0,4.793259734993162,861,training_set\images\image_00861.jpg,7038,121.0,5.208079172084903,PASS
3.8752870844351595,True,0.5642314091435185,"(np.float64(153.0), np.float64(153.0), np.float64(155.0))",5650,"(np.float64(1.3437908496732025), np.float64(1.2810457516339868), np.float64(1.2058064516129032))",False,11710,0,15.824291527033282,862,training_set\images\image_00862.jpg,7038,121.0,3.14388538730204,PASS
3.0478860283589775,True,0.5642314091435185,"(np.float64(155.0), np.float64(156.0), np.float64(160.0))",5650,"(np.float64(1.3264516129032258), np.float64(1.2564102564102564), np.float64(1.168125))",False,11710,0,5.059901203392901,863,training_set\images\image_00863.jpg,7038,121.0,2.5389658868692977,PASS
3.216413000335017,True,0.5642314091435185,"(np.float64(155.0), np.float64(156.0), np.float64(160.0))",5650,"(np.float64(1.3264516129032258), np.float64(1.2564102564102564), np.float64(1.168125))",False,11710,0,15.826877049529744,864,training_set\images\image_00864.jpg,7038,121.0,2.974108008075264,PASS
2.590910333963029,True,0.5642314091435185,"(np.float64(155.0), np.float64(157.0), np.float64(162.0))",5650,"(np.float64(1.3264516129032258), np.float64(1.2484076433121019), np.float64(1.1537037037037037))",False,11710,0,4.473665246600128,865,training_set\images\image_00865.jpg,7038,121.0,3.543303862137464,PASS
11.337235344987192,True,0.4214867862654321,"(np.float64(181.0), np.float64(162.0), np.float64(131.0))",12800,"(np.float64(1.1359116022099447), np.float64(1.2098765432098766), np.float64(1.4267175572519084))",False,8755,5,30.251533821422353,866,training_set\images\image_00866.jpg,6024,122.0,4.405870472515452,PASS
9.243213527143606,True,0.4214867862654321,"(np.float64(151.0), np.float64(153.0), np.float64(158.0))",12800,"(np.float64(1.36158940397351), np.float64(1.2810457516339868), np.float64(1.1829113924050634))",False,8755,0,20.134856929388913,868,training_set\images\image_00868.jpg,6024,122.0,2.450647651939992,PASS
8.157897456930543,True,0.4214867862654321,"(np.float64(151.0), np.float64(153.0), np.float64(158.0))",12800,"(np.float64(1.36158940397351), np.float64(1.2810457516339868), np.float64(1.1829113924050634))",False,8755,0,19.396760600645802,869,training_set\images\image_00869.jpg,6024,122.0,2.4727787058553337,PASS
9.63331714904127,True,0.4214867862654321,"(np.float64(149.0), np.float64(151.0), np.float64(157.0))",12800,"(np.float64(1.3798657718120806), np.float64(1.2980132450331126), np.float64(1.1904458598726115))",False,8755,15,37.061681935542325,870,training_set\images\image_00870.jpg,6024,122.0,1.7134176300960506,PASS
9.030996863368758,True,0.4214867862654321,"(np.float64(150.0), np.float64(153.0), np.float64(159.0))",12800,"(np.float64(1.3706666666666667), np.float64(1.2810457516339868), np.float64(1.1754716981132076))",False,8755,0,23.825586169393404,871,training_set\images\image_00871.jpg,6024,122.0,2.06982540769353,PASS
8.926537739891728,True,0.4214867862654321,"(np.float64(152.0), np.float64(154.0), np.float64(160.0))",12800,"(np.float64(1.3526315789473684), np.float64(1.2727272727272727), np.float64(1.168125))",False,8755,0,21.26788474229563,872,training_set\images\image_00872.jpg,6024,122.0,2.460096718988195,PASS
7.732612735151775,True,0.4214867862654321,"(np.float64(150.0), np.float64(153.0), np.float64(158.0))",12800,"(np.float64(1.3706666666666667), np.float64(1.2810457516339868), np.float64(1.1829113924050634))",False,8755,0,14.593490515096462,873,training_set\images\image_00873.jpg,6024,122.0,2.761050230533133,PASS
10.08089555430612,True,0.4214867862654321,"(np.float64(152.0), np.float64(154.0), np.float64(159.0))",12800,"(np.float64(1.3526315789473684), np.float64(1.2727272727272727), np.float64(1.1754716981132076))",False,8755,2,25.647072832250558,874,training_set\images\image_00874.jpg,6024,122.0,2.669766736435752,PASS
12.168826203980695,True,0.4214867862654321,"(np.float64(151.0), np.float64(153.0), np.float64(158.0))",12800,"(np.float64(1.36158940397351), np.float64(1.2810457516339868), np.float64(1.1829113924050634))",False,8755,0,24.247800125169416,875,training_set\images\image_00875.jpg,6024,122.0,2.574764631443718,PASS
9.847100407255569,True,0.4214867862654321,"(np.float64(151.0), np.float64(154.0), np.float64(160.0))",12800,"(np.float64(1.36158940397351), np.float64(1.2727272727272727), np.float64(1.168125))",False,8755,8,31.614385896508136,876,training_set\images\image_00876.jpg,6024,122.0,2.6358872354720195,PASS
11.91393180013402,True,0.4214867862654321,"(np.float64(149.0), np.float64(151.0), np.float64(155.0))",12800,"(np.float64(1.3798657718120806), np.float64(1.2980132450331126), np.float64(1.2058064516129032))",False,8755,0,24.666962422746337,877,training_set\images\image_00877.jpg,6024,122.0,3.358527713888558,PASS
7.526111394252524,True,0.4214867862654321,"(np.float64(149.0), np.float64(153.0), np.float64(159.0))",12800,"(np.float64(1.3798657718120806), np.float64(1.2810457516339868), np.float64(1.1754716981132076))",False,8755,0,17.222142177244066,878,training_set\images\image_00878.jpg,6024,122.0,3.3290335262343618,PASS
7.646179663553103,True,0.4214867862654321,"(np.float64(152.0), np.float64(153.0), np.float64(156.0))",12800,"(np.float64(1.3526315789473684), np.float64(1.2810457516339868), np.float64(1.198076923076923))",False,8755,0,16.094744113978532,879,training_set\images\image_00879.jpg,6024,122.0,2.2189108686616508,PASS
6.6288778387856695,True,0.4214867862654321,"(np.float64(148.0), np.float64(151.0), np.float64(156.0))",12800,"(np.float64(1.3891891891891892), np.float64(1.2980132450331126), np.float64(1.198076923076923))",False,8755,0,8.545356763824586,880,training_set\images\image_00880.jpg,6024,122.0,2.782101042781959,PASS
7.452247740452784,True,0.4214867862654321,"(np.float64(150.0), np.float64(152.0), np.float64(158.0))",12800,"(np.float64(1.3706666666666667), np.float64(1.2894736842105263), np.float64(1.1829113924050634))",False,8755,0,16.130575305575466,881,training_set\images\image_00881.jpg,6024,122.0,2.832961668544387,PASS
10.959911407915802,True,0.4214867862654321,"(np.float64(150.0), np.float64(152.0), np.float64(157.0))",12800,"(np.float64(1.3706666666666667), np.float64(1.2894736842105263), np.float64(1.1904458598726115))",False,8755,17,29.91203029200483,882,training_set\images\image_00882.jpg,6024,122.0,1.985650367732783,PASS
6.953671756284064,True,0.4214867862654321,"(np.float64(149.0), np.float64(152.0), np.float64(159.0))",12800,"(np.float64(1.3798657718120806), np.float64(1.2894736842105263), np.float64(1.1754716981132076))",False,8755,0,9.027778770338742,883,training_set\images\image_00883.jpg,6024,122.0,2.229772112288104,PASS
11.915701845270398,True,0.4214867862654321,"(np.float64(151.0), np.float64(153.0), np.float64(159.0))",12800,"(np.float64(1.36158940397351), np.float64(1.2810457516339868), np.float64(1.1754716981132076))",False,8755,2,27.290532859279363,884,training_set\images\image_00884.jpg,6024,122.0,2.3925900949391887,PASS
11.712129251972996,True,0.4214867862654321,"(np.float64(150.0), np.float64(153.0), np.float64(159.0))",12800,"(np.float64(1.3706666666666667), np.float64(1.2810457516339868), np.float64(1.1754716981132076))",False,8755,13,29.126478254788303,885,training_set\images\image_00885.jpg,6024,122.0,6.137202912234213,PASS
9.792748308574428,True,0.4214867862654321,"(np.float64(150.0), np.float64(151.0), np.float64(155.0))",12800,"(np.float64(1.3706666666666667), np.float64(1.2980132450331126), np.float64(1.2058064516129032))",False,8755,1,25.229846360841666,886,training_set\images\image_00886.jpg,6024,122.0,2.57168570120528,PASS
10.647459210635061,True,0.4214867862654321,"(np.float64(149.0), np.float64(152.0), np.float64(159.0))",12800,"(np.float64(1.3798657718120806), np.float64(1.2894736842105263), np.float64(1.1754716981132076))",False,8755,2,28.78087143702757,887,training_set\images\image_00887.jpg,6024,122.0,2.608358977902319,PASS
9.089073853020324,True,0.4214867862654321,"(np.float64(149.0), np.float64(152.0), np.float64(157.0))",12800,"(np.float64(1.3798657718120806), np.float64(1.2894736842105263), np.float64(1.1904458598726115))",False,8755,0,22.67497543128532,888,training_set\images\image_00888.jpg,6024,122.0,2.4648102337564914,PASS
8.654361662924668,True,0.4214867862654321,"(np.float64(151.0), np.float64(152.0), np.float64(155.0))",12800,"(np.float64(1.36158940397351), np.float64(1.2894736842105263), np.float64(1.2058064516129032))",False,8755,1,25.53166599650407,889,training_set\images\image_00889.jpg,6024,122.0,1.8065851357537648,PASS
8.662690235019674,True,0.4214867862654321,"(np.float64(148.0), np.float64(150.0), np.float64(155.0))",12800,"(np.float64(1.3891891891891892), np.float64(1.3066666666666666), np.float64(1.2058064516129032))",False,8755,1,26.495087400336818,890,training_set\images\image_00890.jpg,6024,122.0,4.811875996689982,PASS
11.62681043300511,True,0.4214867862654321,"(np.float64(148.0), np.float64(150.0), np.float64(155.0))",12800,"(np.float64(1.3891891891891892), np.float64(1.3066666666666666), np.float64(1.2058064516129032))",False,8755,1,28.056099103740188,891,training_set\images\image_00891.jpg,6024,122.0,2.7581648957712366,PASS
12.242962057663975,True,0.4214867862654321,"(np.float64(148.0), np.float64(151.0), np.float64(156.0))",12800,"(np.float64(1.3891891891891892), np.float64(1.2980132450331126), np.float64(1.198076923076923))",False,8755,18,32.039183039018894,892,training_set\images\image_00892.jpg,6024,122.0,1.862395946848388,PASS
14.346832563671597,True,0.4214867862654321,"(np.float64(145.0), np.float64(145.0), np.float64(143.0))",12800,"(np.float64(1.4179310344827585), np.float64(1.3517241379310345), np.float64(1.3069930069930071))",False,8755,7,35.24675859763319,893,training_set\images\image_00893.jpg,6024,122.0,3.102559153060472,PASS
7.364381721950274,True,0.6222890142746914,"(np.float64(162.0), np.float64(163.0), np.float64(165.0))",12800,"(np.float64(1.2691358024691357), np.float64(1.2024539877300613), np.float64(1.1327272727272728))",False,12878,4,36.215378520119245,895,training_set\images\image_00895.jpg,6038,122.0,2.686418638533351,PASS
4.373121102743631,True,0.6222890142746914,"(np.float64(162.0), np.float64(163.0), np.float64(166.0))",12800,"(np.float64(1.2691358024691357), np.float64(1.2024539877300613), np.float64(1.1259036144578314))",False,12878,0,9.468129248506095,896,training_set\images\image_00896.jpg,6038,122.0,2.05294659338011,PASS
4.947902842791758,True,0.6222890142746914,"(np.float64(162.0), np.float64(163.0), np.float64(166.0))",12800,"(np.float64(1.2691358024691357), np.float64(1.2024539877300613), np.float64(1.1259036144578314))",False,12878,0,16.959600442187195,897,training_set\images\image_00897.jpg,6038,122.0,3.086999533820947,PASS
6.296337307795392,True,0.6222890142746914,"(np.float64(159.0), np.float64(159.0), np.float64(161.0))",12800,"(np.float64(1.2930817610062892), np.float64(1.2327044025157232), np.float64(1.1608695652173913))",False,12878,2,29.327977520144817,898,training_set\images\image_00898.jpg,6038,122.0,2.5157458740566354,PASS
5.938408210815615,True,0.6222890142746914,"(np.float64(157.0), np.float64(155.0), np.float64(153.0))",12800,"(np.float64(1.3095541401273885), np.float64(1.264516129032258), np.float64(1.2215686274509805))",False,12878,0,18.670804207501423,899,training_set\images\image_00899.jpg,6038,122.0,4.167903792334401,PASS
5.374168056967874,True,0.6222890142746914,"(np.float64(151.0), np.float64(154.0), np.float64(159.0))",12800,"(np.float64(1.36158940397351), np.float64(1.2727272727272727), np.float64(1.1754716981132076))",False,12878,0,16.34291148914156,900,training_set\images\image_00900.jpg,6038,122.0,2.477011878871891,PASS
8.432163660909044,True,0.6222890142746914,"(np.float64(150.0), np.float64(151.0), np.float64(152.0))",12800,"(np.float64(1.3706666666666667), np.float64(1.2980132450331126), np.float64(1.2296052631578949))",False,12878,0,19.050337381931566,901,training_set\images\image_00901.jpg,6038,122.0,2.4888437983309784,PASS
6.90242546997307,True,0.4214867862654321,"(np.float64(176.0), np.float64(151.0), np.float64(119.0))",12800,"(np.float64(1.1681818181818182), np.float64(1.2980132450331126), np.float64(1.5705882352941176))",False,8755,2,25.30516527324807,902,training_set\images\image_00902.jpg,6024,123.0,1.6841665596564477,PASS
9.107450496544828,True,0.4214867862654321,"(np.float64(142.5), np.float64(142.0), np.float64(144.5))",12800,"(np.float64(1.4428070175438596), np.float64(1.380281690140845), np.float64(1.2934256055363322))",False,8755,8,34.89950388829649,903,training_set\images\image_00903.jpg,6024,123.0,1.4734597460261738,PASS
3.4697405802832653,True,0.4214867862654321,"(np.float64(140.5), np.float64(142.0), np.float64(144.5))",12800,"(np.float64(1.4633451957295374), np.float64(1.380281690140845), np.float64(1.2934256055363322))",False,8755,0,6.798539529576997,904,training_set\images\image_00904.jpg,6024,123.0,1.7290189871527877,PASS
3.6051722379764786,True,0.4214867862654321,"(np.float64(145.0), np.float64(144.5), np.float64(147.0))",12800,"(np.float64(1.4179310344827585), np.float64(1.356401384083045), np.float64(1.2714285714285716))",False,8755,0,7.048059964178939,905,training_set\images\image_00905.jpg,6024,123.0,3.1840655779961065,PASS
4.135098090199507,True,0.4214867862654321,"(np.float64(143.0), np.float64(144.5), np.float64(147.5))",12800,"(np.float64(1.4377622377622377), np.float64(1.356401384083045), np.float64(1.2671186440677966))",False,8755,0,7.513146302187192,906,training_set\images\image_00906.jpg,6024,123.0,2.4318013283721567,PASS
4.061605954482497,True,0.4214867862654321,"(np.float64(144.0), np.float64(144.5), np.float64(147.0))",12800,"(np.float64(1.4277777777777778), np.float64(1.356401384083045), np.float64(1.2714285714285716))",False,8755,0,7.8201042370376,907,training_set\images\image_00907.jpg,6024,123.0,2.6797727105055693,PASS
5.522781651605841,True,0.4214867862654321,"(np.float64(141.0), np.float64(142.0), np.float64(146.0))",12800,"(np.float64(1.4581560283687942), np.float64(1.380281690140845), np.float64(1.2801369863013699))",False,8755,0,18.54458193240596,908,training_set\images\image_00908.jpg,6024,123.0,2.018403729300424,PASS
6.914659121624409,True,0.4214867862654321,"(np.float64(137.0), np.float64(138.5), np.float64(142.5))",12800,"(np.float64(1.5007299270072991), np.float64(1.4151624548736461), np.float64(1.3115789473684212))",False,8755,0,21.24867898930721,909,training_set\images\image_00909.jpg,6024,123.0,1.734311473614797,PASS
4.4499469727721,True,0.4214867862654321,"(np.float64(142.5), np.float64(144.0), np.float64(146.0))",12800,"(np.float64(1.4428070175438596), np.float64(1.3611111111111112), np.float64(1.2801369863013699))",False,8755,0,12.16944623004754,910,training_set\images\image_00910.jpg,6024,123.0,1.9151530202460112,PASS
3.2045459211558147,True,0.4214867862654321,"(np.float64(141.0), np.float64(143.0), np.float64(145.0))",12800,"(np.float64(1.4581560283687942), np.float64(1.3706293706293706), np.float64(1.2889655172413794))",False,8755,0,5.818309958637258,911,training_set\images\image_00911.jpg,6024,123.0,6.182054938051657,PASS
4.646593077437469,True,0.4214867862654321,"(np.float64(139.0), np.float64(141.0), np.float64(145.5))",12800,"(np.float64(1.4791366906474819), np.float64(1.3900709219858156), np.float64(1.284536082474227))",False,8755,0,10.544851980275759,912,training_set\images\image_00912.jpg,6024,123.0,2.443571994832238,PASS
4.009478629809126,True,0.4214867862654321,"(np.float64(143.0), np.float64(145.0), np.float64(149.0))",12800,"(np.float64(1.4377622377622377), np.float64(1.3517241379310345), np.float64(1.2543624161073825))",False,8755,0,7.7210637514972005,913,training_set\images\image_00913.jpg,6024,123.0,2.232735373441055,PASS
5.0024945315305285,True,0.4214867862654321,"(np.float64(144.5), np.float64(147.0), np.float64(153.0))",12800,"(np.float64(1.4228373702422146), np.float64(1.3333333333333333), np.float64(1.2215686274509805))",False,8755,0,13.768387762727668,914,training_set\images\image_00914.jpg,6024,123.0,1.6321216493245445,PASS
4.078432880884039,True,0.4214867862654321,"(np.float64(143.0), np.float64(145.0), np.float64(149.0))",12800,"(np.float64(1.4377622377622377), np.float64(1.3517241379310345), np.float64(1.2543624161073825))",False,8755,0,5.41616525417923,915,training_set\images\image_00915.jpg,6024,123.0,1.7649787806478785,PASS
8.967970154640957,True,0.4214867862654321,"(np.float64(145.0), np.float64(147.0), np.float64(150.0))",12800,"(np.float64(1.4179310344827585), np.float64(1.3333333333333333), np.float64(1.246))",False,8755,0,20.67118627992539,916,training_set\images\image_00916.jpg,6024,123.0,2.3514523760624906,PASS
10.81859310328152,True,0.4214867862654321,"(np.float64(144.0), np.float64(145.0), np.float64(148.0))",12800,"(np.float64(1.4277777777777778), np.float64(1.3517241379310345), np.float64(1.262837837837838))",False,8755,23,32.6704659787135,917,training_set\images\image_00917.jpg,6024,123.0,2.074536088388209,PASS
9.118457463697691,True,0.6222890142746914,"(np.float64(151.5), np.float64(154.5), np.float64(161.0))",12800,"(np.float64(1.357095709570957), np.float64(1.2686084142394822), np.float64(1.1608695652173913))",False,12878,3,27.82826888207133,918,training_set\images\image_00918.jpg,6038,123.0,2.2125295746889897,PASS
6.127124633017646,True,0.6222890142746914,"(np.float64(153.5), np.float64(154.5), np.float64(156.5))",12800,"(np.float64(1.339413680781759), np.float64(1.2686084142394822), np.float64(1.1942492012779553))",False,12878,1,25.165896143817413,920,training_set\images\image_00920.jpg,6038,123.0,2.326928913677194,PASS
4.909587196182374,True,0.6222890142746914,"(np.float64(152.5), np.float64(154.5), np.float64(159.5))",12800,"(np.float64(1.3481967213114754), np.float64(1.2686084142394822), np.float64(1.1717868338557995))",False,12878,0,15.006656596218892,921,training_set\images\image_00921.jpg,6038,123.0,1.7815039507345014,PASS
7.841450403788395,True,0.6222890142746914,"(np.float64(153.5), np.float64(154.5), np.float64(156.0))",12800,"(np.float64(1.339413680781759), np.float64(1.2686084142394822), np.float64(1.198076923076923))",False,12878,3,29.212354184538697,922,training_set\images\image_00922.jpg,6038,123.0,1.8838702261043083,PASS
5.1764594037189635,True,0.6222890142746914,"(np.float64(153.5), np.float64(155.0), np.float64(159.0))",12800,"(np.float64(1.339413680781759), np.float64(1.264516129032258), np.float64(1.1754716981132076))",False,12878,0,18.59015440036088,923,training_set\images\image_00923.jpg,6038,123.0,2.218903561254612,PASS
5.506997797860692,True,0.6222890142746914,"(np.float64(154.0), np.float64(155.5), np.float64(158.0))",12800,"(np.float64(1.335064935064935), np.float64(1.2604501607717042), np.float64(1.1829113924050634))",False,12878,0,21.832023586405654,924,training_set\images\image_00924.jpg,6038,123.0,1.61086867394156,PASS
4.244754207278975,True,0.6222890142746914,"(np.float64(155.5), np.float64(156.5), np.float64(159.5))",12800,"(np.float64(1.322186495176849), np.float64(1.2523961661341854), np.float64(1.1717868338557995))",False,12878,0,8.321553790615608,925,training_set\images\image_00925.jpg,6038,123.0,1.8498675426900213,PASS
5.2438013381228465,True,0.6222890142746914,"(np.float64(154.0), np.float64(154.5), np.float64(156.5))",12800,"(np.float64(1.335064935064935), np.float64(1.2686084142394822), np.float64(1.1942492012779553))",False,12878,0,16.10486623971915,926,training_set\images\image_00926.jpg,6038,123.0,1.7226154546390602,PASS
2.848228502286049,True,0.6222890142746914,"(np.float64(176.0), np.float64(152.0), np.float64(119.0))",12800,"(np.float64(1.1681818181818182), np.float64(1.2894736842105263), np.float64(1.5705882352941176))",False,12878,0,6.166648075531524,927,training_set\images\image_00927.jpg,6038,123.0,1.915024706365256,PASS
4.407975317302649,True,0.6222890142746914,"(np.float64(147.0), np.float64(148.0), np.float64(151.0))",12800,"(np.float64(1.398639455782313), np.float64(1.3243243243243243), np.float64(1.237748344370861))",False,12878,0,15.931536786576695,928,training_set\images\image_00928.jpg,6038,123.0,2.3285047360029782,PASS
3.7914600349526113,True,0.6222890142746914,"(np.float64(146.0), np.float64(147.0), np.float64(149.0))",12800,"(np.float64(1.4082191780821918), np.float64(1.3333333333333333), np.float64(1.2543624161073825))",False,12878,0,17.340432389592507,929,training_set\images\image_00929.jpg,6038,123.0,4.987397832667995,PASS
2.951722975762205,True,0.6222890142746914,"(np.float64(145.0), np.float64(146.0), np.float64(148.0))",12800,"(np.float64(1.4179310344827585), np.float64(1.3424657534246576), np.float64(1.262837837837838))",False,12878,0,7.502158568207528,930,training_set\images\image_00930.jpg,6038,123.0,2.934912282053357,PASS
4.698487144823951,True,0.6222890142746914,"(np.float64(148.0), np.float64(148.0), np.float64(149.0))",12800,"(np.float64(1.3891891891891892), np.float64(1.3243243243243243), np.float64(1.2543624161073825))",False,12878,0,15.954027404306935,931,training_set\images\image_00931.jpg,6038,123.0,2.12658710714324,PASS
3.664793058127512,True,0.6222890142746914,"(np.float64(145.0), np.float64(147.0), np.float64(151.0))",12800,"(np.float64(1.4179310344827585), np.float64(1.3333333333333333), np.float64(1.237748344370861))",False,12878,0,10.759821060439174,932,training_set\images\image_00932.jpg,6038,123.0,2.4219966904261563,PASS
9.786639750758999,True,0.6222890142746914,"(np.float64(147.0), np.float64(147.0), np.float64(148.0))",12800,"(np.float64(1.398639455782313), np.float64(1.3333333333333333), np.float64(1.262837837837838))",False,12878,5,27.061879741176224,933,training_set\images\image_00933.jpg,6038,123.0,2.7397278346640395,PASS
9.771001942395351,True,0.6222890142746914,"(np.float64(145.5), np.float64(145.0), np.float64(145.0))",12800,"(np.float64(1.4130584192439861), np.float64(1.3517241379310345), np.float64(1.2889655172413794))",False,12878,3,27.427955753549387,934,training_set\images\image_00934.jpg,6038,123.0,3.499800198371396,PASS
5.745715841222675,True,0.6222890142746914,"(np.float64(178.0), np.float64(153.0), np.float64(119.0))",12800,"(np.float64(1.155056179775281), np.float64(1.2810457516339868), np.float64(1.5705882352941176))",False,12878,3,25.721980893100035,935,training_set\images\image_00935.jpg,6038,123.0,2.474438362007952,PASS
10.597053419020497,True,0.6222890142746914,"(np.float64(146.0), np.float64(148.0), np.float64(149.0))",12800,"(np.float64(1.4082191780821918), np.float64(1.3243243243243243), np.float64(1.2543624161073825))",False,12878,5,30.677294456004507,936,training_set\images\image_00936.jpg,6038,123.0,2.6791333629311382,PASS
4.054794403565072,True,0.6222890142746914,"(np.float64(147.0), np.float64(149.0), np.float64(155.0))",12800,"(np.float64(1.398639455782313), np.float64(1.3154362416107384), np.float64(1.2058064516129032))",False,12878,0,16.20106451327978,937,training_set\images\image_00937.jpg,6038,123.0,1.7526143769727671,PASS
6.975746375203455,True,0.6222890142746914,"(np.float64(149.0), np.float64(150.0), np.float64(152.0))",12800,"(np.float64(1.3798657718120806), np.float64(1.3066666666666666), np.float64(1.2296052631578949))",False,12878,3,29.96993417470872,938,training_set\images\image_00938.jpg,6038,123.0,2.088559677197335,PASS
3.5799472000971986,True,0.6222890142746914,"(np.float64(151.0), np.float64(152.0), np.float64(155.0))",12800,"(np.float64(1.36158940397351), np.float64(1.2894736842105263), np.float64(1.2058064516129032))",False,12878,0,12.575603935392024,939,training_set\images\image_00939.jpg,6038,123.0,2.115181679047764,PASS
8.513994731301358,True,0.4214867862654321,"(np.float64(177.0), np.float64(151.0), np.float64(117.0))",12800,"(np.float64(1.1615819209039548), np.float64(1.2980132450331126), np.float64(1.5974358974358975))",False,8755,0,16.744271770840662,944,training_set\images\image_00944.jpg,6024,124.0,1.853608105369868,PASS
11.2737306834807,True,0.4214867862654321,"(np.float64(143.5), np.float64(145.0), np.float64(148.0))",12800,"(np.float64(1.432752613240418), np.float64(1.3517241379310345), np.float64(1.262837837837838))",False,8755,0,23.382405362279027,945,training_set\images\image_00945.jpg,6024,124.0,2.957589644665967,PASS
6.436154760623244,True,0.4214867862654321,"(np.float64(145.0), np.float64(147.0), np.float64(147.5))",12800,"(np.float64(1.4179310344827585), np.float64(1.3333333333333333), np.float64(1.2671186440677966))",False,8755,0,16.033786210342633,946,training_set\images\image_00946.jpg,6024,124.0,2.09066682243929,PASS
10.086561067759792,True,0.4214867862654321,"(np.float64(146.0), np.float64(148.0), np.float64(151.0))",12800,"(np.float64(1.4082191780821918), np.float64(1.3243243243243243), np.float64(1.237748344370861))",False,8755,0,19.407780393112272,947,training_set\images\image_00947.jpg,6024,124.0,2.0303792344098697,PASS
5.0456172943285615,True,0.4214867862654321,"(np.float64(146.0), np.float64(147.5), np.float64(150.5))",12800,"(np.float64(1.4082191780821918), np.float64(1.3288135593220338), np.float64(1.241860465116279))",False,8755,0,12.109926992596229,948,training_set\images\image_00948.jpg,6024,124.0,2.4743533644653075,PASS
7.528105540454296,True,0.4214867862654321,"(np.float64(145.0), np.float64(146.0), np.float64(151.0))",12800,"(np.float64(1.4179310344827585), np.float64(1.3424657534246576), np.float64(1.237748344370861))",False,8755,0,22.5741892135105,949,training_set\images\image_00949.jpg,6024,124.0,2.1416759339037,PASS
8.499918085853013,True,0.6222890142746914,"(np.float64(147.0), np.float64(149.0), np.float64(151.0))",12800,"(np.float64(1.398639455782313), np.float64(1.3154362416107384), np.float64(1.237748344370861))",False,12878,0,22.00169437443504,950,training_set\images\image_00950.jpg,6038,124.0,2.840112378505338,PASS
5.533832634107037,True,0.6222890142746914,"(np.float64(148.0), np.float64(150.0), np.float64(151.0))",12800,"(np.float64(1.3891891891891892), np.float64(1.3066666666666666), np.float64(1.237748344370861))",False,12878,0,14.385291711552084,951,training_set\images\image_00951.jpg,6038,124.0,2.3106771129658523,PASS
9.354805318055478,True,0.6222890142746914,"(np.float64(150.0), np.float64(152.0), np.float64(156.5))",12800,"(np.float64(1.3706666666666667), np.float64(1.2894736842105263), np.float64(1.1942492012779553))",False,12878,0,18.946893692560348,952,training_set\images\image_00952.jpg,6038,124.0,2.6034948569603853,PASS
8.715889290656731,True,0.6222890142746914,"(np.float64(149.0), np.float64(150.5), np.float64(153.0))",12800,"(np.float64(1.3798657718120806), np.float64(1.302325581395349), np.float64(1.2215686274509805))",False,12878,0,21.073875723465246,953,training_set\images\image_00953.jpg,6038,124.0,2.5984407235316374,PASS
9.267667174669835,True,0.6222890142746914,"(np.float64(150.0), np.float64(152.0), np.float64(154.0))",12800,"(np.float64(1.3706666666666667), np.float64(1.2894736842105263), np.float64(1.2136363636363636))",False,12878,0,16.969690377894835,954,training_set\images\image_00954.jpg,6038,124.0,2.5021322167022166,PASS
8.361806619804385,True,0.6222890142746914,"(np.float64(150.0), np.float64(152.0), np.float64(153.5))",12800,"(np.float64(1.3706666666666667), np.float64(1.2894736842105263), np.float64(1.2175895765472313))",False,12878,0,20.331005280566014,955,training_set\images\image_00955.jpg,6038,124.0,2.5407500601848056,PASS
6.805034002435861,True,0.6222890142746914,"(np.float64(152.5), np.float64(154.0), np.float64(157.0))",12800,"(np.float64(1.3481967213114754), np.float64(1.2727272727272727), np.float64(1.1904458598726115))",False,12878,0,16.213663429274664,956,training_set\images\image_00956.jpg,6038,124.0,3.018097918818047,PASS
5.591235449635513,True,0.6222890142746914,"(np.float64(153.0), np.float64(154.5), np.float64(157.5))",12800,"(np.float64(1.3437908496732025), np.float64(1.2686084142394822), np.float64(1.1866666666666668))",False,12878,0,18.427157793052093,957,training_set\images\image_00957.jpg,6038,124.0,2.729558197543078,PASS
3.9407188586534385,True,0.6222890142746914,"(np.float64(149.0), np.float64(151.0), np.float64(152.0))",12800,"(np.float64(1.3798657718120806), np.float64(1.2980132450331126), np.float64(1.2296052631578949))",False,12878,0,7.9942801572970765,958,training_set\images\image_00958.jpg,6038,124.0,2.4960309119115185,PASS
8.989352293909748,True,0.6222890142746914,"(np.float64(149.0), np.float64(150.0), np.float64(153.5))",12800,"(np.float64(1.3798657718120806), np.float64(1.3066666666666666), np.float64(1.2175895765472313))",False,12878,0,17.983656631482194,959,training_set\images\image_00959.jpg,6038,124.0,2.367348718074259,PASS
3.4077507994946967,True,0.6222890142746914,"(np.float64(151.0), np.float64(151.0), np.float64(153.5))",12800,"(np.float64(1.36158940397351), np.float64(1.2980132450331126), np.float64(1.2175895765472313))",False,12878,0,16.006757518559088,960,training_set\images\image_00960.jpg,6038,124.0,2.73350800868881,PASS
7.805935536447738,True,0.6222890142746914,"(np.float64(152.0), np.float64(153.5), np.float64(155.5))",12800,"(np.float64(1.3526315789473684), np.float64(1.276872964169381), np.float64(1.2019292604501608))",False,12878,0,17.74996180628467,961,training_set\images\image_00961.jpg,6038,124.0,3.427561244179381,PASS
3.673341982135591,True,0.6222890142746914,"(np.float64(148.0), np.float64(149.0), np.float64(151.0))",12800,"(np.float64(1.3891891891891892), np.float64(1.3154362416107384), np.float64(1.237748344370861))",False,12878,0,14.11788420791726,962,training_set\images\image_00962.jpg,6038,124.0,2.434630692020673,PASS
6.120662375034984,True,0.6222890142746914,"(np.float64(148.0), np.float64(150.0), np.float64(151.5))",12800,"(np.float64(1.3891891891891892), np.float64(1.3066666666666666), np.float64(1.2336633663366336))",False,12878,0,11.142442761267201,963,training_set\images\image_00963.jpg,6038,124.0,2.3000594708855564,PASS
6.7335583058726565,True,0.6222890142746914,"(np.float64(148.0), np.float64(150.5), np.float64(154.0))",12800,"(np.float64(1.3891891891891892), np.float64(1.302325581395349), np.float64(1.2136363636363636))",False,12878,0,15.903337620591017,964,training_set\images\image_00964.jpg,6038,124.0,2.677036520455188,PASS
7.752184226580258,True,0.6222890142746914,"(np.float64(151.0), np.float64(152.0), np.float64(154.5))",12800,"(np.float64(1.36158940397351), np.float64(1.2894736842105263), np.float64(1.2097087378640776))",False,12878,0,18.813004916010918,965,training_set\images\image_00965.jpg,6038,124.0,3.0293479502584626,PASS
8.080511385639475,True,0.6222890142746914,"(np.float64(149.0), np.float64(150.5), np.float64(152.5))",12800,"(np.float64(1.3798657718120806), np.float64(1.302325581395349), np.float64(1.2255737704918033))",False,12878,0,17.997307866191814,966,training_set\images\image_00966.jpg,6038,124.0,2.525686672175367,PASS
6.531468899331608,True,0.6222890142746914,"(np.float64(149.0), np.float64(151.0), np.float64(152.5))",12800,"(np.float64(1.3798657718120806), np.float64(1.2980132450331126), np.float64(1.2255737704918033))",False,12878,0,12.907779631240626,967,training_set\images\image_00967.jpg,6038,124.0,3.1465734583427167,PASS
9.424328625744373,True,0.6222890142746914,"(np.float64(148.0), np.float64(147.0), np.float64(146.0))",12800,"(np.float64(1.3891891891891892), np.float64(1.3333333333333333), np.float64(1.2801369863013699))",False,12878,0,22.735591830870195,968,training_set\images\image_00968.jpg,6038,124.0,2.045638631554856,PASS
10.550779239225582,True,0.6222890142746914,"(np.float64(144.0), np.float64(146.0), np.float64(147.5))",12800,"(np.float64(1.4277777777777778), np.float64(1.3424657534246576), np.float64(1.2671186440677966))",False,12878,6,33.45446673074859,969,training_set\images\image_00969.jpg,6038,124.0,3.036355900695505,PASS
8.9965331756261,True,0.6222890142746914,"(np.float64(144.0), np.float64(144.0), np.float64(144.5))",12800,"(np.float64(1.4277777777777778), np.float64(1.3611111111111112), np.float64(1.2934256055363322))",False,12878,0,20.28143054798366,970,training_set\images\image_00970.jpg,6038,124.0,2.330256821904916,PASS
5.673765050646503,True,0.6222890142746914,"(np.float64(142.0), np.float64(144.0), np.float64(146.0))",12800,"(np.float64(1.447887323943662), np.float64(1.3611111111111112), np.float64(1.2801369863013699))",False,12878,0,19.05286837953001,971,training_set\images\image_00971.jpg,6038,124.0,1.176624498735522,PASS
8.037569023840193,True,0.6222890142746914,"(np.float64(142.0), np.float64(144.5), np.float64(148.0))",12800,"(np.float64(1.447887323943662), np.float64(1.356401384083045), np.float64(1.262837837837838))",False,12878,0,23.328399453058285,972,training_set\images\image_00972.jpg,6038,124.0,2.288585037503736,PASS
5.799912848524732,True,0.6222890142746914,"(np.float64(142.5), np.float64(143.0), np.float64(146.5))",12800,"(np.float64(1.4428070175438596), np.float64(1.3706293706293706), np.float64(1.2757679180887371))",False,12878,0,18.56778016919319,973,training_set\images\image_00973.jpg,6038,124.0,2.363212098330344,PASS
3.9940805835737825,True,0.6222890142746914,"(np.float64(145.0), np.float64(144.0), np.float64(146.0))",12800,"(np.float64(1.4179310344827585), np.float64(1.3611111111111112), np.float64(1.2801369863013699))",False,12878,0,18.134304370553753,974,training_set\images\image_00974.jpg,6038,124.0,2.2979790454575566,PASS
7.725371739094749,True,0.6222890142746914,"(np.float64(142.0), np.float64(144.0), np.float64(147.0))",12800,"(np.float64(1.447887323943662), np.float64(1.3611111111111112), np.float64(1.2714285714285716))",False,12878,0,21.110066861183988,975,training_set\images\image_00975.jpg,6038,124.0,2.154268956490561,PASS
10.450629678966745,True,0.6222890142746914,"(np.float64(143.5), np.float64(144.5), np.float64(146.0))",12800,"(np.float64(1.432752613240418), np.float64(1.356401384083045), np.float64(1.2801369863013699))",False,12878,7,29.23837797230467,976,training_set\images\image_00976.jpg,6038,124.0,1.9773131659204173,PASS
10.53061442397527,True,0.6222890142746914,"(np.float64(143.0), np.float64(145.0), np.float64(146.5))",12800,"(np.float64(1.4377622377622377), np.float64(1.3517241379310345), np.float64(1.2757679180887371))",False,12878,7,29.203855351046734,977,training_set\images\image_00977.jpg,6038,124.0,2.3489709935629985,PASS
7.335545230933701,True,0.6222890142746914,"(np.float64(181.0), np.float64(157.0), np.float64(124.0))",12800,"(np.float64(1.1359116022099447), np.float64(1.2484076433121019), np.float64(1.507258064516129))",False,12878,0,23.254821812576537,980,training_set\images\image_00980.jpg,6038,126.0,3.530046243967272,PASS
4.470404723718083,True,0.6222890142746914,"(np.float64(150.5), np.float64(151.0), np.float64(152.0))",12800,"(np.float64(1.3661129568106312), np.float64(1.2980132450331126), np.float64(1.2296052631578949))",False,12878,0,11.945204432224932,981,training_set\images\image_00981.jpg,6038,126.0,2.727526998846057,PASS
8.041930922059233,True,0.6222890142746914,"(np.float64(147.0), np.float64(149.0), np.float64(154.0))",12800,"(np.float64(1.398639455782313), np.float64(1.3154362416107384), np.float64(1.2136363636363636))",False,12878,0,21.284946649531708,982,training_set\images\image_00982.jpg,6038,126.0,2.5272336195229084,PASS
5.958720096098646,True,0.6222890142746914,"(np.float64(149.0), np.float64(150.0), np.float64(153.0))",12800,"(np.float64(1.3798657718120806), np.float64(1.3066666666666666), np.float64(1.2215686274509805))",False,12878,0,15.06752894583135,983,training_set\images\image_00983.jpg,6038,126.0,2.151848169447117,PASS
9.697108273182184,True,0.6222890142746914,"(np.float64(148.0), np.float64(149.0), np.float64(152.0))",12800,"(np.float64(1.3891891891891892), np.float64(1.3154362416107384), np.float64(1.2296052631578949))",False,12878,2,33.12822733697033,984,training_set\images\image_00984.jpg,6038,126.0,2.928060655208979,PASS
8.385358674505147,True,0.6222890142746914,"(np.float64(149.0), np.float64(150.0), np.float64(153.0))",12800,"(np.float64(1.3798657718120806), np.float64(1.3066666666666666), np.float64(1.2215686274509805))",False,12878,3,26.46350029366556,985,training_set\images\image_00985.jpg,6038,126.0,2.1808065844460147,PASS
9.245047076048579,True,0.6222890142746914,"(np.float64(151.0), np.float64(151.0), np.float64(154.0))",12800,"(np.float64(1.36158940397351), np.float64(1.2980132450331126), np.float64(1.2136363636363636))",False,12878,3,32.72130513524356,986,training_set\images\image_00986.jpg,6038,126.0,1.91658166952617,PASS
9.09161136309563,True,0.6222890142746914,"(np.float64(149.0), np.float64(149.0), np.float64(150.0))",12800,"(np.float64(1.3798657718120806), np.float64(1.3154362416107384), np.float64(1.246))",False,12878,3,25.623035241814147,987,training_set\images\image_00987.jpg,6038,126.0,2.865133023546273,PASS
9.876520969463488,True,0.6222890142746914,"(np.float64(148.0), np.float64(149.0), np.float64(151.0))",12800,"(np.float64(1.3891891891891892), np.float64(1.3154362416107384), np.float64(1.237748344370861))",False,12878,7,32.09133503448403,988,training_set\images\image_00988.jpg,6038,126.0,2.229837110573232,PASS
6.365754170798253,True,0.6222890142746914,"(np.float64(147.0), np.float64(149.0), np.float64(152.0))",12800,"(np.float64(1.398639455782313), np.float64(1.3154362416107384), np.float64(1.2296052631578949))",False,12878,0,22.069476272332707,989,training_set\images\image_00989.jpg,6038,126.0,2.4611970303985014,PASS
8.148469173460988,True,0.6222890142746914,"(np.float64(148.0), np.float64(148.5), np.float64(150.0))",12800,"(np.float64(1.3891891891891892), np.float64(1.3198653198653199), np.float64(1.246))",False,12878,0,23.118463352091755,990,training_set\images\image_00990.jpg,6038,126.0,2.086630731834128,PASS
8.744440043742262,True,0.6222890142746914,"(np.float64(148.0), np.float64(149.0), np.float64(152.0))",12800,"(np.float64(1.3891891891891892), np.float64(1.3154362416107384), np.float64(1.2296052631578949))",False,12878,1,27.028508824806977,991,training_set\images\image_00991.jpg,6038,126.0,2.739165942238364,PASS
6.02179754241738,True,0.6222890142746914,"(np.float64(148.0), np.float64(150.0), np.float64(154.0))",12800,"(np.float64(1.3891891891891892), np.float64(1.3066666666666666), np.float64(1.2136363636363636))",False,12878,0,24.743449681296884,992,training_set\images\image_00992.jpg,6038,126.0,2.375124890124127,PASS
7.013881426069629,True,0.6222890142746914,"(np.float64(148.5), np.float64(149.0), np.float64(151.0))",12800,"(np.float64(1.3845117845117845), np.float64(1.3154362416107384), np.float64(1.237748344370861))",False,12878,0,20.278676461856264,993,training_set\images\image_00993.jpg,6038,126.0,2.3934044412123563,PASS
8.352389368842871,True,0.6222890142746914,"(np.float64(146.0), np.float64(148.0), np.float64(150.0))",12800,"(np.float64(1.4082191780821918), np.float64(1.3243243243243243), np.float64(1.246))",False,12878,0,23.78186249619547,994,training_set\images\image_00994.jpg,6038,126.0,2.5313065388851443,PASS
9.753026560794554,True,0.6222890142746914,"(np.float64(148.0), np.float64(149.0), np.float64(152.0))",12800,"(np.float64(1.3891891891891892), np.float64(1.3154362416107384), np.float64(1.2296052631578949))",False,12878,12,32.234046180584755,995,training_set\images\image_00995.jpg,6038,126.0,2.371805553209237,PASS
9.211338743478558,True,0.6222890142746914,"(np.float64(148.0), np.float64(150.0), np.float64(152.0))",12800,"(np.float64(1.3891891891891892), np.float64(1.3066666666666666), np.float64(1.2296052631578949))",False,12878,5,36.24455723676185,996,training_set\images\image_00996.jpg,6038,126.0,2.090830776087897,PASS
8.131255597259393,True,0.6222890142746914,"(np.float64(147.0), np.float64(147.0), np.float64(151.0))",12800,"(np.float64(1.398639455782313), np.float64(1.3333333333333333), np.float64(1.237748344370861))",False,12878,4,29.33423785764659,997,training_set\images\image_00997.jpg,6038,126.0,1.4230080675149754,PASS
8.530670681016236,True,0.6222890142746914,"(np.float64(144.5), np.float64(149.0), np.float64(153.0))",12800,"(np.float64(1.4228373702422146), np.float64(1.3154362416107384), np.float64(1.2215686274509805))",False,12878,2,26.06127630090747,998,training_set\images\image_00998.jpg,6038,126.0,1.676177492722241,PASS
7.673680782347833,True,0.6222890142746914,"(np.float64(149.0), np.float64(150.0), np.float64(153.0))",12800,"(np.float64(1.3798657718120806), np.float64(1.3066666666666666), np.float64(1.2215686274509805))",False,12878,2,25.29514077378594,999,training_set\images\image_00999.jpg,6038,126.0,2.00815352571963,PASS
8.177825700269983,True,0.6222890142746914,"(np.float64(149.0), np.float64(150.0), np.float64(154.0))",12800,"(np.float64(1.3798657718120806), np.float64(1.3066666666666666), np.float64(1.2136363636363636))",False,12878,1,25.093126361547817,1000,training_set\images\image_01000.jpg,6038,126.0,1.7408130754860802,PASS
9.358655856116567,True,0.6222890142746914,"(np.float64(150.0), np.float64(151.0), np.float64(154.0))",12800,"(np.float64(1.3706666666666667), np.float64(1.2980132450331126), np.float64(1.2136363636363636))",False,12878,3,27.222804182929718,1001,training_set\images\image_01001.jpg,6038,126.0,2.02443658798704,PASS
7.5670487106578515,True,0.6222890142746914,"(np.float64(148.0), np.float64(148.0), np.float64(149.0))",12800,"(np.float64(1.3891891891891892), np.float64(1.3243243243243243), np.float64(1.2543624161073825))",False,12878,0,23.983138928058658,1002,training_set\images\image_01002.jpg,6038,126.0,2.0723652838901336,PASS
4.85757690013488,True,0.6222890142746914,"(np.float64(145.0), np.float64(146.0), np.float64(150.0))",12800,"(np.float64(1.4179310344827585), np.float64(1.3424657534246576), np.float64(1.246))",False,12878,0,14.834451477938343,1003,training_set\images\image_01003.jpg,6038,126.0,2.402899451121805,PASS
7.511933488578469,True,0.6222890142746914,"(np.float64(149.0), np.float64(149.0), np.float64(152.0))",12800,"(np.float64(1.3798657718120806), np.float64(1.3154362416107384), np.float64(1.2296052631578949))",False,12878,2,31.895909043766387,1004,training_set\images\image_01004.jpg,6038,126.0,2.3739639819557783,PASS
9.356469392547663,True,0.6222890142746914,"(np.float64(147.0), np.float64(147.0), np.float64(150.0))",12800,"(np.float64(1.398639455782313), np.float64(1.3333333333333333), np.float64(1.246))",False,12878,3,35.23125018538248,1005,training_set\images\image_01005.jpg,6038,126.0,2.0926875668321983,PASS
11.804239121337694,True,0.6222890142746914,"(np.float64(141.0), np.float64(141.5), np.float64(144.0))",12800,"(np.float64(1.4581560283687942), np.float64(1.3851590106007068), np.float64(1.2979166666666666))",False,12878,4,26.590951988522814,1009,training_set\images\image_01009.jpg,6038,126.0,2.77051647636279,PASS
4.499560363115059,True,0.6222890142746914,"(np.float64(141.5), np.float64(143.5), np.float64(146.5))",12800,"(np.float64(1.4530035335689047), np.float64(1.3658536585365855), np.float64(1.2757679180887371))",False,12878,0,16.049887330225612,1010,training_set\images\image_01010.jpg,6038,126.0,2.844516910868788,PASS
4.704436051307279,True,0.6222890142746914,"(np.float64(142.5), np.float64(143.0), np.float64(145.5))",12800,"(np.float64(1.4428070175438596), np.float64(1.3706293706293706), np.float64(1.284536082474227))",False,12878,0,11.401911708559858,1011,training_set\images\image_01011.jpg,6038,126.0,2.189214577748469,PASS
8.014499630134837,True,0.6222890142746914,"(np.float64(144.0), np.float64(143.5), np.float64(143.0))",12800,"(np.float64(1.4277777777777778), np.float64(1.3658536585365855), np.float64(1.3069930069930071))",False,12878,0,21.15014851491863,1012,training_set\images\image_01012.jpg,6038,126.0,2.4222037194710806,PASS
8.46650576284558,True,0.6222890142746914,"(np.float64(144.0), np.float64(145.5), np.float64(147.0))",12800,"(np.float64(1.4277777777777778), np.float64(1.3470790378006874), np.float64(1.2714285714285716))",False,12878,0,24.46949316459946,1013,training_set\images\image_01013.jpg,6038,126.0,1.9585946082883257,PASS
9.894307485340772,True,0.6222890142746914,"(np.float64(143.0), np.float64(144.0), np.float64(146.0))",12800,"(np.float64(1.4377622377622377), np.float64(1.3611111111111112), np.float64(1.2801369863013699))",False,12878,3,28.218430243171703,1014,training_set\images\image_01014.jpg,6038,126.0,2.881412261439196,PASS
2.147341837555718,True,0.5642314091435185,"(np.float64(141.0), np.float64(142.0), np.float64(146.0))",5650,"(np.float64(1.4581560283687942), np.float64(1.380281690140845), np.float64(1.2801369863013699))",False,11710,0,7.654709804745612,1015,training_set\images\image_01015.jpg,7038,127.0,2.439828479622176,PASS
3.239187125432222,True,0.5642314091435185,"(np.float64(140.0), np.float64(140.0), np.float64(143.0))",5650,"(np.float64(1.4685714285714286), np.float64(1.4), np.float64(1.3069930069930071))",False,11710,0,18.460124865523046,1016,training_set\images\image_01016.jpg,7038,127.0,1.9738268762604592,PASS
3.161634282627686,True,0.5642314091435185,"(np.float64(140.0), np.float64(140.0), np.float64(143.0))",5650,"(np.float64(1.4685714285714286), np.float64(1.4), np.float64(1.3069930069930071))",False,11710,0,14.443776346703313,1017,training_set\images\image_01017.jpg,7038,127.0,2.9971350117390405,PASS
2.1077965366170943,True,0.5642314091435185,"(np.float64(140.0), np.float64(140.0), np.float64(143.0))",5650,"(np.float64(1.4685714285714286), np.float64(1.4), np.float64(1.3069930069930071))",False,11710,0,4.1344735169025535,1018,training_set\images\image_01018.jpg,7038,127.0,1.8717099261577024,PASS
2.5909957019769196,True,0.5642314091435185,"(np.float64(138.0), np.float64(140.0), np.float64(142.0))",5650,"(np.float64(1.489855072463768), np.float64(1.4), np.float64(1.3161971830985917))",False,11710,0,10.5417594110062,1019,training_set\images\image_01019.jpg,7038,127.0,1.463095651345545,PASS
3.5255708881884416,True,0.5642314091435185,"(np.float64(139.0), np.float64(140.0), np.float64(142.0))",5650,"(np.float64(1.4791366906474819), np.float64(1.4), np.float64(1.3161971830985917))",False,11710,0,12.338892818023266,1020,training_set\images\image_01020.jpg,7038,127.0,2.6270806709429,PASS
1.846281141092236,True,0.5642314091435185,"(np.float64(142.0), np.float64(142.0), np.float64(145.0))",5650,"(np.float64(1.447887323943662), np.float64(1.380281690140845), np.float64(1.2889655172413794))",False,11710,0,7.813883241933886,1021,training_set\images\image_01021.jpg,7038,127.0,1.6545479884854248,PASS
1.8664577890225418,True,0.5642314091435185,"(np.float64(141.0), np.float64(141.0), np.float64(144.0))",5650,"(np.float64(1.4581560283687942), np.float64(1.3900709219858156), np.float64(1.2979166666666666))",False,11710,0,5.114391797238792,1022,training_set\images\image_01022.jpg,7038,127.0,2.5716211961619053,PASS
2.2220319271346427,True,0.5642314091435185,"(np.float64(139.0), np.float64(139.0), np.float64(142.0))",5650,"(np.float64(1.4791366906474819), np.float64(1.410071942446043), np.float64(1.3161971830985917))",False,11710,0,8.114191495000215,1023,training_set\images\image_01023.jpg,7038,127.0,1.1402365910731025,PASS
3.1520455427190304,True,0.5642314091435185,"(np.float64(139.0), np.float64(140.0), np.float64(144.0))",5650,"(np.float64(1.4791366906474819), np.float64(1.4), np.float64(1.2979166666666666))",False,11710,0,16.03042213383468,1024,training_set\images\image_01024.jpg,7038,127.0,2.383431022388135,PASS
2.4024182816407764,True,0.5642314091435185,"(np.float64(140.0), np.float64(140.0), np.float64(141.0))",5650,"(np.float64(1.4685714285714286), np.float64(1.4), np.float64(1.325531914893617))",False,11710,0,7.201921705159569,1025,training_set\images\image_01025.jpg,7038,127.0,5.742034852533751,PASS
2.3937003127248246,True,0.5642314091435185,"(np.float64(140.0), np.float64(140.0), np.float64(142.0))",5650,"(np.float64(1.4685714285714286), np.float64(1.4), np.float64(1.3161971830985917))",False,11710,0,6.969928320143491,1026,training_set\images\image_01026.jpg,7038,127.0,5.021029718616978,PASS
3.9053601663451105,True,0.5642314091435185,"(np.float64(138.0), np.float64(141.0), np.float64(147.0))",5650,"(np.float64(1.489855072463768), np.float64(1.3900709219858156), np.float64(1.2714285714285716))",False,11710,0,15.691583704308393,1027,training_set\images\image_01027.jpg,7038,127.0,1.807292824637905,PASS
2.1392818073187185,True,0.5642314091435185,"(np.float64(140.0), np.float64(141.0), np.float64(144.0))",5650,"(np.float64(1.4685714285714286), np.float64(1.3900709219858156), np.float64(1.2979166666666666))",False,11710,0,16.94088898731023,1028,training_set\images\image_01028.jpg,7038,127.0,1.7577574918564036,PASS
4.189268454650983,True,0.5642314091435185,"(np.float64(139.0), np.float64(139.0), np.float64(142.0))",5650,"(np.float64(1.4791366906474819), np.float64(1.410071942446043), np.float64(1.3161971830985917))",False,11710,0,15.82099378090189,1029,training_set\images\image_01029.jpg,7038,127.0,10.03770857300726,PASS
3.001747376584082,True,0.5642314091435185,"(np.float64(141.0), np.float64(143.0), np.float64(147.0))",5650,"(np.float64(1.4581560283687942), np.float64(1.3706293706293706), np.float64(1.2714285714285716))",False,11710,0,16.388121451277513,1030,training_set\images\image_01030.jpg,7038,127.0,2.111458499911947,PASS
7.146614580691402,True,0.5642314091435185,"(np.float64(142.0), np.float64(140.0), np.float64(139.0))",5650,"(np.float64(1.447887323943662), np.float64(1.4), np.float64(1.3446043165467627))",False,11710,9,38.02890941530105,1031,training_set\images\image_01031.jpg,7038,127.0,1.775351605416356,PASS
4.715328203881519,True,0.5642314091435185,"(np.float64(141.0), np.float64(142.0), np.float64(145.0))",5650,"(np.float64(1.4581560283687942), np.float64(1.380281690140845), np.float64(1.2889655172413794))",False,11710,0,12.152749306150062,1032,training_set\images\image_01032.jpg,7038,127.0,2.326729923980228,PASS
3.3501662183270606,True,0.5642314091435185,"(np.float64(144.0), np.float64(142.0), np.float64(141.0))",5650,"(np.float64(1.4277777777777778), np.float64(1.380281690140845), np.float64(1.325531914893617))",False,11710,0,6.252830879766363,1033,training_set\images\image_01033.jpg,7038,127.0,2.765008744737376,PASS
4.333464817964273,True,0.5642314091435185,"(np.float64(144.0), np.float64(143.0), np.float64(143.0))",5650,"(np.float64(1.4277777777777778), np.float64(1.3706293706293706), np.float64(1.3069930069930071))",False,11710,0,13.231746272243445,1034,training_set\images\image_01034.jpg,7038,127.0,1.3742815426490458,PASS
2.9835717978261744,True,0.5642314091435185,"(np.float64(142.0), np.float64(142.0), np.float64(142.0))",5650,"(np.float64(1.447887323943662), np.float64(1.380281690140845), np.float64(1.3161971830985917))",False,11710,0,6.329658059376426,1035,training_set\images\image_01035.jpg,7038,127.0,2.0780714590781537,PASS
2.9552465157435908,True,0.5642314091435185,"(np.float64(143.0), np.float64(141.0), np.float64(141.0))",5650,"(np.float64(1.4377622377622377), np.float64(1.3900709219858156), np.float64(1.325531914893617))",False,11710,0,5.361843131803018,1036,training_set\images\image_01036.jpg,7038,127.0,1.396365724585984,PASS
6.580032201054228,True,0.5642314091435185,"(np.float64(141.0), np.float64(140.0), np.float64(140.0))",5650,"(np.float64(1.4581560283687942), np.float64(1.4), np.float64(1.335))",False,11710,10,34.41030869410397,1037,training_set\images\image_01037.jpg,7038,127.0,2.033076210699132,PASS
10.882153522269116,True,0.5642314091435185,"(np.float64(132.0), np.float64(131.0), np.float64(132.0))",5650,"(np.float64(1.5575757575757576), np.float64(1.4961832061068703), np.float64(1.415909090909091))",False,11710,25,43.05113693653003,1038,training_set\images\image_01038.jpg,7038,127.0,2.1418044578431576,PASS
2.6416103046564317,True,0.5642314091435185,"(np.float64(142.0), np.float64(142.0), np.float64(144.0))",5650,"(np.float64(1.447887323943662), np.float64(1.380281690140845), np.float64(1.2979166666666666))",False,11710,0,7.263599053469364,1039,training_set\images\image_01039.jpg,7038,127.0,2.425359852310905,PASS
4.067187510401713,True,0.5642314091435185,"(np.float64(142.0), np.float64(143.0), np.float64(145.0))",5650,"(np.float64(1.447887323943662), np.float64(1.3706293706293706), np.float64(1.2889655172413794))",False,11710,0,12.673221022222442,1040,training_set\images\image_01040.jpg,7038,127.0,2.3297322424537628,PASS
3.0759437885602017,True,0.5642314091435185,"(np.float64(144.0), np.float64(142.0), np.float64(141.0))",5650,"(np.float64(1.4277777777777778), np.float64(1.380281690140845), np.float64(1.325531914893617))",False,11710,0,5.1912065335809885,1041,training_set\images\image_01041.jpg,7038,127.0,2.201500005480105,PASS
2.8849918897411135,True,0.5642314091435185,"(np.float64(144.0), np.float64(144.0), np.float64(145.0))",5650,"(np.float64(1.4277777777777778), np.float64(1.3611111111111112), np.float64(1.2889655172413794))",False,11710,0,8.688772240944976,1042,training_set\images\image_01042.jpg,7038,127.0,2.201059740497794,PASS
2.782527623453509,True,0.5642314091435185,"(np.float64(145.0), np.float64(144.0), np.float64(145.0))",5650,"(np.float64(1.4179310344827585), np.float64(1.3611111111111112), np.float64(1.2889655172413794))",False,11710,0,5.504043564710417,1043,training_set\images\image_01043.jpg,7038,127.0,2.3789868919340904,PASS
5.9059970761365195,True,0.5642314091435185,"(np.float64(144.0), np.float64(143.0), np.float64(144.0))",5650,"(np.float64(1.4277777777777778), np.float64(1.3706293706293706), np.float64(1.2979166666666666))",False,11710,19,37.33579237326976,1044,training_set\images\image_01044.jpg,7038,127.0,2.1921973555509657,PASS
3.6226169739225442,True,0.5642314091435185,"(np.float64(143.0), np.float64(142.0), np.float64(143.0))",5650,"(np.float64(1.4377622377622377), np.float64(1.380281690140845), np.float64(1.3069930069930071))",False,11710,0,8.41511941336924,1045,training_set\images\image_01045.jpg,7038,127.0,1.8823849598038391,PASS
8.441748970991785,True,0.5642314091435185,"(np.float64(144.0), np.float64(142.0), np.float64(142.0))",5650,"(np.float64(1.4277777777777778), np.float64(1.380281690140845), np.float64(1.3161971830985917))",False,11710,8,27.75510298268946,1046,training_set\images\image_01046.jpg,7038,127.0,1.6944906917013325,PASS
4.465621704185203,True,0.5642314091435185,"(np.float64(144.0), np.float64(144.0), np.float64(146.0))",5650,"(np.float64(1.4277777777777778), np.float64(1.3611111111111112), np.float64(1.2801369863013699))",False,11710,0,17.491910856302862,1047,training_set\images\image_01047.jpg,7038,127.0,2.39690402743394,PASS
5.007535042658613,True,0.5642314091435185,"(np.float64(144.0), np.float64(143.0), np.float64(143.0))",5650,"(np.float64(1.4277777777777778), np.float64(1.3706293706293706), np.float64(1.3069930069930071))",False,11710,0,22.037411426160876,1048,training_set\images\image_01048.jpg,7038,127.0,2.199655704027244,PASS
3.4753750193273487,True,0.5642314091435185,"(np.float64(142.0), np.float64(142.0), np.float64(142.0))",5650,"(np.float64(1.447887323943662), np.float64(1.380281690140845), np.float64(1.3161971830985917))",False,11710,0,5.9206181084810225,1049,training_set\images\image_01049.jpg,7038,127.0,1.868413248948324,PASS
4.1093047283048705,True,0.5642314091435185,"(np.float64(144.0), np.float64(143.0), np.float64(142.0))",5650,"(np.float64(1.4277777777777778), np.float64(1.3706293706293706), np.float64(1.3161971830985917))",False,11710,0,9.664480550492112,1050,training_set\images\image_01050.jpg,7038,127.0,1.5113203454654784,PASS
8.476118898128014,True,0.6222890142746914,"(np.float64(138.0), np.float64(140.0), np.float64(142.0))",12800,"(np.float64(1.489855072463768), np.float64(1.4), np.float64(1.3161971830985917))",False,12878,4,29.290500922883925,1055,training_set\images\image_01055.jpg,6038,128.0,2.2588548393535066,PASS
9.143901307823329,True,0.6222890142746914,"(np.float64(139.0), np.float64(140.0), np.float64(141.0))",12800,"(np.float64(1.4791366906474819), np.float64(1.4), np.float64(1.325531914893617))",False,12878,1,25.39826768785728,1056,training_set\images\image_01056.jpg,6038,128.0,2.2007361037429805,PASS
8.510976687540799,True,0.6222890142746914,"(np.float64(140.0), np.float64(141.0), np.float64(144.0))",12800,"(np.float64(1.4685714285714286), np.float64(1.3900709219858156), np.float64(1.2979166666666666))",False,12878,3,27.603378199368013,1057,training_set\images\image_01057.jpg,6038,128.0,2.562835053485811,PASS
10.219087041933335,True,0.6222890142746914,"(np.float64(140.0), np.float64(142.0), np.float64(144.0))",12800,"(np.float64(1.4685714285714286), np.float64(1.380281690140845), np.float64(1.2979166666666666))",False,12878,2,29.604391452527643,1058,training_set\images\image_01058.jpg,6038,128.0,2.597226154339022,PASS
8.934907420818313,True,0.6222890142746914,"(np.float64(138.0), np.float64(139.0), np.float64(142.0))",12800,"(np.float64(1.489855072463768), np.float64(1.410071942446043), np.float64(1.3161971830985917))",False,12878,1,26.484236157577893,1059,training_set\images\image_01059.jpg,6038,128.0,1.7102325180715967,PASS
9.433569780336228,True,0.6222890142746914,"(np.float64(139.5), np.float64(140.0), np.float64(141.0))",12800,"(np.float64(1.4738351254480286), np.float64(1.4), np.float64(1.325531914893617))",False,12878,3,30.082196656944138,1060,training_set\images\image_01060.jpg,6038,128.0,1.6197236499482028,PASS
9.294043219588072,True,0.6222890142746914,"(np.float64(142.0), np.float64(136.0), np.float64(134.0))",12800,"(np.float64(1.447887323943662), np.float64(1.4411764705882353), np.float64(1.394776119402985))",False,12878,1,27.788290573195393,1061,training_set\images\image_01061.jpg,6038,128.0,9.073783875880467,FAIL
5.332016589941868,True,0.6222890142746914,"(np.float64(132.0), np.float64(139.0), np.float64(142.0))",12800,"(np.float64(1.5575757575757576), np.float64(1.410071942446043), np.float64(1.3161971830985917))",False,12878,0,12.795800125945908,1062,training_set\images\image_01062.jpg,6038,128.0,3.788171957882882,FAIL
9.415212283787518,True,0.6222890142746914,"(np.float64(135.0), np.float64(140.0), np.float64(148.5))",12800,"(np.float64(1.5229629629629629), np.float64(1.4), np.float64(1.2585858585858587))",False,12878,2,32.31272617853677,1063,training_set\images\image_01063.jpg,6038,128.0,1.9192697194893544,PASS
5.960688032830592,True,0.6222890142746914,"(np.float64(144.0), np.float64(145.0), np.float64(146.0))",12800,"(np.float64(1.4277777777777778), np.float64(1.3517241379310345), np.float64(1.2801369863013699))",False,12878,0,17.067360083207625,1064,training_set\images\image_01064.jpg,6038,128.0,2.309736544700732,PASS
8.357751167673513,True,0.6222890142746914,"(np.float64(143.0), np.float64(143.0), np.float64(144.0))",12800,"(np.float64(1.4377622377622377), np.float64(1.3706293706293706), np.float64(1.2979166666666666))",False,12878,2,27.263835273743485,1065,training_set\images\image_01065.jpg,6038,128.0,1.81515082603122,PASS
10.99538192777682,True,0.6222890142746914,"(np.float64(141.0), np.float64(141.0), np.float64(143.0))",12800,"(np.float64(1.4581560283687942), np.float64(1.3900709219858156), np.float64(1.3069930069930071))",False,12878,3,30.57820619544464,1066,training_set\images\image_01066.jpg,6038,128.0,4.296904673634633,PASS
10.609864729268667,True,0.6222890142746914,"(np.float64(139.0), np.float64(140.0), np.float64(143.0))",12800,"(np.float64(1.4791366906474819), np.float64(1.4), np.float64(1.3069930069930071))",False,12878,2,32.18869285521602,1067,training_set\images\image_01067.jpg,6038,128.0,1.559993642094568,PASS
10.900480758482528,True,0.6222890142746914,"(np.float64(138.0), np.float64(140.0), np.float64(142.0))",12800,"(np.float64(1.489855072463768), np.float64(1.4), np.float64(1.3161971830985917))",False,12878,2,30.04953208649857,1068,training_set\images\image_01068.jpg,6038,128.0,1.6409789320566937,PASS
9.936111536306337,True,0.6222890142746914,"(np.float64(138.5), np.float64(140.0), np.float64(142.0))",12800,"(np.float64(1.4844765342960289), np.float64(1.4), np.float64(1.3161971830985917))",False,12878,1,27.38327881892067,1069,training_set\images\image_01069.jpg,6038,128.0,1.245005646659648,PASS
10.052994198091762,True,0.6222890142746914,"(np.float64(139.5), np.float64(142.0), np.float64(145.0))",12800,"(np.float64(1.4738351254480286), np.float64(1.380281690140845), np.float64(1.2889655172413794))",False,12878,2,30.440196599824837,1070,training_set\images\image_01070.jpg,6038,128.0,1.3545250770845143,PASS
10.706045701827861,True,0.6222890142746914,"(np.float64(141.0), np.float64(141.0), np.float64(142.0))",12800,"(np.float64(1.4581560283687942), np.float64(1.3900709219858156), np.float64(1.3161971830985917))",False,12878,3,30.510658445925518,1071,training_set\images\image_01071.jpg,6038,128.0,2.0830851646911146,PASS
9.424010512934698,True,0.6222890142746914,"(np.float64(140.0), np.float64(140.0), np.float64(142.0))",12800,"(np.float64(1.4685714285714286), np.float64(1.4), np.float64(1.3161971830985917))",False,12878,2,28.379003675953093,1072,training_set\images\image_01072.jpg,6038,128.0,2.1581643139745164,PASS
8.163555361640157,True,0.6222890142746914,"(np.float64(141.0), np.float64(142.0), np.float64(145.0))",12800,"(np.float64(1.4581560283687942), np.float64(1.380281690140845), np.float64(1.2889655172413794))",False,12878,1,25.169096976270332,1073,training_set\images\image_01073.jpg,6038,128.0,7.763449990496534,PASS
9.862991242637225,True,0.6222890142746914,"(np.float64(137.0), np.float64(137.0), np.float64(140.0))",12800,"(np.float64(1.5007299270072991), np.float64(1.4306569343065694), np.float64(1.335))",False,12878,0,24.82794192429815,1074,training_set\images\image_01074.jpg,6038,128.0,1.4229778317354052,PASS
5.053442611347098,True,0.6222890142746914,"(np.float64(137.0), np.float64(139.0), np.float64(141.0))",12800,"(np.float64(1.5007299270072991), np.float64(1.410071942446043), np.float64(1.325531914893617))",False,12878,0,14.917462800539228,1075,training_set\images\image_01075.jpg,6038,128.0,1.537197478867694,PASS
9.613430735780199,True,0.6222890142746914,"(np.float64(139.0), np.float64(139.5), np.float64(141.0))",12800,"(np.float64(1.4791366906474819), np.float64(1.4050179211469533), np.float64(1.325531914893617))",False,12878,0,24.152897428803204,1076,training_set\images\image_01076.jpg,6038,128.0,1.835922698498355,PASS
5.941921521918608,True,0.6222890142746914,"(np.float64(136.5), np.float64(137.5), np.float64(139.5))",12800,"(np.float64(1.5062271062271062), np.float64(1.4254545454545455), np.float64(1.3397849462365592))",False,12878,0,23.184693447575025,1077,training_set\images\image_01077.jpg,6038,128.0,1.9595869364975065,PASS
5.741652327367825,True,0.6222890142746914,"(np.float64(138.0), np.float64(139.0), np.float64(141.0))",12800,"(np.float64(1.489855072463768), np.float64(1.410071942446043), np.float64(1.325531914893617))",False,12878,0,22.598688156778348,1078,training_set\images\image_01078.jpg,6038,128.0,2.667440997308008,PASS
8.839543809063557,True,0.6222890142746914,"(np.float64(138.5), np.float64(138.5), np.float64(141.0))",12800,"(np.float64(1.4844765342960289), np.float64(1.4151624548736461), np.float64(1.325531914893617))",False,12878,1,25.66074189318845,1079,training_set\images\image_01079.jpg,6038,128.0,1.9661988387873248,PASS
8.25729065136909,True,0.6222890142746914,"(np.float64(136.0), np.float64(138.0), np.float64(140.0))",12800,"(np.float64(1.511764705882353), np.float64(1.4202898550724639), np.float64(1.335))",False,12878,0,24.50839260032149,1080,training_set\images\image_01080.jpg,6038,128.0,2.056398978882205,PASS
5.7641380591029225,True,0.6222890142746914,"(np.float64(136.0), np.float64(137.5), np.float64(140.0))",12800,"(np.float64(1.511764705882353), np.float64(1.4254545454545455), np.float64(1.335))",False,12878,0,19.09609061764452,1081,training_set\images\image_01081.jpg,6038,128.0,2.316711141253679,PASS
9.222229520832748,True,0.6222890142746914,"(np.float64(137.0), np.float64(138.0), np.float64(139.5))",12800,"(np.float64(1.5007299270072991), np.float64(1.4202898550724639), np.float64(1.3397849462365592))",False,12878,2,30.118673851662646,1082,training_set\images\image_01082.jpg,6038,128.0,1.5810181968085202,PASS
9.636172631075935,True,0.6222890142746914,"(np.float64(138.0), np.float64(140.0), np.float64(141.0))",12800,"(np.float64(1.489855072463768), np.float64(1.4), np.float64(1.325531914893617))",False,12878,0,24.3599421486654,1083,training_set\images\image_01083.jpg,6038,128.0,2.0624160242780136,PASS
7.147435965837837,True,0.6222890142746914,"(np.float64(136.0), np.float64(137.0), np.float64(140.0))",12800,"(np.float64(1.511764705882353), np.float64(1.4306569343065694), np.float64(1.335))",False,12878,0,20.685811994620188,1084,training_set\images\image_01084.jpg,6038,128.0,1.928172210851408,PASS
10.275993198413138,True,0.6222890142746914,"(np.float64(136.0), np.float64(137.0), np.float64(139.0))",12800,"(np.float64(1.511764705882353), np.float64(1.4306569343065694), np.float64(1.3446043165467627))",False,12878,2,32.04946387875645,1085,training_set\images\image_01085.jpg,6038,128.0,1.7052559705974593,PASS
8.39906214927948,True,0.6222890142746914,"(np.float64(137.0), np.float64(138.5), np.float64(140.0))",12800,"(np.float64(1.5007299270072991), np.float64(1.4151624548736461), np.float64(1.335))",False,12878,0,23.642883361653748,1086,training_set\images\image_01086.jpg,6038,128.0,2.281339491487661,PASS
10.27455597795407,True,0.6222890142746914,"(np.float64(137.0), np.float64(138.5), np.float64(141.0))",12800,"(np.float64(1.5007299270072991), np.float64(1.4151624548736461), np.float64(1.325531914893617))",False,12878,2,30.13249316840479,1087,training_set\images\image_01087.jpg,6038,128.0,2.1797770337782008,PASS
2.3249118481097906,True,0.5642314091435185,"(np.float64(147.0), np.float64(148.0), np.float64(151.0))",5650,"(np.float64(1.398639455782313), np.float64(1.3243243243243243), np.float64(1.237748344370861))",False,11710,0,13.951975814474805,1089,training_set\images\image_01089.jpg,7038,129.0,1.457126492231945,PASS
4.43676842002343,True,0.5642314091435185,"(np.float64(145.0), np.float64(146.0), np.float64(149.0))",5650,"(np.float64(1.4179310344827585), np.float64(1.3424657534246576), np.float64(1.2543624161073825))",False,11710,0,14.324369079657144,1090,training_set\images\image_01090.jpg,7038,129.0,0.7975160174418199,PASS
2.479004915588102,True,0.5642314091435185,"(np.float64(146.0), np.float64(147.0), np.float64(150.0))",5650,"(np.float64(1.4082191780821918), np.float64(1.3333333333333333), np.float64(1.246))",False,11710,0,9.723200487318739,1091,training_set\images\image_01091.jpg,7038,129.0,0.8067421589829609,PASS
7.383005170732363,True,0.5642314091435185,"(np.float64(148.0), np.float64(149.0), np.float64(151.0))",5650,"(np.float64(1.3891891891891892), np.float64(1.3154362416107384), np.float64(1.237748344370861))",False,11710,1,25.290081255082605,1092,training_set\images\image_01092.jpg,7038,129.0,1.0946980795328007,PASS
2.3052022477050422,True,0.5642314091435185,"(np.float64(148.0), np.float64(149.0), np.float64(152.0))",5650,"(np.float64(1.3891891891891892), np.float64(1.3154362416107384), np.float64(1.2296052631578949))",False,11710,0,9.412945733318821,1093,training_set\images\image_01093.jpg,7038,129.0,1.7848658983646704,PASS
4.928663937491552,True,0.5642314091435185,"(np.float64(148.0), np.float64(149.0), np.float64(152.0))",5650,"(np.float64(1.3891891891891892), np.float64(1.3154362416107384), np.float64(1.2296052631578949))",False,11710,0,18.98732302250897,1094,training_set\images\image_01094.jpg,7038,129.0,3.3914490810941555,PASS
2.5421289299966228,True,0.5642314091435185,"(np.float64(148.0), np.float64(148.0), np.float64(152.0))",5650,"(np.float64(1.3891891891891892), np.float64(1.3243243243243243), np.float64(1.2296052631578949))",False,11710,0,15.413915302917369,1095,training_set\images\image_01095.jpg,7038,129.0,1.9304651246773696,PASS
2.2672219418859942,True,0.5642314091435185,"(np.float64(147.0), np.float64(148.0), np.float64(151.0))",5650,"(np.float64(1.398639455782313), np.float64(1.3243243243243243), np.float64(1.237748344370861))",False,11710,0,8.149426482531732,1096,training_set\images\image_01096.jpg,7038,129.0,8.12381778278163,PASS
2.960666614634821,True,0.5642314091435185,"(np.float64(147.0), np.float64(149.0), np.float64(152.0))",5650,"(np.float64(1.398639455782313), np.float64(1.3154362416107384), np.float64(1.2296052631578949))",False,11710,0,10.237702575547285,1097,training_set\images\image_01097.jpg,7038,129.0,3.5176111248737145,PASS
2.1167957164476525,True,0.5642314091435185,"(np.float64(149.0), np.float64(150.0), np.float64(154.0))",5650,"(np.float64(1.3798657718120806), np.float64(1.3066666666666666), np.float64(1.2136363636363636))",False,11710,0,8.966380002690135,1098,training_set\images\image_01098.jpg,7038,129.0,1.852743352694581,PASS
6.28478169342679,True,0.5642314091435185,"(np.float64(148.0), np.float64(149.0), np.float64(152.0))",5650,"(np.float64(1.3891891891891892), np.float64(1.3154362416107384), np.float64(1.2296052631578949))",False,11710,4,26.36979570549031,1099,training_set\images\image_01099.jpg,7038,129.0,1.618839122806146,PASS
6.712783227875238,True,0.5642314091435185,"(np.float64(149.0), np.float64(150.0), np.float64(154.0))",5650,"(np.float64(1.3798657718120806), np.float64(1.3066666666666666), np.float64(1.2136363636363636))",False,11710,1,25.55307201542723,1100,training_set\images\image_01100.jpg,7038,129.0,1.648414831888831,PASS
6.1397769709472145,True,0.5642314091435185,"(np.float64(149.0), np.float64(150.0), np.float64(153.0))",5650,"(np.float64(1.3798657718120806), np.float64(1.3066666666666666), np.float64(1.2215686274509805))",False,11710,0,20.682100956909224,1101,training_set\images\image_01101.jpg,7038,129.0,1.44449327053305,PASS
4.322799708216512,True,0.5642314091435185,"(np.float64(148.0), np.float64(148.0), np.float64(152.0))",5650,"(np.float64(1.3891891891891892), np.float64(1.3243243243243243), np.float64(1.2296052631578949))",False,11710,0,14.768337391835326,1102,training_set\images\image_01102.jpg,7038,129.0,2.519793599156486,PASS
2.666344340577467,True,0.5642314091435185,"(np.float64(147.0), np.float64(147.0), np.float64(151.0))",5650,"(np.float64(1.398639455782313), np.float64(1.3333333333333333), np.float64(1.237748344370861))",False,11710,0,8.26865463281682,1103,training_set\images\image_01103.jpg,7038,129.0,3.0898401656186008,PASS
2.4749754128614465,True,0.5642314091435185,"(np.float64(148.0), np.float64(149.0), np.float64(152.0))",5650,"(np.float64(1.3891891891891892), np.float64(1.3154362416107384), np.float64(1.2296052631578949))",False,11710,0,8.745290174525744,1104,training_set\images\image_01104.jpg,7038,129.0,4.401280675891719,PASS
2.246553695642127,True,0.5642314091435185,"(np.float64(150.0), np.float64(151.0), np.float64(154.0))",5650,"(np.float64(1.3706666666666667), np.float64(1.2980132450331126), np.float64(1.2136363636363636))",False,11710,0,9.396880065158895,1105,training_set\images\image_01105.jpg,7038,129.0,4.75233390960713,PASS
2.4191631937802556,True,0.5642314091435185,"(np.float64(149.0), np.float64(150.0), np.float64(153.0))",5650,"(np.float64(1.3798657718120806), np.float64(1.3066666666666666), np.float64(1.2215686274509805))",False,11710,0,9.753962957328266,1106,training_set\images\image_01106.jpg,7038,129.0,1.9381830150395152,PASS
6.690591456850743,True,0.5642314091435185,"(np.float64(147.0), np.float64(147.0), np.float64(151.0))",5650,"(np.float64(1.398639455782313), np.float64(1.3333333333333333), np.float64(1.237748344370861))",False,11710,4,29.201987958425853,1107,training_set\images\image_01107.jpg,7038,129.0,1.824782600276648,PASS
3.8577991894549353,True,0.5642314091435185,"(np.float64(146.0), np.float64(147.0), np.float64(150.0))",5650,"(np.float64(1.4082191780821918), np.float64(1.3333333333333333), np.float64(1.246))",False,11710,0,11.685698245470192,1108,training_set\images\image_01108.jpg,7038,129.0,2.583000996767595,PASS
2.2865725634499627,True,0.5642314091435185,"(np.float64(147.0), np.float64(148.0), np.float64(151.0))",5650,"(np.float64(1.398639455782313), np.float64(1.3243243243243243), np.float64(1.237748344370861))",False,11710,0,9.287209781400966,1109,training_set\images\image_01109.jpg,7038,129.0,1.5347909844101415,PASS
2.390412722434858,True,0.5642314091435185,"(np.float64(146.0), np.float64(147.0), np.float64(149.0))",5650,"(np.float64(1.4082191780821918), np.float64(1.3333333333333333), np.float64(1.2543624161073825))",False,11710,0,8.71367692321177,1110,training_set\images\image_01110.jpg,7038,129.0,1.7049434439613211,PASS
6.52358570448391,True,0.5642314091435185,"(np.float64(148.0), np.float64(149.0), np.float64(152.0))",5650,"(np.float64(1.3891891891891892), np.float64(1.3154362416107384), np.float64(1.2296052631578949))",False,11710,1,25.719001253431124,1111,training_set\images\image_01111.jpg,7038,129.0,2.422686496026732,PASS
6.386074721623815,True,0.5642314091435185,"(np.float64(148.0), np.float64(149.0), np.float64(152.0))",5650,"(np.float64(1.3891891891891892), np.float64(1.3154362416107384), np.float64(1.2296052631578949))",False,11710,0,21.872746650436433,1112,training_set\images\image_01112.jpg,7038,129.0,1.8604766704139328,PASS
5.928548644541318,True,0.5642314091435185,"(np.float64(147.0), np.float64(148.0), np.float64(150.0))",5650,"(np.float64(1.398639455782313), np.float64(1.3243243243243243), np.float64(1.246))",False,11710,0,21.948649312298134,1113,training_set\images\image_01113.jpg,7038,129.0,5.5447908702481286,PASS
7.978061221192143,True,0.5642314091435185,"(np.float64(146.0), np.float64(147.0), np.float64(150.0))",5650,"(np.float64(1.4082191780821918), np.float64(1.3333333333333333), np.float64(1.246))",False,11710,9,36.26927612846527,1114,training_set\images\image_01114.jpg,7038,129.0,2.1214959353999947,PASS
3.3930804763223636,True,0.5642314091435185,"(np.float64(148.0), np.float64(150.0), np.float64(153.0))",5650,"(np.float64(1.3891891891891892), np.float64(1.3066666666666666), np.float64(1.2215686274509805))",False,11710,0,10.733515272276874,1115,training_set\images\image_01115.jpg,7038,129.0,2.137251401765887,PASS
2.448987372799511,True,0.5642314091435185,"(np.float64(150.0), np.float64(152.0), np.float64(155.0))",5650,"(np.float64(1.3706666666666667), np.float64(1.2894736842105263), np.float64(1.2058064516129032))",False,11710,0,9.120635018259756,1116,training_set\images\image_01116.jpg,7038,129.0,6.133121548147408,PASS
4.210442724383976,True,0.5642314091435185,"(np.float64(147.0), np.float64(148.0), np.float64(151.0))",5650,"(np.float64(1.398639455782313), np.float64(1.3243243243243243), np.float64(1.237748344370861))",False,11710,0,15.447525488031575,1117,training_set\images\image_01117.jpg,7038,129.0,2.146219161667549,PASS
3.645552248265454,True,0.5642314091435185,"(np.float64(147.0), np.float64(148.0), np.float64(151.0))",5650,"(np.float64(1.398639455782313), np.float64(1.3243243243243243), np.float64(1.237748344370861))",False,11710,0,13.677510134794272,1118,training_set\images\image_01118.jpg,7038,129.0,2.7953977168759483,PASS
3.5904958449934727,True,0.5642314091435185,"(np.float64(148.0), np.float64(148.0), np.float64(151.0))",5650,"(np.float64(1.3891891891891892), np.float64(1.3243243243243243), np.float64(1.237748344370861))",False,11710,0,14.096439678236337,1119,training_set\images\image_01119.jpg,7038,129.0,4.457703800189409,PASS
3.286552166904858,True,0.5642314091435185,"(np.float64(145.0), np.float64(146.0), np.float64(149.0))",5650,"(np.float64(1.4179310344827585), np.float64(1.3424657534246576), np.float64(1.2543624161073825))",False,11710,0,9.684074203733143,1120,training_set\images\image_01120.jpg,7038,129.0,1.2629188656954753,PASS
6.294666826232634,True,0.5642314091435185,"(np.float64(144.0), np.float64(145.0), np.float64(148.0))",5650,"(np.float64(1.4277777777777778), np.float64(1.3517241379310345), np.float64(1.262837837837838))",False,11710,0,19.124741397989723,1121,training_set\images\image_01121.jpg,7038,129.0,1.84141427492745,PASS
9.450756984959966,True,0.5642314091435185,"(np.float64(144.0), np.float64(145.0), np.float64(147.0))",5650,"(np.float64(1.4277777777777778), np.float64(1.3517241379310345), np.float64(1.2714285714285716))",False,11710,9,36.04208263875711,1122,training_set\images\image_01122.jpg,7038,129.0,2.049756559483808,PASS
6.907677251815753,True,0.6222890142746914,"(np.float64(143.0), np.float64(144.0), np.float64(159.0))",12800,"(np.float64(1.4377622377622377), np.float64(1.3611111111111112), np.float64(1.1754716981132076))",False,12878,0,24.09601108078658,1126,training_set\images\image_01126.jpg,6038,130.0,2.704595093032573,PASS
4.186099154033035,True,0.6222890142746914,"(np.float64(147.0), np.float64(149.0), np.float64(150.0))",12800,"(np.float64(1.398639455782313), np.float64(1.3154362416107384), np.float64(1.246))",False,12878,0,13.99606401238883,1127,training_set\images\image_01127.jpg,6038,130.0,3.812058046279116,PASS
7.978491993129925,True,0.6222890142746914,"(np.float64(147.0), np.float64(148.0), np.float64(149.0))",12800,"(np.float64(1.398639455782313), np.float64(1.3243243243243243), np.float64(1.2543624161073825))",False,12878,0,18.973532962963315,1128,training_set\images\image_01128.jpg,6038,130.0,1.8876671926127249,PASS
12.896141830993717,True,0.6222890142746914,"(np.float64(146.0), np.float64(147.0), np.float64(149.0))",12800,"(np.float64(1.4082191780821918), np.float64(1.3333333333333333), np.float64(1.2543624161073825))",False,12878,28,40.3268803464555,1129,training_set\images\image_01129.jpg,6038,130.0,1.838871671076857,PASS
5.054993498793132,True,0.6222890142746914,"(np.float64(146.0), np.float64(147.0), np.float64(150.0))",12800,"(np.float64(1.4082191780821918), np.float64(1.3333333333333333), np.float64(1.246))",False,12878,0,23.82794783249098,1130,training_set\images\image_01130.jpg,6038,130.0,3.103965991816918,PASS
13.210636742863915,True,0.6222890142746914,"(np.float64(148.0), np.float64(150.0), np.float64(151.0))",12800,"(np.float64(1.3891891891891892), np.float64(1.3066666666666666), np.float64(1.237748344370861))",False,12878,35,38.29466983272262,1131,training_set\images\image_01131.jpg,6038,130.0,2.0100922771673693,PASS
4.738182907584948,True,0.6222890142746914,"(np.float64(148.0), np.float64(150.0), np.float64(151.0))",12800,"(np.float64(1.3891891891891892), np.float64(1.3066666666666666), np.float64(1.237748344370861))",False,12878,0,14.065581276740492,1132,training_set\images\image_01132.jpg,6038,130.0,1.578926104597248,PASS
12.758064502927601,True,0.6222890142746914,"(np.float64(147.0), np.float64(148.0), np.float64(150.0))",12800,"(np.float64(1.398639455782313), np.float64(1.3243243243243243), np.float64(1.246))",False,12878,33,39.41570177686697,1133,training_set\images\image_01133.jpg,6038,130.0,1.7299439951070856,PASS
5.989348212588834,True,0.6222890142746914,"(np.float64(147.0), np.float64(149.0), np.float64(151.0))",12800,"(np.float64(1.398639455782313), np.float64(1.3154362416107384), np.float64(1.237748344370861))",False,12878,10,39.6091454031857,1134,training_set\images\image_01134.jpg,6038,130.0,2.408455146586678,PASS
6.958265023041015,True,0.6222890142746914,"(np.float64(148.0), np.float64(149.0), np.float64(152.0))",12800,"(np.float64(1.3891891891891892), np.float64(1.3154362416107384), np.float64(1.2296052631578949))",False,12878,0,22.06542075027271,1135,training_set\images\image_01135.jpg,6038,130.0,1.8229395898476068,PASS
12.838133094149711,True,0.6222890142746914,"(np.float64(149.0), np.float64(149.0), np.float64(152.0))",12800,"(np.float64(1.3798657718120806), np.float64(1.3154362416107384), np.float64(1.2296052631578949))",False,12878,40,37.78338713499024,1136,training_set\images\image_01136.jpg,6038,130.0,2.017433475181366,PASS
5.4335940434276795,True,0.6222890142746914,"(np.float64(147.0), np.float64(148.0), np.float64(151.0))",12800,"(np.float64(1.398639455782313), np.float64(1.3243243243243243), np.float64(1.237748344370861))",False,12878,0,16.416737965688387,1137,training_set\images\image_01137.jpg,6038,130.0,2.211757097632621,PASS
8.150801609160663,True,0.6222890142746914,"(np.float64(146.0), np.float64(148.0), np.float64(151.0))",12800,"(np.float64(1.4082191780821918), np.float64(1.3243243243243243), np.float64(1.237748344370861))",False,12878,1,28.931193711021137,1138,training_set\images\image_01138.jpg,6038,130.0,2.567816586743444,PASS
6.490266938926085,True,0.6222890142746914,"(np.float64(147.0), np.float64(148.0), np.float64(149.0))",12800,"(np.float64(1.398639455782313), np.float64(1.3243243243243243), np.float64(1.2543624161073825))",False,12878,0,20.76321177610961,1139,training_set\images\image_01139.jpg,6038,130.0,2.1701716924644727,PASS
10.927282320819854,True,0.6222890142746914,"(np.float64(146.0), np.float64(147.0), np.float64(149.0))",12800,"(np.float64(1.4082191780821918), np.float64(1.3333333333333333), np.float64(1.2543624161073825))",False,12878,4,31.633185266835554,1140,training_set\images\image_01140.jpg,6038,130.0,1.5290918979240644,PASS
5.736169714535479,True,0.6222890142746914,"(np.float64(146.0), np.float64(147.0), np.float64(149.0))",12800,"(np.float64(1.4082191780821918), np.float64(1.3333333333333333), np.float64(1.2543624161073825))",False,12878,0,11.926251431316077,1141,training_set\images\image_01141.jpg,6038,130.0,2.314229290888936,PASS
9.230224866019292,True,0.6222890142746914,"(np.float64(148.0), np.float64(149.0), np.float64(151.0))",12800,"(np.float64(1.3891891891891892), np.float64(1.3154362416107384), np.float64(1.237748344370861))",False,12878,2,27.214770089435444,1142,training_set\images\image_01142.jpg,6038,130.0,5.807307056451768,PASS
11.75916367299635,True,0.6222890142746914,"(np.float64(147.0), np.float64(148.0), np.float64(150.0))",12800,"(np.float64(1.398639455782313), np.float64(1.3243243243243243), np.float64(1.246))",False,12878,11,32.62985417128466,1143,training_set\images\image_01143.jpg,6038,130.0,2.803112106109456,PASS
6.044626803647376,True,0.6222890142746914,"(np.float64(148.0), np.float64(145.0), np.float64(146.0))",12800,"(np.float64(1.3891891891891892), np.float64(1.3517241379310345), np.float64(1.2801369863013699))",False,12878,0,12.87642226928125,1144,training_set\images\image_01144.jpg,6038,130.0,2.3203649939289708,PASS
5.042892317547929,True,0.6222890142746914,"(np.float64(140.0), np.float64(141.0), np.float64(144.0))",12800,"(np.float64(1.4685714285714286), np.float64(1.3900709219858156), np.float64(1.2979166666666666))",False,12878,0,12.660768047753525,1145,training_set\images\image_01145.jpg,6038,130.0,4.339250493321476,PASS
6.007105869926666,True,0.6222890142746914,"(np.float64(143.0), np.float64(144.0), np.float64(146.0))",12800,"(np.float64(1.4377622377622377), np.float64(1.3611111111111112), np.float64(1.2801369863013699))",False,12878,0,19.725809424716967,1146,training_set\images\image_01146.jpg,6038,130.0,2.126320254311999,PASS
9.14310223290019,True,0.6222890142746914,"(np.float64(141.0), np.float64(145.0), np.float64(149.5))",12800,"(np.float64(1.4581560283687942), np.float64(1.3517241379310345), np.float64(1.2501672240802677))",False,12878,3,27.050634050013443,1147,training_set\images\image_01147.jpg,6038,130.0,2.680952695024608,PASS
11.100066854277976,True,0.4214867862654321,"(np.float64(145.0), np.float64(146.0), np.float64(148.0))",12800,"(np.float64(1.4179310344827585), np.float64(1.3424657534246576), np.float64(1.262837837837838))",False,8755,14,36.96380840708429,1148,training_set\images\image_01148.jpg,6024,130.0,2.193747418914808,PASS
11.906364991279068,True,0.4214867862654321,"(np.float64(144.0), np.float64(145.0), np.float64(148.0))",12800,"(np.float64(1.4277777777777778), np.float64(1.3517241379310345), np.float64(1.262837837837838))",False,8755,0,21.91644025293053,1149,training_set\images\image_01149.jpg,6024,130.0,2.180761329642509,PASS
11.560700715775294,True,0.4214867862654321,"(np.float64(146.0), np.float64(147.0), np.float64(149.0))",12800,"(np.float64(1.4082191780821918), np.float64(1.3333333333333333), np.float64(1.2543624161073825))",False,8755,0,24.778555088909638,1150,training_set\images\image_01150.jpg,6024,130.0,2.078311485646445,PASS
11.496435133633454,True,0.4214867862654321,"(np.float64(143.0), np.float64(145.0), np.float64(148.0))",12800,"(np.float64(1.4377622377622377), np.float64(1.3517241379310345), np.float64(1.262837837837838))",False,8755,0,21.076804188825015,1151,training_set\images\image_01151.jpg,6024,130.0,2.1260810944662527,PASS
12.869939483615786,True,0.4214867862654321,"(np.float64(147.0), np.float64(136.0), np.float64(129.0))",12800,"(np.float64(1.398639455782313), np.float64(1.4411764705882353), np.float64(1.4488372093023256))",False,8755,8,31.739812242266236,1152,training_set\images\image_01152.jpg,6024,130.0,6.574978829695982,PASS
8.953938725795698,True,0.4214867862654321,"(np.float64(135.0), np.float64(134.0), np.float64(135.0))",12800,"(np.float64(1.5229629629629629), np.float64(1.462686567164179), np.float64(1.3844444444444446))",False,8755,7,31.194019732181587,1153,training_set\images\image_01153.jpg,6024,130.0,8.573029628716577,PASS
10.309672898671318,True,0.4214867862654321,"(np.float64(137.0), np.float64(136.0), np.float64(137.0))",12800,"(np.float64(1.5007299270072991), np.float64(1.4411764705882353), np.float64(1.364233576642336))",False,8755,13,35.33911330781034,1162,training_set\images\image_01162.jpg,6024,130.0,8.752442574168764,PASS
11.466714362330025,True,0.4214867862654321,"(np.float64(133.0), np.float64(133.0), np.float64(134.0))",12800,"(np.float64(1.5458646616541354), np.float64(1.4736842105263157), np.float64(1.394776119402985))",False,8755,21,40.338128278788524,1163,training_set\images\image_01163.jpg,6024,130.0,4.933654800070866,PASS
12.069902109000282,True,0.4214867862654321,"(np.float64(136.5), np.float64(136.0), np.float64(137.0))",12800,"(np.float64(1.5062271062271062), np.float64(1.4411764705882353), np.float64(1.364233576642336))",False,8755,25,41.08733708082391,1164,training_set\images\image_01164.jpg,6024,130.0,3.538232832326527,PASS
11.31530259854536,True,0.4214867862654321,"(np.float64(137.0), np.float64(146.0), np.float64(155.0))",12800,"(np.float64(1.5007299270072991), np.float64(1.3424657534246576), np.float64(1.2058064516129032))",False,8755,1,27.59986023808148,1165,training_set\images\image_01165.jpg,6024,130.0,1.435570314411614,PASS
10.806424973635009,True,0.4214867862654321,"(np.float64(145.0), np.float64(147.0), np.float64(150.0))",12800,"(np.float64(1.4179310344827585), np.float64(1.3333333333333333), np.float64(1.246))",False,8755,0,13.636064171963772,1166,training_set\images\image_01166.jpg,6024,130.0,1.5752384129050945,PASS
6.8720844656211515,True,0.4214867862654321,"(np.float64(145.0), np.float64(146.0), np.float64(148.0))",12800,"(np.float64(1.4179310344827585), np.float64(1.3424657534246576), np.float64(1.262837837837838))",False,8755,0,18.933222386684772,1167,training_set\images\image_01167.jpg,6024,130.0,1.56161822892356,PASS
6.30234868633742,True,0.4214867862654321,"(np.float64(145.0), np.float64(146.0), np.float64(148.0))",12800,"(np.float64(1.4179310344827585), np.float64(1.3424657534246576), np.float64(1.262837837837838))",False,8755,0,13.521099483268502,1168,training_set\images\image_01168.jpg,6024,130.0,1.857026791684519,PASS
4.27698739094349,True,0.4214867862654321,"(np.float64(145.0), np.float64(146.0), np.float64(148.5))",12800,"(np.float64(1.4179310344827585), np.float64(1.3424657534246576), np.float64(1.2585858585858587))",False,8755,0,5.789714296637163,1169,training_set\images\image_01169.jpg,6024,130.0,1.6290484052749756,PASS
12.358236287570818,True,0.4214867862654321,"(np.float64(149.0), np.float64(139.0), np.float64(131.0))",12800,"(np.float64(1.3798657718120806), np.float64(1.410071942446043), np.float64(1.4267175572519084))",False,8755,6,27.752916633303883,1170,training_set\images\image_01170.jpg,6024,130.0,6.035419635319158,PASS
10.699686166338234,True,0.4214867862654321,"(np.float64(177.0), np.float64(152.0), np.float64(117.0))",12800,"(np.float64(1.1615819209039548), np.float64(1.2894736842105263), np.float64(1.5974358974358975))",False,8755,16,34.15685233154674,1172,training_set\images\image_01172.jpg,6024,131.0,2.546267497018281,PASS
10.689965320216482,True,0.4214867862654321,"(np.float64(153.0), np.float64(161.0), np.float64(175.5))",12800,"(np.float64(1.3437908496732025), np.float64(1.2173913043478262), np.float64(1.064957264957265))",False,8755,7,28.066310309024157,1173,training_set\images\image_01173.jpg,6024,131.0,2.385903703495263,PASS
11.78015995766454,True,0.4214867862654321,"(np.float64(162.0), np.float64(162.0), np.float64(164.0))",12800,"(np.float64(1.2691358024691357), np.float64(1.2098765432098766), np.float64(1.1396341463414634))",False,8755,10,30.33629272258067,1174,training_set\images\image_01174.jpg,6024,131.0,2.311193473525719,PASS
7.595287247930434,True,0.4214867862654321,"(np.float64(161.0), np.float64(162.0), np.float64(163.0))",12800,"(np.float64(1.2770186335403726), np.float64(1.2098765432098766), np.float64(1.1466257668711657))",False,8755,0,19.793230778722275,1175,training_set\images\image_01175.jpg,6024,131.0,2.439126110753536,PASS
5.865005259253261,True,0.4214867862654321,"(np.float64(162.0), np.float64(164.0), np.float64(167.0))",12800,"(np.float64(1.2691358024691357), np.float64(1.1951219512195121), np.float64(1.1191616766467065))",False,8755,0,7.532547677664724,1176,training_set\images\image_01176.jpg,6024,131.0,2.276602393809112,PASS
11.00889195603726,True,0.4214867862654321,"(np.float64(161.0), np.float64(156.0), np.float64(151.0))",12800,"(np.float64(1.2770186335403726), np.float64(1.2564102564102564), np.float64(1.237748344370861))",False,8755,11,34.15840790980667,1177,training_set\images\image_01177.jpg,6024,131.0,2.5429207256939046,PASS
5.188771232551725,True,0.4214867862654321,"(np.float64(155.0), np.float64(155.0), np.float64(155.0))",12800,"(np.float64(1.3264516129032258), np.float64(1.264516129032258), np.float64(1.2058064516129032))",False,8755,0,11.152646494132037,1178,training_set\images\image_01178.jpg,6024,131.0,1.9700522844246395,PASS
7.687170295275646,True,0.4214867862654321,"(np.float64(154.0), np.float64(154.0), np.float64(155.0))",12800,"(np.float64(1.335064935064935), np.float64(1.2727272727272727), np.float64(1.2058064516129032))",False,8755,6,28.335481310335375,1179,training_set\images\image_01179.jpg,6024,131.0,2.29829034002152,PASS
10.922953236523597,True,0.4214867862654321,"(np.float64(156.0), np.float64(156.0), np.float64(158.0))",12800,"(np.float64(1.317948717948718), np.float64(1.2564102564102564), np.float64(1.1829113924050634))",False,8755,10,29.695091570939297,1180,training_set\images\image_01180.jpg,6024,131.0,2.623236586891153,PASS
5.4893695365647455,True,0.4214867862654321,"(np.float64(155.0), np.float64(155.0), np.float64(157.0))",12800,"(np.float64(1.3264516129032258), np.float64(1.264516129032258), np.float64(1.1904458598726115))",False,8755,0,12.701603276791124,1181,training_set\images\image_01181.jpg,6024,131.0,2.6439452933522225,PASS
11.57068377146142,True,0.4214867862654321,"(np.float64(155.0), np.float64(156.0), np.float64(160.0))",12800,"(np.float64(1.3264516129032258), np.float64(1.2564102564102564), np.float64(1.168125))",False,8755,9,29.850308429174298,1182,training_set\images\image_01182.jpg,6024,131.0,2.1450186069204,PASS
10.393760543040901,True,0.4214867862654321,"(np.float64(155.0), np.float64(155.0), np.float64(157.0))",12800,"(np.float64(1.3264516129032258), np.float64(1.264516129032258), np.float64(1.1904458598726115))",False,8755,10,33.74900680411644,1183,training_set\images\image_01183.jpg,6024,131.0,1.9356722847220864,PASS
8.94954477016637,True,0.6222890142746914,"(np.float64(158.0), np.float64(160.0), np.float64(167.0))",12800,"(np.float64(1.3012658227848102), np.float64(1.225), np.float64(1.1191616766467065))",False,12878,6,32.64177663336637,1184,training_set\images\image_01184.jpg,6038,131.0,1.9548022753433425,PASS
4.709263476906707,True,0.6222890142746914,"(np.float64(160.0), np.float64(161.0), np.float64(164.0))",12800,"(np.float64(1.285), np.float64(1.2173913043478262), np.float64(1.1396341463414634))",False,12878,0,13.24710685564136,1185,training_set\images\image_01185.jpg,6038,131.0,2.269168142089596,PASS
3.7001056398264547,True,0.6222890142746914,"(np.float64(158.5), np.float64(160.0), np.float64(163.0))",12800,"(np.float64(1.297160883280757), np.float64(1.225), np.float64(1.1466257668711657))",False,12878,0,7.3570415269836085,1186,training_set\images\image_01186.jpg,6038,131.0,2.131083948340828,PASS
3.701905848969139,True,0.6222890142746914,"(np.float64(159.0), np.float64(160.0), np.float64(163.0))",12800,"(np.float64(1.2930817610062892), np.float64(1.225), np.float64(1.1466257668711657))",False,12878,0,18.049746316562494,1187,training_set\images\image_01187.jpg,6038,131.0,1.9893156815321504,PASS
3.9685942782874717,True,0.6222890142746914,"(np.float64(160.0), np.float64(162.0), np.float64(167.0))",12800,"(np.float64(1.285), np.float64(1.2098765432098766), np.float64(1.1191616766467065))",False,12878,0,8.78589700517445,1188,training_set\images\image_01188.jpg,6038,131.0,2.060741152579356,PASS
6.755735386737904,True,0.6222890142746914,"(np.float64(162.0), np.float64(162.0), np.float64(162.0))",12800,"(np.float64(1.2691358024691357), np.float64(1.2098765432098766), np.float64(1.1537037037037037))",False,12878,1,28.040278768674394,1189,training_set\images\image_01189.jpg,6038,131.0,2.033749986672537,PASS
3.691887237260808,True,0.6222890142746914,"(np.float64(160.0), np.float64(163.0), np.float64(168.0))",12800,"(np.float64(1.285), np.float64(1.2024539877300613), np.float64(1.1125))",False,12878,0,8.128065076043129,1190,training_set\images\image_01190.jpg,6038,131.0,1.6770561041138812,PASS
5.39177239905113,True,0.6222890142746914,"(np.float64(163.0), np.float64(164.0), np.float64(167.0))",12800,"(np.float64(1.2613496932515338), np.float64(1.1951219512195121), np.float64(1.1191616766467065))",False,12878,0,23.9680312363305,1191,training_set\images\image_01191.jpg,6038,131.0,1.970618508935596,PASS
4.0901843009892405,True,0.6222890142746914,"(np.float64(161.5), np.float64(161.0), np.float64(162.0))",12800,"(np.float64(1.2730650154798762), np.float64(1.2173913043478262), np.float64(1.1537037037037037))",False,12878,0,19.09660377200612,1192,training_set\images\image_01192.jpg,6038,131.0,2.206351973784855,PASS
3.862240341258747,True,0.6222890142746914,"(np.float64(158.0), np.float64(159.0), np.float64(162.5))",12800,"(np.float64(1.3012658227848102), np.float64(1.2327044025157232), np.float64(1.150153846153846))",False,12878,0,12.521658763251722,1193,training_set\images\image_01193.jpg,6038,131.0,2.154779197998504,PASS
4.589925449976187,True,0.6222890142746914,"(np.float64(160.0), np.float64(160.0), np.float64(162.0))",12800,"(np.float64(1.285), np.float64(1.225), np.float64(1.1537037037037037))",False,12878,0,14.866330877643032,1194,training_set\images\image_01194.jpg,6038,131.0,2.002411195075239,PASS
4.783595173585687,True,0.6222890142746914,"(np.float64(158.0), np.float64(158.0), np.float64(160.0))",12800,"(np.float64(1.3012658227848102), np.float64(1.240506329113924), np.float64(1.168125))",False,12878,0,16.148575061552616,1195,training_set\images\image_01195.jpg,6038,131.0,1.852856490108261,PASS
4.365603963547347,True,0.6222890142746914,"(np.float64(158.0), np.float64(159.0), np.float64(162.0))",12800,"(np.float64(1.3012658227848102), np.float64(1.2327044025157232), np.float64(1.1537037037037037))",False,12878,0,9.570170566324146,1196,training_set\images\image_01196.jpg,6038,131.0,2.222884509267377,PASS
7.155923901795822,True,0.6222890142746914,"(np.float64(159.0), np.float64(160.0), np.float64(162.0))",12800,"(np.float64(1.2930817610062892), np.float64(1.225), np.float64(1.1537037037037037))",False,12878,4,33.23251466147187,1197,training_set\images\image_01197.jpg,6038,131.0,1.9423062443484207,PASS
5.9921756635300865,True,0.6222890142746914,"(np.float64(158.0), np.float64(159.0), np.float64(161.0))",12800,"(np.float64(1.3012658227848102), np.float64(1.2327044025157232), np.float64(1.1608695652173913))",False,12878,0,24.708349078390672,1198,training_set\images\image_01198.jpg,6038,131.0,1.951308021667044,PASS
3.961919300727705,True,0.6222890142746914,"(np.float64(157.0), np.float64(159.0), np.float64(161.0))",12800,"(np.float64(1.3095541401273885), np.float64(1.2327044025157232), np.float64(1.1608695652173913))",False,12878,0,8.077885049044994,1199,training_set\images\image_01199.jpg,6038,131.0,1.88602634728542,PASS
3.9764487904834125,True,0.6222890142746914,"(np.float64(158.0), np.float64(160.0), np.float64(163.0))",12800,"(np.float64(1.3012658227848102), np.float64(1.225), np.float64(1.1466257668711657))",False,12878,0,17.345305802208358,1200,training_set\images\image_01200.jpg,6038,131.0,1.6910417868737548,PASS
3.7516041048342457,True,0.6222890142746914,"(np.float64(158.0), np.float64(159.0), np.float64(161.0))",12800,"(np.float64(1.3012658227848102), np.float64(1.2327044025157232), np.float64(1.1608695652173913))",False,12878,0,8.716626362524615,1201,training_set\images\image_01201.jpg,6038,131.0,1.4559188003539656,PASS
10.968019324502102,True,0.6222890142746914,"(np.float64(163.0), np.float64(167.0), np.float64(170.0))",12800,"(np.float64(1.2613496932515338), np.float64(1.1736526946107784), np.float64(1.0994117647058823))",False,12878,0,15.523717323198651,1202,training_set\images\image_01202.jpg,6038,131.0,2.1669017355013684,PASS
12.1507172704919,True,0.6222890142746914,"(np.float64(164.0), np.float64(164.0), np.float64(167.0))",12800,"(np.float64(1.2536585365853659), np.float64(1.1951219512195121), np.float64(1.1191616766467065))",False,12878,0,22.160345945985874,1203,training_set\images\image_01203.jpg,6038,131.0,3.1494180027945182,PASS
12.432425006401775,True,0.6222890142746914,"(np.float64(165.0), np.float64(167.0), np.float64(170.0))",12800,"(np.float64(1.246060606060606), np.float64(1.1736526946107784), np.float64(1.0994117647058823))",False,12878,0,17.0309319983569,1204,training_set\images\image_01204.jpg,6038,131.0,2.203419625712965,PASS
13.682710937554164,True,0.6222890142746914,"(np.float64(166.0), np.float64(166.0), np.float64(168.0))",12800,"(np.float64(1.23855421686747), np.float64(1.180722891566265), np.float64(1.1125))",False,12878,0,19.043378631967162,1205,training_set\images\image_01205.jpg,6038,131.0,2.3978876411769123,PASS
13.776461462225612,True,0.6222890142746914,"(np.float64(163.0), np.float64(164.0), np.float64(166.0))",12800,"(np.float64(1.2613496932515338), np.float64(1.1951219512195121), np.float64(1.1259036144578314))",False,12878,0,19.739116732028638,1206,training_set\images\image_01206.jpg,6038,131.0,2.7071836235828903,PASS
13.215581414508746,True,0.6222890142746914,"(np.float64(164.0), np.float64(165.0), np.float64(168.0))",12800,"(np.float64(1.2536585365853659), np.float64(1.187878787878788), np.float64(1.1125))",False,12878,0,19.91489506876244,1207,training_set\images\image_01207.jpg,6038,131.0,3.267845883771243,PASS
8.02724162898825,True,0.4214867862654321,"(np.float64(153.0), np.float64(139.0), np.float64(130.0))",12800,"(np.float64(1.3437908496732025), np.float64(1.410071942446043), np.float64(1.4376923076923078))",False,8755,17,38.896691904324754,1209,training_set\images\image_01209.jpg,6024,132.0,10.826448114160604,PASS
8.47531034140173,True,0.382813102816358,"(np.float64(138.0), np.float64(138.0), np.float64(140.0))",12800,"(np.float64(1.489855072463768), np.float64(1.4202898550724639), np.float64(1.335))",False,7969,5,29.69912191965557,1210,training_set\images\image_01210.jpg,7024,132.0,5.61388016828792,PASS
5.331839063781074,True,0.382813102816358,"(np.float64(140.0), np.float64(140.0), np.float64(140.0))",12800,"(np.float64(1.4685714285714286), np.float64(1.4), np.float64(1.335))",False,7969,0,7.372847008362502,1211,training_set\images\image_01211.jpg,7024,132.0,6.77551237611043,PASS
5.4089000834244105,True,0.382813102816358,"(np.float64(141.0), np.float64(139.0), np.float64(139.0))",12800,"(np.float64(1.4581560283687942), np.float64(1.410071942446043), np.float64(1.3446043165467627))",False,7969,0,7.245942174059156,1212,training_set\images\image_01212.jpg,7024,132.0,6.375069154939518,PASS
6.773793337768539,True,0.382813102816358,"(np.float64(142.0), np.float64(140.0), np.float64(139.0))",12800,"(np.float64(1.447887323943662), np.float64(1.4), np.float64(1.3446043165467627))",False,7969,0,18.883170183748884,1213,training_set\images\image_01213.jpg,7024,132.0,5.32029076122064,PASS
4.624423838682702,True,0.382813102816358,"(np.float64(141.0), np.float64(141.0), np.float64(141.0))",12800,"(np.float64(1.4581560283687942), np.float64(1.3900709219858156), np.float64(1.325531914893617))",False,7969,0,12.75093794358266,1214,training_set\images\image_01214.jpg,7024,132.0,3.988816308808103,PASS
1.7620865538136157,True,0.382813102816358,"(np.float64(141.0), np.float64(146.0), np.float64(153.0))",12800,"(np.float64(1.4581560283687942), np.float64(1.3424657534246576), np.float64(1.2215686274509805))",False,7969,0,5.300575173762125,1215,training_set\images\image_01215.jpg,7024,132.0,2.07566656386098,PASS
1.8573099960481547,True,0.382813102816358,"(np.float64(149.0), np.float64(150.0), np.float64(153.0))",12800,"(np.float64(1.3798657718120806), np.float64(1.3066666666666666), np.float64(1.2215686274509805))",False,7969,0,5.434539590869933,1216,training_set\images\image_01216.jpg,7024,132.0,2.368767645907768,PASS
1.9646835896244184,True,0.382813102816358,"(np.float64(147.0), np.float64(147.0), np.float64(150.0))",12800,"(np.float64(1.398639455782313), np.float64(1.3333333333333333), np.float64(1.246))",False,7969,0,12.284052402309994,1217,training_set\images\image_01217.jpg,7024,132.0,3.1716169965123777,PASS
11.656672238892947,True,0.382813102816358,"(np.float64(151.0), np.float64(151.0), np.float64(152.0))",12800,"(np.float64(1.36158940397351), np.float64(1.2980132450331126), np.float64(1.2296052631578949))",False,7969,0,15.645991558264305,1218,training_set\images\image_01218.jpg,7024,132.0,2.905968647859372,PASS
1.7675528436782695,True,0.382813102816358,"(np.float64(144.0), np.float64(147.0), np.float64(151.0))",12800,"(np.float64(1.4277777777777778), np.float64(1.3333333333333333), np.float64(1.237748344370861))",False,7969,0,14.955144021346628,1219,training_set\images\image_01219.jpg,7024,132.0,2.6909049396694966,PASS
4.236020352811272,True,0.382813102816358,"(np.float64(147.0), np.float64(148.0), np.float64(151.0))",12800,"(np.float64(1.398639455782313), np.float64(1.3243243243243243), np.float64(1.237748344370861))",False,7969,0,14.766820589689264,1220,training_set\images\image_01220.jpg,7024,132.0,3.096100957870807,PASS
1.6912669597639687,True,0.382813102816358,"(np.float64(146.0), np.float64(147.0), np.float64(150.0))",12800,"(np.float64(1.4082191780821918), np.float64(1.3333333333333333), np.float64(1.246))",False,7969,0,3.1603222929422516,1221,training_set\images\image_01221.jpg,7024,132.0,2.509953152772661,PASS
10.408654791314829,True,0.382813102816358,"(np.float64(147.0), np.float64(148.0), np.float64(151.0))",12800,"(np.float64(1.398639455782313), np.float64(1.3243243243243243), np.float64(1.237748344370861))",False,7969,3,31.90269305977482,1222,training_set\images\image_01222.jpg,7024,132.0,1.752331404991264,PASS
2.9675188733458526,True,0.5642314091435185,"(np.float64(149.0), np.float64(149.0), np.float64(152.0))",5650,"(np.float64(1.3798657718120806), np.float64(1.3154362416107384), np.float64(1.2296052631578949))",False,11710,0,12.083801916929302,1224,training_set\images\image_01224.jpg,7038,132.0,2.880230715361569,PASS
2.479293681046811,True,0.5642314091435185,"(np.float64(147.0), np.float64(148.0), np.float64(151.0))",5650,"(np.float64(1.398639455782313), np.float64(1.3243243243243243), np.float64(1.237748344370861))",False,11710,0,9.078344763029168,1225,training_set\images\image_01225.jpg,7038,132.0,2.6652312737950803,PASS
4.784312918521785,True,0.5642314091435185,"(np.float64(148.0), np.float64(149.0), np.float64(152.0))",5650,"(np.float64(1.3891891891891892), np.float64(1.3154362416107384), np.float64(1.2296052631578949))",False,11710,0,20.702583003199614,1226,training_set\images\image_01226.jpg,7038,132.0,2.1696387931949936,PASS
4.568064882538187,True,0.5642314091435185,"(np.float64(147.0), np.float64(148.0), np.float64(150.0))",5650,"(np.float64(1.398639455782313), np.float64(1.3243243243243243), np.float64(1.246))",False,11710,0,15.932660025876558,1227,training_set\images\image_01227.jpg,7038,132.0,2.6853486449461683,PASS
2.2418303204099366,True,0.5642314091435185,"(np.float64(146.0), np.float64(147.0), np.float64(150.0))",5650,"(np.float64(1.4082191780821918), np.float64(1.3333333333333333), np.float64(1.246))",False,11710,0,3.3680243314630456,1228,training_set\images\image_01228.jpg,7038,132.0,2.402891177916977,PASS
2.3106980830195876,True,0.5642314091435185,"(np.float64(146.0), np.float64(147.0), np.float64(150.0))",5650,"(np.float64(1.4082191780821918), np.float64(1.3333333333333333), np.float64(1.246))",False,11710,0,4.6448277208876565,1229,training_set\images\image_01229.jpg,7038,132.0,2.5054124413567904,PASS
4.084097067977105,True,0.5642314091435185,"(np.float64(150.0), np.float64(150.0), np.float64(154.0))",5650,"(np.float64(1.3706666666666667), np.float64(1.3066666666666666), np.float64(1.2136363636363636))",False,11710,0,23.280195029702817,1230,training_set\images\image_01230.jpg,7038,132.0,2.4566998585290127,PASS
2.1014498008542155,True,0.5642314091435185,"(np.float64(147.0), np.float64(148.0), np.float64(151.0))",5650,"(np.float64(1.398639455782313), np.float64(1.3243243243243243), np.float64(1.237748344370861))",False,11710,0,6.125450552494974,1231,training_set\images\image_01231.jpg,7038,132.0,2.407563805808336,PASS
5.025580157786298,True,0.5642314091435185,"(np.float64(147.0), np.float64(147.0), np.float64(150.0))",5650,"(np.float64(1.398639455782313), np.float64(1.3333333333333333), np.float64(1.246))",False,11710,0,17.17367316727014,1232,training_set\images\image_01232.jpg,7038,132.0,2.2689608188979298,PASS
2.490475569797938,True,0.5642314091435185,"(np.float64(149.0), np.float64(150.0), np.float64(152.0))",5650,"(np.float64(1.3798657718120806), np.float64(1.3066666666666666), np.float64(1.2296052631578949))",False,11710,0,10.112354787724621,1233,training_set\images\image_01233.jpg,7038,132.0,1.936924916351484,PASS
2.1453119180639004,True,0.5642314091435185,"(np.float64(148.0), np.float64(148.0), np.float64(151.0))",5650,"(np.float64(1.3891891891891892), np.float64(1.3243243243243243), np.float64(1.237748344370861))",False,11710,0,7.657864213716285,1234,training_set\images\image_01234.jpg,7038,132.0,2.374033930783978,PASS
2.070151799865785,True,0.5642314091435185,"(np.float64(147.0), np.float64(148.0), np.float64(152.0))",5650,"(np.float64(1.398639455782313), np.float64(1.3243243243243243), np.float64(1.2296052631578949))",False,11710,0,3.35765871415914,1235,training_set\images\image_01235.jpg,7038,132.0,2.962489295407772,PASS
2.592895489810122,True,0.5642314091435185,"(np.float64(146.0), np.float64(147.0), np.float64(150.0))",5650,"(np.float64(1.4082191780821918), np.float64(1.3333333333333333), np.float64(1.246))",False,11710,0,13.956899350062049,1236,training_set\images\image_01236.jpg,7038,132.0,2.568397882570372,PASS
2.1348583462633277,True,0.5642314091435185,"(np.float64(146.0), np.float64(147.0), np.float64(149.0))",5650,"(np.float64(1.4082191780821918), np.float64(1.3333333333333333), np.float64(1.2543624161073825))",False,11710,0,3.334718619522789,1237,training_set\images\image_01237.jpg,7038,132.0,2.5912934076782155,PASS
11.451980590694623,True,0.5642314091435185,"(np.float64(192.0), np.float64(170.0), np.float64(142.0))",5650,"(np.float64(1.0708333333333333), np.float64(1.1529411764705881), np.float64(1.3161971830985917))",False,11710,11,31.62309485710611,1238,training_set\images\image_01238.jpg,7038,132.0,2.131648875124148,PASS
10.887009769656586,True,0.5642314091435185,"(np.float64(172.0), np.float64(173.0), np.float64(179.0))",5650,"(np.float64(1.1953488372093022), np.float64(1.1329479768786128), np.float64(1.0441340782122905))",False,11710,6,31.30656673515048,1239,training_set\images\image_01239.jpg,7038,132.0,2.425139627759441,PASS
12.241199180175993,True,0.5642314091435185,"(np.float64(180.0), np.float64(155.0), np.float64(116.0))",5650,"(np.float64(1.1422222222222222), np.float64(1.264516129032258), np.float64(1.611206896551724))",False,11710,12,38.819457845234034,1240,training_set\images\image_01240.jpg,7038,132.0,3.107883531368412,PASS
14.117491830391083,True,0.5642314091435185,"(np.float64(144.0), np.float64(146.0), np.float64(148.0))",5650,"(np.float64(1.4277777777777778), np.float64(1.3424657534246576), np.float64(1.262837837837838))",False,11710,17,47.1193341699179,1241,training_set\images\image_01241.jpg,7038,132.0,2.9313217712121977,PASS
12.367823246161842,True,0.5642314091435185,"(np.float64(149.0), np.float64(150.0), np.float64(152.0))",5650,"(np.float64(1.3798657718120806), np.float64(1.3066666666666666), np.float64(1.2296052631578949))",False,11710,20,43.451219402632546,1242,training_set\images\image_01242.jpg,7038,132.0,3.340945115578171,PASS
15.404884368222168,True,0.5642314091435185,"(np.float64(147.0), np.float64(148.0), np.float64(151.0))",5650,"(np.float64(1.398639455782313), np.float64(1.3243243243243243), np.float64(1.237748344370861))",False,11710,23,45.73229987590907,1243,training_set\images\image_01243.jpg,7038,132.0,2.166689905315364,PASS
14.214150514718133,True,0.5642314091435185,"(np.float64(146.0), np.float64(147.0), np.float64(149.0))",5650,"(np.float64(1.4082191780821918), np.float64(1.3333333333333333), np.float64(1.2543624161073825))",False,11710,20,39.25506149016135,1244,training_set\images\image_01244.jpg,7038,132.0,2.6713049014757946,PASS
14.752455972912177,True,0.5642314091435185,"(np.float64(147.0), np.float64(148.0), np.float64(151.0))",5650,"(np.float64(1.398639455782313), np.float64(1.3243243243243243), np.float64(1.237748344370861))",False,11710,23,39.95373550402765,1245,training_set\images\image_01245.jpg,7038,132.0,3.1238241785913634,PASS
12.110586404640104,True,0.5642314091435185,"(np.float64(148.0), np.float64(149.0), np.float64(152.0))",5650,"(np.float64(1.3891891891891892), np.float64(1.3154362416107384), np.float64(1.2296052631578949))",False,11710,32,42.3200219774035,1246,training_set\images\image_01246.jpg,7038,132.0,2.7162455575065154,PASS
13.617490335657253,True,0.5642314091435185,"(np.float64(149.0), np.float64(149.0), np.float64(152.0))",5650,"(np.float64(1.3798657718120806), np.float64(1.3154362416107384), np.float64(1.2296052631578949))",False,11710,29,41.30361120515276,1247,training_set\images\image_01247.jpg,7038,132.0,4.143456951796188,PASS
14.160976289318,True,0.5642314091435185,"(np.float64(147.0), np.float64(148.0), np.float64(150.0))",5650,"(np.float64(1.398639455782313), np.float64(1.3243243243243243), np.float64(1.246))",False,11710,22,41.89875578373503,1248,training_set\images\image_01248.jpg,7038,132.0,4.096932528714515,PASS
7.466600836021311,True,0.5642314091435185,"(np.float64(146.0), np.float64(147.0), np.float64(150.0))",5650,"(np.float64(1.4082191780821918), np.float64(1.3333333333333333), np.float64(1.246))",False,11710,15,32.747609119136634,1249,training_set\images\image_01249.jpg,7038,132.0,2.950150166278928,PASS
