part_id,label,dE_max,dE_max_cie76,dE_mean,op_agreement_gap,n_dropped_points,truck_number,date,well_number,well_size
69,FAIL,2.2416543891765883,2.9791605466137523,1.8134546337609663,0.009686382302410923,0,111.0,10/17/2024,1,7024
70,FAIL,4.232756366895861,4.360257382820933,2.4428653661358295,1.9617387215621416,1,111.0,10/17/2024,2,7024
71,FAIL,5.708259426772409,5.894405186276228,2.5169544977999023,3.7390209519954345,0,111.0,10/17/2024,3,7024
72,PASS,2.294705500705295,3.2118462369795995,1.6187032486566082,0.4773278547748465,0,111.0,10/17/2024,4,7024
73,PASS,3.2034525093914463,4.5605290263301645,2.4296988953187904,0.3205964074378782,0,111.0,10/17/2024,5,7024
74,PASS,2.758758258823071,3.9208010979900543,1.9590987363740477,0.5193157052844937,0,111.0,10/17/2024,6,7024
75,PASS,2.073667726369915,2.948087303659774,1.4878421582347638,0.07530027984598253,0,111.0,10/17/2024,7,7024
76,FAIL,2.7934877670485303,3.7191010338521324,1.7258411453385636,0.3417748711681825,0,111.0,10/17/2024,8,7024
77,FAIL,3.0360933946635225,4.011683717592902,1.9147289452693623,0.9379732703426837,0,111.0,10/17/2024,9,7024
78,PASS,2.3266244141348285,2.9158789412456776,1.4323293596537223,0.7107609935775283,0,111.0,10/18/2024,10,7024
79,PASS,2.8601054111181505,3.7107453766056193,1.5513067964190068,0.7645944409042666,0,111.0,10/18/2024,11,7024
80,PASS,2.4087070659591245,3.38178484679319,1.7177354144168238,0.16633278177198596,0,111.0,10/18/2024,12,7024
81,PASS,2.720789729706061,3.761436726837244,1.868544478403097,0.704402353074268,0,111.0,10/18/2024,13,7024
82,PASS,2.917225070876717,4.118308208475899,2.620121923546761,0.17260318426951038,0,111.0,10/18/2024,14,7024
83,PASS,3.1365488742766794,4.422451557425791,1.8781569550040491,1.5082002598013704,1,111.0,10/18/2024,15,7024
84,PASS,1.9546337402591036,2.7867207430957306,1.4345056094167086,0.3359548517832711,0,111.0,10/18/2024,16,7024
85,PASS,1.7912593895208788,2.5167451698572956,1.5178753929883337,0.014626641133609786,0,111.0,10/18/2024,17,7024
86,PASS,1.44435508882391,2.0193718082611594,0.8515716857590369,0.552379218635222,0,111.0,10/18/2024,18,7024
87,PASS,2.7282549850559255,3.7450517352901924,1.790778175686036,0.751830809716703,0,111.0,10/18/2024,19,7024
89,PASS,2.242809509210499,3.202137957677656,1.825076679621476,0.2061157793060211,0,111.0,10/21/2024,20,7024
90,PASS,2.0597337005485192,2.9075139724513788,1.528528532227264,0.26736450897861674,0,111.0,10/21/2024,21,7024
91,PASS,2.2178459335861778,3.0308693059912697,1.9166668033588632,0.17914879830563057,0,111.0,10/21/2024,22,7024
92,PASS,4.02357611737532,5.287497635933274,1.9000447077108336,1.5642159260104331,0,111.0,10/21/2024,23,7024
93,PASS,2.914717798054555,3.1908707667343794,1.7296369385782617,0.6884796867651475,0,111.0,10/21/2024,24,7024
94,PASS,1.733823270579698,2.3456901969356494,1.5703212715915649,0.0918839827944018,0,111.0,10/21/2024,25,7024
95,PASS,2.7922688320626996,3.327819293471322,1.629490928304121,0.5621154367587295,0,111.0,10/21/2024,26,7024
96,PASS,2.0911055942627903,2.8707697138572517,1.4432606152170528,0.061266216796809214,0,111.0,10/21/2024,27,7024
98,PASS,2.2453663319797164,3.1177936910578223,1.578517099797116,0.23626848178936255,0,111.0,10/21/2024,28,7024
99,PASS,2.287257336556311,3.213052481675335,1.7769101340940603,0.1449248033392796,0,111.0,10/21/2024,29,7024
100,PASS,3.0859606781165474,4.400814318585441,1.9312811868102635,0.7301731076760132,1,111.0,10/21/2024,30,7024
101,PASS,2.1620873553842874,3.0204190520522123,1.8449247042002568,0.3007976864174877,0,111.0,10/21/2024,31,7024
102,PASS,2.449062450447475,3.401963587400666,2.001183424315222,0.4048986519582516,0,111.0,10/21/2024,32,7024
104,PASS,2.1222960611758244,3.008472411374248,1.2305080304854779,0.36742422849532397,0,111.0,10/21/2024,1,7038
105,PASS,2.363641470185178,3.357407854282813,1.720503990642719,0.5788730215103348,0,111.0,10/21/2024,2,7038
106,PASS,5.855829962750695,7.9008820710095415,2.117799795852184,3.8329433756045717,0,111.0,10/21/2024,3,7038
107,PASS,2.0706158110442816,2.9175535556352594,1.6242119506307338,0.08965713974951783,0,111.0,10/21/2024,4,7038
108,PASS,1.7518238219948346,2.4580213078816118,1.25161526487,0.31304005592219486,0,111.0,10/21/2024,5,7038
109,PASS,2.624474434084903,3.6757014636664893,2.128858878749772,0.058401910127829026,0,111.0,10/21/2024,6,7038
110,PASS,2.031857591126254,2.8475142668650455,1.662248978998984,0.07874146209655497,0,111.0,10/21/2024,7,7038
112,PASS,2.2580464550328623,3.1771311745031956,1.8841592478412033,0.264656386235949,0,111.0,10/21/2024,8,7038
113,PASS,1.931435532259725,2.7449089238078486,1.4578557631618312,0.569960626143408,0,111.0,10/21/2024,9,7038
114,PASS,2.313704839379035,3.275269284942669,1.5582244994428958,0.8373508523719293,1,111.0,10/21/2024,10,7038
115,PASS,4.00600296835397,5.704923312368007,1.7891896428364584,2.5268726343909416,0,111.0,10/21/2024,11,7038
116,PASS,2.3957206981078722,3.3616904229866162,1.9707786406633236,0.09906091074981305,0,111.0,10/21/2024,12,7038
117,PASS,2.432283540516165,3.4460856417100265,1.971826632833989,0.43063314621287585,0,111.0,10/21/2024,13,7038
118,PASS,2.0456064165694916,2.608565218659482,1.6419060965233214,0.14449709156796864,0,111.0,10/21/2024,14,7038
120,PASS,2.0069503387289074,2.6281231420920927,1.1095572577087585,1.2624231843489477,0,111.0,10/29/2024,34,7024
121,FAIL,8.15758987830649,12.118098293461726,5.583262719958469,1.3763747618656437,0,111.0,10/29/2024,35,7024
122,FAIL,2.8635851144537403,4.0442497759164135,2.172982925155523,0.3844219604647843,0,111.0,10/29/2024,36,7024
123,FAIL,5.112935004165309,6.748335905984527,3.662099541194229,1.6760072028498634,0,111.0,10/29/2024,37,7024
124,FAIL,6.035557210333703,8.166283196779306,4.607023088329097,0.3944413671516207,0,111.0,10/29/2024,38,7024
125,FAIL,7.715330600289297,10.827853549988566,4.312536302053329,4.861765268989379,0,111.0,10/29/2024,39,7024
126,FAIL,5.903767453107667,7.862857702515034,4.7335635388361395,0.39559987604493063,0,111.0,10/29/2024,40,7024
127,FAIL,8.578533049706222,12.864297979291365,5.940996490767536,0.1021983713674981,0,111.0,10/29/2024,41,7024
128,FAIL,4.505029660060925,5.546407621154434,3.4764280216314716,0.6674509562853723,0,111.0,10/29/2024,42,7024
129,FAIL,5.979970750029263,7.918188713335898,4.7827330484232125,1.3426002278133833,0,111.0,10/29/2024,43,7024
131,FAIL,6.337628441554772,8.251232483695997,4.502927541130464,1.9959073642032399,0,111.0,10/29/2024,44,7024
132,FAIL,7.208624372132039,9.760380691858282,6.217257772266325,0.04944984171876232,0,111.0,10/29/2024,45,7024
133,FAIL,5.547714512643849,7.523358440365726,3.1887154323679074,1.3466321842739806,1,111.0,10/29/2024,46,7024
134,FAIL,4.813350539615102,6.401184948898132,3.5227102485483037,1.2133823743413283,0,111.0,10/29/2024,47,7024
135,FAIL,4.846350178298253,6.707534010349853,3.46202427758781,1.3652967550089956,0,111.0,10/29/2024,48,7024
136,FAIL,3.7829862523284774,5.039525647320393,2.8389905931499766,0.17610895429385298,0,111.0,10/29/2024,49,7024
137,FAIL,4.889185099990756,6.676727304600662,2.9042649063385184,0.9641189290787402,0,111.0,10/29/2024,50,7024
138,FAIL,5.376157129950402,7.080447108057513,4.67391975530273,0.6388816685179579,0,111.0,10/29/2024,51,7024
139,FAIL,6.712774559028768,9.595846106519216,5.175955075572827,0.8984529967136581,0,111.0,10/29/2024,52,7024
140,FAIL,7.4897026082334905,10.688735308725724,5.627059238224931,0.26595259207897204,0,111.0,10/29/2024,53,7024
141,PASS,2.0779509563821965,2.889779403345523,1.6800732737074344,0.03587697308894855,0,112.0,10/29/2024,1,6024
142,PASS,2.372384962116799,3.1201572476399266,1.743476748786667,0.23467706498422158,0,112.0,10/29/2024,2,6024
143,PASS,2.7396914522203004,3.4831235981515203,1.5990876987836575,1.1153252944907546,0,112.0,10/29/2024,3,6024
144,PASS,2.8786224778793006,3.4323179121404297,1.3991704238966909,1.3520202097159884,0,112.0,10/29/2024,4,6024
145,PASS,2.95668188118446,3.4892988192472068,1.5736162787653114,0.6740218951218235,0,112.0,10/29/2024,5,6024
146,PASS,3.9710838351591615,4.60477808911569,2.3555655148124712,1.4991935610308214,1,112.0,10/29/2024,6,6024
147,PASS,2.9123976529342683,3.635854438780512,1.68529395052039,1.9841719411376983,0,112.0,10/29/2024,7,6024
148,PASS,3.0212149109635438,3.94563128662576,1.7435348520028373,0.7755930484240747,0,112.0,10/29/2024,8,6024
149,PASS,2.5468490172808447,3.5652401742379163,1.8302112094251406,0.44010948035886566,0,112.0,10/29/2024,9,6024
150,PASS,2.214093602588642,2.9642600257062464,1.4707613959527925,0.5867213836206293,0,112.0,10/29/2024,10,6024
151,PASS,2.3694414902884806,3.29300394776561,1.5677764606009534,0.49522286625320966,1,112.0,10/29/2024,11,6024
152,PASS,1.7493876722174806,2.419175996078004,1.169430536252426,0.3303983050836057,0,112.0,10/29/2024,12,6024
153,PASS,2.07240197373936,2.816513802558048,1.380489709197479,0.23626284397192854,0,112.0,10/29/2024,1,6038
154,PASS,1.7954126320070536,2.5177594205960205,1.498236407447368,0.08189989167057643,0,112.0,10/29/2024,2,6038
155,PASS,2.265482432635073,3.129973043014912,1.761980751197657,0.3678532810935933,0,112.0,10/29/2024,3,6038
156,PASS,2.903544044566216,3.8388491113874164,2.0189713928226465,0.48834956789035244,0,112.0,10/29/2024,4,6038
157,PASS,1.6723752529883202,2.2299299316346173,1.0228241264395128,0.5224766883589838,0,112.0,10/29/2024,5,6038
158,PASS,2.0078969948478296,2.832737192187089,1.4588294693692887,0.29983845582565993,0,112.0,10/29/2024,6,6038
160,PASS,2.0630912733879994,2.9167383324528644,1.5976355633831893,0.586759701958135,0,112.0,10/30/2024,7,6038
161,PASS,2.0961469595459654,2.962622360342267,1.405014032087643,0.15888802313273076,0,112.0,10/30/2024,8,6038
162,PASS,2.8798117887859638,3.4585528042810116,2.001713006848634,0.08949538775468824,0,112.0,10/30/2024,9,6038
163,PASS,2.2278912020218913,3.014027620974953,1.8240943497913904,0.4177170937866359,0,112.0,10/30/2024,10,6038
164,PASS,1.7121379991419932,2.3963657379456857,1.1375602507641405,0.5201197339722379,0,112.0,10/30/2024,11,6038
165,PASS,2.0754696978800102,2.8972929175352755,1.7646715211492374,0.030719611592864293,0,112.0,10/30/2024,12,6038
166,PASS,2.7388065203098653,3.7965049716811747,1.875514037724639,0.4441063389012765,0,112.0,10/30/2024,13,6038
167,PASS,2.4588154056149603,3.357621926304392,1.7379175474762862,0.24801594904949686,0,112.0,10/30/2024,14,6038
168,PASS,1.8855171503905042,2.601175215167168,1.4446866869016095,0.48413830363805666,0,112.0,10/30/2024,15,6038
169,PASS,2.3409611274951505,3.191083280016365,1.858831079726815,0.05264155547880511,0,112.0,10/30/2024,16,6038
170,PASS,2.2880175765792137,3.1816446218897454,1.6521958363144444,0.41888589675077026,0,112.0,10/30/2024,17,6038
171,PASS,1.9780738210175035,2.6198353955926326,1.5970621025316636,0.33978122090744867,0,112.0,10/30/2024,18,6038
172,PASS,2.384424736177065,3.38714020229456,1.696680731361159,0.7770431761953527,0,112.0,10/30/2024,19,6038
173,PASS,2.7985313237600717,3.9517488217243764,2.0721064707846466,0.432869611432805,0,112.0,10/30/2024,20,6038
174,PASS,2.0878961258155946,2.8906270945938335,1.7977528575568746,0.23178937960641832,0,112.0,10/30/2024,21,6038
175,PASS,1.9470819540302786,2.6494669275157885,1.7662815335762652,0.26375231020070977,0,112.0,10/30/2024,22,6038
176,PASS,2.1416520964863577,3.0075509139497427,1.5339834712917686,0.04157965360297755,0,112.0,10/30/2024,23,6038
177,PASS,1.923366211201466,2.671379559328844,1.2166345528829503,0.0094741898284314,0,112.0,10/30/2024,24,6038
178,PASS,2.5551518379299027,3.558416080224445,1.3506421375823028,0.9459097918059125,0,112.0,10/30/2024,25,6038
179,PASS,1.9037471589282133,2.5909011463195575,1.4737537699946788,0.3201027350771075,0,112.0,10/30/2024,26,6038
180,PASS,1.7674167917123356,2.3627169212582375,1.4061545684076329,0.13339762551215295,0,112.0,10/30/2024,27,6038
181,PASS,1.8107741374660449,2.5372401344768276,1.4096195264299551,0.27287600665205614,0,112.0,10/30/2024,28,6038
182,FAIL,5.83035272498779,8.336714355787896,2.9799272233864613,4.228568955043,0,111.0,10/30/2024,54,7024
183,FAIL,5.706529294931187,8.189254392189804,4.745764552108578,0.370843472585336,0,111.0,10/30/2024,55,7024
184,FAIL,5.966091827427232,8.363610331536123,4.337805003670007,1.368823431736688,1,111.0,10/30/2024,56,7024
185,FAIL,5.991650432651768,7.880985423790606,4.548490474793149,1.137666685170582,0,111.0,10/30/2024,57,7024
186,FAIL,6.776745859338399,9.488127120248759,4.999829545777304,1.9034440874326881,0,111.0,10/30/2024,58,7024
187,FAIL,6.146199648266154,8.698887141468155,3.9516114985983113,1.4689236305217754,0,111.0,10/30/2024,59,7024
188,FAIL,4.9713756682393955,6.7282431770856785,3.3913117451980366,1.0223753749810696,0,111.0,10/30/2024,60,7024
189,FAIL,3.610994652096564,4.374960714109327,2.90021156670859,0.5365367784686144,0,111.0,10/30/2024,61,7024
190,FAIL,3.9446050177346574,5.26121718331414,2.553263468033352,0.8298607778971636,0,111.0,10/30/2024,62,7024
191,FAIL,3.479210197615027,4.1137425512272605,2.448026166599845,0.6363722614665295,1,111.0,10/30/2024,63,7024
192,FAIL,3.7881545186693106,4.79824512191697,2.8725780688015834,0.2805946866412383,0,111.0,10/30/2024,64,7024
193,FAIL,3.5528581744963823,4.955558747507695,2.7937765098656975,0.28496546130639633,0,111.0,10/30/2024,65,7024
194,FAIL,2.087193458337926,2.775218459869416,1.8730797730625734,0.0022742633028483006,0,111.0,10/30/2024,66,7024
195,FAIL,3.367707995650229,3.9766325263971822,1.874872227235813,0.9031084803467735,0,111.0,10/30/2024,67,7024
196,FAIL,2.965236047647845,3.499765170693594,2.1451921742477715,0.6134642414872071,0,111.0,11/4/2024,68,7024
197,FAIL,2.285548030075596,2.696261300393568,1.2893606794914907,0.4386694923043246,0,111.0,11/4/2024,69,7024
198,FAIL,2.6880497430398957,3.2982646952602304,1.972707650619632,0.4681256196008228,0,111.0,11/4/2024,70,7024
199,FAIL,4.49783399529025,5.8748111671780565,2.805395977737501,2.04383953447486,0,111.0,11/4/2024,71,7024
200,FAIL,3.514171465085317,4.513567048355433,2.502203807438596,0.2700513785046259,0,111.0,11/5/2024,72,7024
201,FAIL,6.24201668680482,8.906057980386162,3.800548041944916,1.2456715341585323,0,111.0,11/5/2024,73,7024
202,FAIL,3.3608075565593363,3.78536490975441,1.7841578758987542,1.0158530661108016,0,111.0,11/5/2024,74,7024
203,FAIL,3.90521445158499,4.7816628906688985,2.5002129743596746,1.8525538066422969,1,111.0,11/5/2024,75,7024
204,FAIL,6.246930949521273,6.9576275590175145,3.4880935116083407,3.77082429469136,0,111.0,11/5/2024,76,7024
205,FAIL,2.7507679084213397,3.6451285985545177,1.783441922617125,0.7461177251624158,0,111.0,11/5/2024,77,7024
206,FAIL,4.750257815342239,6.498671017985138,2.3404794758952137,1.9758779425255844,0,111.0,11/5/2024,78,7024
207,FAIL,6.554164573202864,9.304213427259715,4.171409465468385,0.703572134942581,0,111.0,11/5/2024,79,7024
208,FAIL,7.594095982677249,10.742433965354408,5.558711059458022,0.6607995558605637,0,111.0,11/5/2024,80,7024
209,FAIL,4.2049049792850015,5.6525348296140585,2.6659985692141994,0.046674130463255636,0,111.0,11/5/2024,81,7024
210,FAIL,4.945225177752393,6.616327342264739,2.4226961525856368,2.297757758131875,0,111.0,11/5/2024,82,7024
211,FAIL,5.0665713777055466,6.680652569173164,2.995686013236856,0.550891602555593,0,111.0,11/5/2024,83,7024
212,FAIL,6.305712564780893,8.682014815122125,4.844778408936628,0.3713867606443335,0,111.0,11/5/2024,84,7024
213,FAIL,4.679190197909033,6.111599626938924,3.0164004609802717,0.639043335759867,0,111.0,11/5/2024,85,7024
260,PASS,1.8120957166808027,2.445784638924701,1.4872263000462935,0.3455370109110125,0,113.0,11/19/2024,1,7024
261,PASS,2.3689510903283373,3.2786220428710626,1.346702162027733,0.1202213698031569,0,113.0,11/19/2024,2,7024
262,PASS,1.9285158914322251,2.454825604803732,1.2725542668953114,0.14109121717306872,0,113.0,11/19/2024,3,7024
263,PASS,3.615501087373426,4.194830151507922,1.4864307743163696,1.877692869688231,1,113.0,11/19/2024,4,7024
264,PASS,3.3080925810995954,4.0028076084168775,1.9291731387855788,1.1152239600113827,0,113.0,11/19/2024,5,7024
265,PASS,2.456614504923234,3.2383888741162643,1.770224614587202,0.2694580264580102,0,113.0,11/19/2024,6,7024
266,PASS,2.787038539870484,3.4382599160040215,1.7398670978898885,0.4268716695872876,0,113.0,11/19/2024,7,7024
267,PASS,2.1931514658939455,2.9214979034734823,1.5270599126427538,0.035877940104684924,0,113.0,11/19/2024,8,7024
268,PASS,3.4805200221014254,4.169089378989133,1.9040668356474377,0.5849415928950878,0,113.0,11/19/2024,9,7024
269,PASS,2.53548494460459,3.4506982988954684,2.0148481954819366,0.28732948551501947,0,113.0,11/19/2024,10,7024
270,PASS,2.460942406347088,3.2025312254527667,1.574902270289065,0.5264618606703997,0,113.0,11/19/2024,11,7024
271,PASS,2.1169740508765615,2.966080115236258,1.541205942293136,0.0891348475609619,0,113.0,11/19/2024,12,7024
272,PASS,1.7376875202896565,2.295803236342345,1.3689265998902567,0.3542765160305339,0,113.0,11/19/2024,13,7024
273,PASS,2.64685030413572,3.1594006551876244,1.4833076659967566,0.8456828672499204,0,113.0,11/19/2024,14,7038
274,PASS,2.4689927491993484,3.5152080308283264,1.7606657707717785,0.18822275627838847,0,113.0,11/19/2024,1,7038
275,PASS,2.181040147868009,3.1043376910381317,1.6425209292679044,0.208051151263839,0,113.0,11/19/2024,2,7038
276,PASS,2.667314258006738,3.4045511818740533,2.0778245612679815,0.30444561782595114,0,113.0,11/19/2024,4,7038
277,PASS,3.8848214015236144,5.382023899055086,2.6194127108864844,0.0062128894000479384,0,113.0,11/19/2024,5,7038
280,PASS,2.897700965725577,3.506837963179938,1.6043830144669755,1.1182144956304996,0,113.0,11/19/2024,6,7038
281,PASS,2.808031221185068,3.8690284633225427,2.277117141754713,0.1471875437576684,0,113.0,11/19/2024,7,7038
282,PASS,2.1561761363815393,2.799841513371776,1.37257852888054,0.4711925435484903,0,113.0,11/19/2024,8,7038
283,PASS,2.0030561980427115,2.8530367593145423,1.4573382854591437,0.29758755309401885,0,113.0,11/19/2024,9,7038
284,PASS,1.9045419891256654,2.5773702683161384,1.6793801861251545,0.0883408980913174,0,113.0,11/19/2024,10,7038
285,PASS,2.0515877185219487,2.8987475743844913,1.5722567088886705,0.280422055052131,0,113.0,11/19/2024,11,7038
286,PASS,2.408987403494228,3.4084719816950235,2.1193941706324244,0.18249471627079528,0,113.0,11/19/2024,12,7038
287,PASS,2.459627755508903,3.442297561222747,1.7249880834667477,0.36093783364273824,0,113.0,11/19/2024,13,7038
288,PASS,3.200880519510564,4.470490045845077,2.131160683563697,1.1930546633188746,0,113.0,11/19/2024,14,7038
289,PASS,2.4013458443678513,3.3597116691763897,1.9136633751797998,0.1492224109825564,0,113.0,11/19/2024,15,7038
290,PASS,2.302382295221584,3.2343701086919734,1.9005338905696185,0.07924748687575445,0,113.0,11/19/2024,16,7038
291,PASS,2.709997233447793,3.8114465757767175,2.1134443800354625,0.25512047501252155,0,113.0,11/19/2024,17,7038
292,PASS,3.173934937586228,4.432811607772211,2.2186103150631964,0.2806524027950732,0,113.0,11/19/2024,18,7038
293,PASS,3.2027905118906874,4.462116930336983,2.340783187064798,0.5160862792232863,0,113.0,11/19/2024,19,7038
294,PASS,1.381567447306505,1.9059430080671462,0.8123764646454127,0.0778953155988602,0,113.0,11/19/2024,20,7038
295,PASS,2.0326090081542523,2.8702188505408395,1.4758726127477548,0.45059540992408187,0,113.0,11/19/2024,21,7038
296,PASS,2.054181359874961,2.9026173533554087,1.589990034957847,0.6529176151257261,1,113.0,11/19/2024,22,7038
297,PASS,2.026631280609921,2.8757357754147135,1.7884686245448496,0.06077546217901353,0,113.0,11/19/2024,23,7038
298,PASS,2.263836029215593,3.20316640217146,1.8660773366912498,0.0973147787430233,0,113.0,11/19/2024,24,7038
302,PASS,2.4000470686547106,2.8488978131902143,1.5225959452038127,0.7864422273064016,0,113.0,11/19/2024,25,7038
303,PASS,3.7225631557147474,4.310199386339338,2.3631617126048448,0.8951344078960437,0,113.0,11/19/2024,26,7038
304,PASS,2.3603628200550286,3.0196905884543823,1.7271323318384442,0.1865796277766627,0,113.0,11/19/2024,27,7038
305,PASS,2.3040363386008242,3.1638208704033692,1.9582749954299008,0.04311710331359642,0,113.0,11/19/2024,28,7038
306,PASS,2.975063132899486,3.4523714675567594,1.9136275321011127,0.855376402413583,0,113.0,11/19/2024,29,7038
307,PASS,2.7046142489948624,3.2097760825328563,1.997975484909522,0.04373906838004915,0,113.0,11/19/2024,30,7038
308,PASS,2.126228829959553,2.965013701486044,1.7395859891304735,0.10989379365438534,0,113.0,11/19/2024,31,7038
309,PASS,1.815063845138595,2.5380036445994345,1.4928504232484094,0.318457299003555,0,113.0,11/19/2024,32,7038
310,PASS,2.000909174811218,2.630709267479018,1.5144410689232917,0.11170168049055418,0,113.0,11/19/2024,33,7038
332,FAIL,5.117421546687427,6.986143875558246,4.493847927573794,0.2908848436470537,0,111.0,11/20/2024,86,7024
333,FAIL,7.748225663901454,11.5209168471958,5.835135674039445,0.293828694287928,0,111.0,11/20/2024,87,7024
334,FAIL,6.245181176849876,8.746288141263127,4.351006356910343,0.7106529192409958,0,111.0,11/20/2024,88,7024
335,FAIL,6.000945544323163,8.319929386719577,4.3795661892247155,1.127880245981797,0,111.0,11/20/2024,89,7024
336,FAIL,5.7523663056514795,8.02440262574106,3.904016784630116,1.1778251725110556,0,111.0,11/20/2024,90,7024
337,FAIL,5.4866501160522745,7.556634502210625,4.232993028393206,0.10877112880920503,2,111.0,11/20/2024,91,7024
338,FAIL,2.7203397073867888,3.0394551320919296,1.9898390803411596,0.21377009321903495,0,111.0,11/20/2024,92,7024
339,FAIL,2.1741228111969284,2.9436467603977277,0.8462736631746273,1.6093434040253651,0,111.0,11/20/2024,93,7024
340,FAIL,7.748796769059531,11.249468320769651,6.288952698476403,0.5667482671855311,0,111.0,11/20/2024,94,7024
341,FAIL,4.82625803065948,6.439015355626976,4.0035766375057795,0.1668117228525796,0,111.0,11/20/2024,95,7024
342,FAIL,7.256018634667951,10.139917097787338,5.756590655259903,1.8063328900204985,0,111.0,11/20/2024,96,7024
343,FAIL,7.3973486600252265,10.242712958489077,6.680509132982639,0.4350567428251191,0,111.0,11/20/2024,97,7024
344,FAIL,7.077892152392903,10.219683520050902,5.563376768677897,2.197000959846334,0,111.0,11/20/2024,98,7024
345,FAIL,9.49529698310806,12.062058800221463,7.482020782128218,0.6089620535687956,0,111.0,11/20/2024,99,7024
346,FAIL,8.147728695883979,10.604521146661924,6.269134705349356,1.9884473159323504,0,111.0,11/20/2024,100,7024
347,FAIL,8.744875355509556,10.99616779837412,6.0210725050078615,0.3335142736124368,0,111.0,11/20/2024,101,7024
348,FAIL,8.235398455128744,9.676745643551861,6.827554728809782,0.537941337844754,0,111.0,11/20/2024,102,7024
349,FAIL,7.071467621278355,9.582683927272152,5.9441369320576065,1.3797886098641285,0,111.0,11/20/2024,103,7024
350,FAIL,6.877482932290635,7.883307522861202,4.42241390078323,2.564343260155648,0,111.0,11/20/2024,104,7024
351,FAIL,6.82487834438645,6.797825479519169,5.625947107962813,1.5534249251231849,0,111.0,11/20/2024,105,7024
352,FAIL,5.18404768506669,5.740316846655766,4.0477021513445495,1.0924025650634945,0,111.0,11/20/2024,106,7024
353,FAIL,6.463752697395603,8.668182119106637,4.473328170395786,0.6507047952842573,0,111.0,11/20/2024,107,7024
354,FAIL,6.75817416397081,7.254895760794909,4.629509681872651,2.6638842407578993,0,111.0,11/20/2024,108,7024
355,FAIL,6.5364163404609394,8.543767830998219,5.734804413325615,0.0678727875660261,0,111.0,11/20/2024,109,7024
356,FAIL,8.197745815433464,11.316671330386864,6.322187152066003,0.2145982838345173,0,111.0,11/20/2024,110,7024
357,FAIL,7.536596194739533,10.335916343830704,6.6557595051758405,0.7671565632471644,1,111.0,11/20/2024,111,7024
358,FAIL,8.016687792375588,11.15609978890472,5.963810202990897,1.5661428607013637,0,111.0,11/20/2024,112,7024
359,FAIL,7.6088356004223865,8.37054583047008,6.002067136935957,0.810478214771094,0,111.0,11/20/2024,113,7024
361,FAIL,8.324975124379826,10.097080332947739,6.22888989077758,2.6730323031839633,0,111.0,11/20/2024,114,7024
362,FAIL,6.994428680954795,9.005433776337483,5.164726006244405,2.052890986571457,0,111.0,11/20/2024,115,7024
367,FAIL,6.579200882494501,8.404007972390316,4.541375824458247,1.3805816694365456,0,111.0,11/20/2024,116,7024
368,FAIL,6.780995619264848,9.963003437718967,3.7916815173766043,2.6714250985119197,0,111.0,11/20/2024,117,7024
369,FAIL,5.594222471928633,7.37149365800446,4.442696604591329,0.882102303691231,0,111.0,11/20/2024,118,7024
370,FAIL,6.786922436229202,8.842827602073898,5.995358614796465,0.4425326854926306,0,111.0,11/20/2024,119,7024
371,FAIL,6.151745627126159,8.1833103784471,4.578859853436808,1.4919005445902096,0,111.0,11/20/2024,120,7024
372,FAIL,5.214746749794338,7.118704236024981,4.1498596317816085,0.12363697099803073,0,111.0,11/20/2024,121,7024
373,FAIL,6.120876268266495,8.874390472026795,4.705570623726891,0.1521808566514471,0,111.0,11/20/2024,122,7024
374,FAIL,4.661549123737519,6.249254177722152,4.298862209889586,0.21509217295059013,1,111.0,11/20/2024,123,7024
375,FAIL,4.8116303073281745,6.262488522943577,3.752416733636183,1.2676050441541098,0,111.0,11/20/2024,124,7024
377,FAIL,5.582434326172126,7.601888334486373,3.722248092310069,2.320588059043104,0,111.0,11/20/2024,125,7024
378,FAIL,7.141395243090261,9.64034653163464,3.8274170908200005,4.765957329491345,0,111.0,11/20/2024,126,7024
379,FAIL,4.525774491850761,6.115005223946166,3.4452860109434176,1.1364152270625785,1,111.0,11/20/2024,127,7024
380,FAIL,5.779677267183451,7.93385979520687,4.268843419041652,2.4682901970871645,0,111.0,11/20/2024,128,7024
381,FAIL,6.458982998089641,9.128736906056606,3.9486023650487883,1.5318356820542975,0,111.0,11/20/2024,129,7024
382,FAIL,6.105340258784722,8.396512668959655,4.953237628112483,0.48816175090942604,0,111.0,11/20/2024,130,7024
383,FAIL,4.832774735941958,6.665441189448752,3.141187989855253,2.3820831249174947,0,111.0,11/20/2024,131,7024
384,FAIL,7.272088701600893,10.600960746555002,5.582347625967231,0.07937430055638028,0,111.0,11/20/2024,132,7024
385,FAIL,7.102465413547232,10.326080451943032,5.163085558580613,1.125848232114186,0,111.0,11/20/2024,133,7024
386,FAIL,5.610214181212816,7.347014274519958,4.1869469553577785,1.2837096466521718,0,111.0,11/20/2024,134,7024
387,FAIL,3.273868169675904,4.703226286284766,2.1765226394638697,0.5325554340299665,0,,11/21/2024,135,7024
388,FAIL,3.9131309340009626,5.366379715413375,2.0110357270647916,1.364694670733218,0,,11/20/2024,137,6024
389,FAIL,3.6869469526323697,5.296179047199969,2.4150727935021967,0.7510774097998651,1,,11/20/2024,138,6024
390,FAIL,3.7842016447638405,5.325149645784617,2.3867695670831766,1.6019616183519978,0,,11/20/2024,139,6024
391,FAIL,2.5433799555838847,3.587915481167304,1.3940352836555692,0.95658344920343,0,,11/20/2024,140,6024
392,FAIL,2.456850967924562,3.511183027129182,1.694214184922675,0.5977292080533141,0,,11/20/2024,141,6024
393,FAIL,2.082601152442849,2.890824925518669,1.3598478187417984,0.06489055149293588,0,,11/20/2024,142,6024
394,FAIL,2.493795650845126,3.510486077454227,1.5290508679369823,0.8304192906387347,0,,11/20/2024,143,6024
395,FAIL,3.822597830693587,5.532378557184973,2.815884848103405,0.3535111642901403,0,,11/20/2024,144,6024
396,FAIL,4.674068789777731,6.592268672467763,2.7771663321518028,2.8381156691538805,0,,11/20/2024,145,6024
397,FAIL,3.2361365821971866,4.613874456462815,2.716032055224137,0.18069925000841724,0,,11/20/2024,146,6024
398,FAIL,3.897846628748755,5.556935891298365,2.12065751203826,1.4580054759300585,0,,11/20/2024,147,6024
399,FAIL,3.975694761147385,5.762575921408765,2.9946880413422114,0.9315206711253281,0,,11/20/2024,149,6024
400,FAIL,5.980380167811748,8.81363609698064,2.606451168844518,4.332013751657419,0,,11/20/2024,150,6024
401,FAIL,3.337132220014964,4.724665993485669,2.101209539271836,1.4836726163748781,0,,11/20/2024,151,6024
402,FAIL,3.530858968521788,5.100666623099383,2.1838989660168746,1.5417331146196975,0,,11/20/2024,152,6024
403,FAIL,3.5256467093382255,5.114178208666561,2.2784523427700334,1.1933309358907902,0,,11/21/2024,153,6024
404,FAIL,4.238757379047548,6.1200750608142105,3.586131362708894,0.736439195814659,0,,11/21/2024,154,6024
405,FAIL,3.7749550936587286,5.36736434388425,3.10465952239303,0.007858451889130258,0,,11/21/2024,155,6024
406,FAIL,2.2761043647481496,3.326494964673769,1.610457632548452,0.5034777828120434,0,,11/21/2024,156,6024
407,FAIL,2.927859860840309,4.203375875412522,2.354606378078016,0.4005238891624927,1,,11/21/2024,157,6024
408,FAIL,3.2543067021746226,4.550512333792745,2.4191268796298733,0.02085291452630411,0,,11/21/2024,158,6024
409,FAIL,2.9872869073589414,4.228200710704256,2.388351988905614,0.12048364986725657,0,,11/21/2024,159,6024
410,FAIL,3.589153647001618,5.200067908210437,2.677166852801642,0.6324315679035459,0,,11/21/2024,160,6024
411,FAIL,3.597335263470714,5.176967017472691,3.155141583565031,0.538310920783895,0,,11/21/2024,161,6024
412,FAIL,3.213913839762725,4.626763177427609,2.6047757019451594,0.2439031459989125,0,,11/21/2024,162,6024
413,FAIL,2.4230574355883774,3.5210403292208974,1.3816394959924825,0.30491209289544585,0,,11/21/2024,163,6024
414,FAIL,4.077082214832323,5.90463853677768,3.061529093845083,0.20344695639133104,0,,11/21/2024,164,6024
415,FAIL,3.239749537542479,4.498683140653505,2.1611861388902773,0.575529508466635,0,,11/21/2024,165,6024
417,FAIL,3.290343660619476,4.776155619323989,2.895703231224989,0.017941397437453155,0,,11/25/2024,167,6024
418,FAIL,3.7167823471216073,5.2922419634782365,2.7505190759083256,1.0521411110920633,0,,11/25/2024,168,6024
419,FAIL,3.8661014118812425,5.565526704634526,2.6891185350214566,1.0019635624050571,0,,11/25/2024,169,6024
420,FAIL,3.9779748051657107,5.705805705594959,2.447686578210828,0.254607946078766,0,,11/25/2024,170,6024
421,FAIL,2.229009115690478,3.2072388825904468,1.6762061218276456,0.08661221107606165,0,,11/25/2024,171,6024
422,FAIL,4.054992707577399,5.689161845122706,3.1606111617013064,0.01604200213193785,0,,11/25/2024,172,6024
423,FAIL,3.569281685634568,5.161204437919504,2.4251396479562763,1.3129680378602693,0,,11/25/2024,173,6024
424,FAIL,4.111139757443479,5.705005477648556,2.6596125374993655,1.6894573828049841,0,,11/25/2024,174,6024
425,FAIL,3.8752885348866783,5.621275433564872,2.9526112353162666,0.3224618459946038,0,,11/25/2024,175,6024
426,FAIL,3.622882901251542,5.103068317198976,2.482953543256994,0.3994840157612294,0,104.0,11/25/2024,176,6024
427,FAIL,3.517390236219761,5.031829935520476,2.6081761621125152,0.9721373770032828,0,104.0,11/25/2024,177,6024
428,FAIL,3.5590308001116187,5.066276369287404,2.074550303316346,0.9675592838341665,0,104.0,11/25/2024,178,6024
429,FAIL,4.506238821542974,6.436896573660328,2.9349454276442106,1.1643797890807766,0,104.0,11/25/2024,179,6024
430,FAIL,3.356177970557059,4.716049724080537,2.710030547380084,0.26446032408574727,0,104.0,11/25/2024,180,6024
431,FAIL,3.924839742893357,5.55714967406854,2.338740219233402,1.5470371282494453,0,104.0,11/25/2024,181,6024
432,FAIL,3.4791367104478126,4.9663146547515495,2.2066213919961295,0.4030097230592391,0,104.0,11/25/2024,182,6024
433,FAIL,3.833368334812727,5.416584486556085,2.7045714146764723,0.4380897467295646,0,104.0,11/25/2024,183,6024
434,FAIL,4.4355878403177185,6.356276425707123,3.1986505702637653,0.7483720742860149,0,104.0,11/25/2024,184,6024
435,FAIL,3.274383974183607,4.68614780496731,2.1988721169420535,0.031921214148409316,0,104.0,11/25/2024,185,6024
436,FAIL,7.7661155101135035,11.689968188579478,3.590565863107918,4.465675836755611,0,104.0,11/25/2024,186,6024
437,FAIL,4.375242534359335,6.158848816946231,3.375636037724714,0.5974304311891743,0,104.0,11/25/2024,187,6024
438,FAIL,2.870823556581892,4.066959091262166,1.3696112483413854,1.2371903544705745,0,104.0,11/25/2024,188,6024
439,FAIL,3.434510902005774,4.936401143545765,2.624193329302071,0.4774801861046418,0,104.0,11/25/2024,189,6024
440,FAIL,3.9413334752334617,5.684494810447099,2.9598372434708407,0.7821479472691268,0,104.0,11/25/2024,190,6024
441,FAIL,3.251464187808773,4.685202103431621,2.272203192578218,0.8276152518505633,0,104.0,11/25/2024,191,6024
442,FAIL,3.681523854704477,5.304689552650561,2.6217544365052103,0.5643682417316573,0,104.0,11/25/2024,192,6024
443,FAIL,3.8273732683382793,5.509302927775875,2.7636517405339824,0.25157767494182925,0,104.0,11/25/2024,193,6024
444,FAIL,3.3220874864510614,4.790531024844743,2.082991895508886,1.0359285382297903,0,104.0,11/25/2024,194,6024
445,FAIL,3.627155782606389,5.150143808671755,2.8440076003966333,0.17838546462347038,0,104.0,11/25/2024,195,6024
446,FAIL,3.3661571945510036,4.862615037199642,2.6734816194484523,0.25431743488257696,0,104.0,11/25/2024,196,6024
447,FAIL,2.503362450278063,3.5531157101901383,2.0736317721501405,0.10577860486798096,0,104.0,11/26/2024,197,6024
448,FAIL,3.8118131226004572,5.395855469710057,3.224608698171874,0.21157117470069542,0,104.0,11/26/2024,198,6024
449,FAIL,3.2817494780547465,4.74777118762056,2.1504409260869086,0.7866429942053283,0,104.0,11/26/2024,199,6024
450,FAIL,3.5146432086224837,5.061075108116865,2.4009540426989067,1.2268952146975804,0,104.0,11/26/2024,200,6024
451,FAIL,3.8156783105473315,5.422311545826188,2.5106414038742737,0.009385418046726102,0,104.0,11/26/2024,201,6024
452,FAIL,3.5664115941639687,5.154921192414102,2.792947362285618,0.5133692487583676,0,104.0,11/26/2024,202,6024
453,FAIL,3.7030404349252164,5.240206937707715,2.72356574834725,0.5720561054128694,0,104.0,11/26/2024,203,6024
454,FAIL,3.9924456175048153,5.702441363135607,2.7964663684839093,0.9458079755955566,0,104.0,11/26/2024,204,6024
455,FAIL,3.318520960895337,4.635610127049075,3.0501972682479663,0.10294994239129229,0,104.0,11/26/2024,205,6024
456,FAIL,3.660308623473982,5.237413483772308,2.418717132464783,0.26011439683454185,0,104.0,11/26/2024,206,6024
457,FAIL,3.6036449990259327,5.191744047042382,2.7779070200836014,0.02632625841549041,0,104.0,11/26/2024,207,6024
463,PASS,1.906942823946146,2.603519252857562,1.1576156126648314,0.7118496005516219,0,114.0,12/5/2024,1,6024
464,PASS,2.7751518544313547,3.9343145845242335,2.006617159991351,0.24000180011770889,0,114.0,12/5/2024,2,6024
465,PASS,1.3892259957552455,1.9648552745685979,0.8913658355459845,0.2617390781372171,0,114.0,12/5/2024,3,6024
466,PASS,2.5449426303750537,3.5238792544580724,1.7326854346767702,1.1630677986289009,0,114.0,12/5/2024,4,6024
468,PASS,2.4124739643956814,3.375879515030123,1.7326421370731022,0.2841702932563477,0,114.0,12/5/2024,5,6024
469,PASS,2.6599143336642603,3.7479611123916396,2.0803665279913712,0.17206605652880258,0,114.0,12/5/2024,6,6024
470,PASS,1.2129182368575961,1.5735965969714083,0.8350780122065488,0.3260110922953685,0,114.0,12/5/2024,7,6024
471,PASS,1.2456301049271965,1.7497606979241531,0.8412027746757783,0.32200694872357993,0,114.0,12/5/2024,8,6024
472,PASS,1.4241779077414465,1.9488939170719346,1.037898250553342,0.5348013684872985,0,114.0,12/5/2024,9,6024
473,PASS,2.075863709912293,2.847414397308546,1.6781651244585358,0.4296374764789852,0,114.0,12/5/2024,10,6024
474,PASS,2.8474799449123314,3.909079974879005,1.3883087857837815,1.3574537732179233,0,114.0,12/5/2024,11,6024
475,PASS,1.5441269055627482,2.1039456979684585,0.76792689012911,0.7722336376535546,0,114.0,12/5/2024,12,6024
476,PASS,2.2040182347605115,3.125780902430617,1.68379723889356,0.18184018698264248,0,114.0,12/5/2024,13,6024
477,PASS,2.240226623341494,3.0042750789499997,1.5498154805687854,0.4428301342116847,0,114.0,12/5/2024,14,6024
478,PASS,1.7943263222243528,2.4923996970791067,0.7702675021106297,1.4697721832000794,0,114.0,12/5/2024,15,6038
479,PASS,1.558635742498376,2.2325503913685862,0.8750898534038557,0.776229799548879,0,114.0,12/5/2024,16,6038
480,PASS,1.8067167485213962,2.573035658517004,1.50133126827466,0.33774713373706344,0,114.0,12/5/2024,17,6038
481,PASS,2.9566540347539587,3.931950056905609,2.113703675075919,1.1044612997190515,0,114.0,12/5/2024,18,6038
482,PASS,2.521812880691865,3.472173310766619,1.8906399743838216,0.25646829422442075,0,114.0,12/5/2024,19,6038
483,PASS,1.8515370306911059,2.558843733016936,1.4192490296884281,0.1335784677565477,0,114.0,12/5/2024,20,6038
484,PASS,1.7068256328743443,2.3644780079332444,1.200947235805958,0.24850079256863356,0,114.0,12/5/2024,21,6038
485,PASS,2.4954472857315193,3.516427519514651,1.8972027307193373,0.3499137821672531,0,114.0,12/5/2024,22,6038
486,PASS,1.8211718693754955,2.48419378269892,1.2859123600117675,0.3322171521694621,0,114.0,12/5/2024,23,6038
487,PASS,2.5558685529827065,3.541054751059345,1.7111448045427868,0.7253404247635171,0,114.0,12/5/2024,24,6038
488,PASS,1.6244244680423368,2.2198845690711138,1.0740475088624066,0.653531584736115,0,114.0,12/5/2024,25,6038
489,PASS,2.216042901314986,3.112019039144844,1.5781865703896507,0.35021522219176804,0,114.0,12/5/2024,26,6038
491,PASS,5.111722841998753,6.7479788640747875,1.7338505679543348,3.7603015073655266,0,114.0,12/6/2024,27,6038
492,PASS,1.4400419432511733,1.9810808287396957,0.8756257153726038,0.32551773894654334,0,114.0,12/6/2024,27,6038
493,PASS,2.273971589055677,3.0644340831546573,1.5517426193910218,0.045796551004200214,0,114.0,12/6/2024,28,6038
494,PASS,1.5246369348168163,1.7994721448246995,1.1417329253387627,0.5187182862036936,0,114.0,12/6/2024,29,6038
495,PASS,2.6071727023373756,3.5772492924033163,1.7543717365856109,0.1335209504547583,0,114.0,12/6/2024,30,6038
496,PASS,1.5211045180030154,2.028282832841612,0.9792538037600789,0.4664202979049401,0,114.0,12/6/2024,31,6038
497,PASS,1.511328791886232,2.059990898038131,0.9203294788663724,0.768814744986541,0,114.0,12/6/2024,32,6038
498,PASS,1.2485871414393812,1.5971576315442255,1.0366557426271346,0.14154301508092937,0,114.0,12/6/2024,33,6038
499,PASS,2.042627022096004,2.6507887976977687,0.8775110149281439,1.1787214125682315,0,114.0,12/6/2024,34,6038
500,PASS,1.7802794730453184,2.3172667088619603,1.0475787393761626,0.18913195610642397,0,114.0,12/6/2024,35,6038
501,PASS,1.715841208258888,2.3245792630065463,1.0070064519505608,0.5449335430714823,0,114.0,12/6/2024,36,6038
502,PASS,1.1362377101741854,1.4252390150427412,0.7745762142995888,0.10331000586718986,0,114.0,12/6/2024,37,6038
503,PASS,1.6835786438352192,2.337073490500451,0.8943948539923651,0.6828395520734911,0,114.0,12/6/2024,39,6038
504,PASS,2.219872570934547,3.0632121620939,1.599126673676677,0.4646741453072174,0,114.0,12/6/2024,40,6038
505,PASS,1.9022167462718749,2.624874997023665,1.0972906360806742,0.5729913198797649,0,114.0,12/6/2024,41,6038
506,PASS,1.4201219789542034,1.8799152241524129,0.8932003816479633,0.3164396842509951,0,114.0,12/6/2024,42,6038
507,PASS,1.6782812022144806,2.291998309336189,1.1864714582242346,0.23342310171987624,0,114.0,12/6/2024,43,6038
508,PASS,2.019282803903156,2.7509646035527293,0.681634223997231,1.3961211912191644,0,114.0,12/6/2024,44,6038
509,PASS,1.4296214798891784,1.9527960723024718,1.0168397448969433,0.03411303984850256,0,114.0,12/6/2024,45,6038
510,PASS,2.004616433335752,2.7279181622621973,1.2266953572580617,0.5507304539170972,0,114.0,12/6/2024,46,6038
511,PASS,2.0714063479838045,2.761687663368193,1.4268947762149071,0.2823703389355625,0,114.0,12/6/2024,47,6038
522,PASS,2.143374574900706,2.7884079238877537,1.5629365980858658,0.4991560018295049,0,115.0,1/16/2025,1,6024
523,PASS,3.4351783703823573,4.495479674072611,1.8557425309474247,1.1653774684657234,0,115.0,1/16/2025,2,6024
524,PASS,3.260567761295088,4.351632595934545,1.9776694829886485,0.8329263013148593,0,115.0,1/16/2025,3,6024
525,PASS,2.0351657419685876,2.527880782394613,1.2575889854532027,0.9892407643366994,0,115.0,1/16/2025,4,6024
526,PASS,2.487559140801542,3.297314247990335,1.5295385905624705,0.3758523255074251,0,115.0,1/16/2025,5,6024
527,PASS,1.912146174256188,2.4975212711806907,1.425170065348348,0.13334657472169464,0,115.0,1/16/2025,6,6024
528,PASS,1.9679795023805033,2.628190917722688,1.227414083691298,0.08851415504150006,0,115.0,1/16/2025,7,6024
529,PASS,2.469685320742377,3.3510641966396255,1.357506421178609,0.037434698758902485,0,115.0,1/16/2025,8,6024
530,PASS,2.3868531294601385,3.0810712422792133,1.7181219474090972,0.00047415708973730375,1,115.0,1/16/2025,9,6024
531,PASS,3.273580769313747,3.7834392422767946,1.876044718011275,1.1338730772669958,0,115.0,1/16/2025,10,6024
532,PASS,2.1693137595542153,2.9343280747046583,0.7701901719789802,0.7967870459417516,0,115.0,1/16/2025,11,6024
533,PASS,1.9741300283030756,2.661073561553678,1.226895944116915,0.8413142271537462,0,115.0,1/16/2025,12,6024
534,PASS,1.5581449170807538,1.929904466547514,1.0920405468397079,0.13546212222847198,0,115.0,1/16/2025,13,6024
535,PASS,1.9757065247965797,2.7179921357502144,1.0626825101323434,0.7461676340592707,0,115.0,1/16/2025,14,6024
536,PASS,1.5138593677362198,2.054612189684465,0.9053416747755447,0.5562356592348339,0,115.0,1/16/2025,15,6024
537,PASS,1.6844477727383758,2.301913606111247,1.0068698751295095,0.6945965826796688,0,115.0,1/16/2025,16,6024
538,PASS,2.401698782800288,3.337167586442131,1.7059918014171336,0.0009683114284215755,0,115.0,1/16/2025,17,6024
539,PASS,1.6813477766003797,2.267593713609204,0.8345683580714511,0.525361965601725,0,115.0,1/16/2025,18,6024
540,PASS,2.3375680424392633,3.18650768867737,1.5751400344211592,0.5791532189517754,0,115.0,1/16/2025,19,6024
541,PASS,2.1924167600188516,2.966839648514909,0.9822372148489951,1.0570557479924523,0,115.0,1/16/2025,20,6024
542,PASS,1.817198208241182,2.4502678425021145,0.739535108652183,0.6958972582667242,0,115.0,1/16/2025,21,6024
543,PASS,1.2933621189314248,1.765624889380529,0.806047626261792,0.7145683240380205,0,115.0,1/16/2025,22,6024
544,PASS,2.2205133596850697,2.9776731687678417,1.393435467918479,0.8504707366534376,0,115.0,1/16/2025,23,6024
545,PASS,1.3945596703950955,1.902626474114134,0.7118561650108676,0.10344479062209144,0,115.0,1/16/2025,24,6024
556,PASS,1.4939483469954826,2.057203806140757,0.7949198078971117,0.9039114883737713,0,115.0,1/16/2025,25,6024
557,PASS,2.6577276357654074,3.341743556887632,1.9846626967045395,0.719889317314095,0,115.0,1/17/2025,26,6024
559,PASS,1.86676869322364,2.5360907416730907,1.0941218071586103,0.30894693780199156,0,115.0,1/17/2025,27,6024
561,FAIL,2.55763385581295,3.3257452172407906,1.9460736853383487,0.12488573060025221,0,115.0,1/17/2025,28,6038
562,FAIL,3.4233665514112044,4.042550247059402,2.4512274137588563,0.6538512731035317,0,115.0,1/17/2025,29,6038
564,FAIL,2.8654728624079246,3.5205610348352145,2.2476653970834364,0.14635660929050687,0,115.0,1/17/2025,31,6038
565,FAIL,1.7577084610218312,2.156714804975376,0.8550512977238371,0.3523218673244244,0,115.0,1/17/2025,32,6038
566,FAIL,2.158063350560138,2.7317176373117356,1.3822990134459818,1.0618539835033276,0,115.0,1/17/2025,33,6038
567,FAIL,2.0719869542918095,2.7542762207157034,1.3954743046464098,0.0044761846152687745,0,115.0,1/17/2025,34,6038
570,PASS,2.3979613955417514,2.7051397838189364,1.913133376554799,0.10247700530229942,0,116.0,2/4/2025,1,7024
571,PASS,1.7661339913215148,2.426845946903092,1.2748553852469138,0.444824471113644,0,116.0,2/4/2025,2,7024
572,PASS,2.6113107660537964,3.583725366151817,1.740474585889326,0.21567988941164273,0,116.0,2/4/2025,3,7024
573,PASS,2.0200099703936645,2.791273230982597,1.4992698546610654,0.1209497724093882,0,116.0,2/4/2025,4,7024
574,PASS,1.8766079830112752,2.5826573040184795,1.1557586406880496,0.2186159752272958,0,116.0,2/4/2025,5,7024
575,PASS,2.3302734174607296,3.2685489899954034,1.474242451478202,0.6859699444024328,0,116.0,2/4/2025,6,7024
576,PASS,4.086361523027236,4.295207358207518,3.1424280893069323,0.2608889350952599,0,116.0,2/4/2025,7,7024
577,PASS,3.5632007757905346,4.099001402780924,2.8971055201402316,0.4063377676553368,0,116.0,2/4/2025,8,7024
578,PASS,2.395338790388951,2.8063031732156074,1.6616927492947962,0.3999450283187569,0,116.0,2/4/2025,9,7024
579,PASS,1.5113086677007275,1.7474463511078069,1.174635157453108,0.3357387269017109,0,116.0,2/4/2025,10,7024
581,PASS,1.854145622805835,2.1886496978730903,1.2618154153969263,0.12571400802542554,0,116.0,2/4/2025,11,7024
582,FAIL,2.3639657857744614,2.6031615393594065,1.4711897607909188,0.7426196692677891,0,116.0,2/4/2025,12,7024
583,PASS,3.5454517963652306,4.765701679710972,1.8734025807840042,1.612498824261027,0,116.0,2/4/2025,13,7024
584,PASS,1.8726786830051827,2.554170880910068,1.5493415802314559,0.4572637541030682,1,116.0,2/4/2025,14,7024
585,PASS,2.3331402378875605,3.2222478566987998,1.5273034857891237,0.4390090460837084,0,116.0,2/4/2025,1,7038
586,PASS,1.916132978200164,2.6476509504758226,1.3270902923552244,0.1042939230412121,1,116.0,2/4/2025,2,7038
587,PASS,2.0731647219584595,2.869778954902271,1.3821630724797795,0.2860320469155997,0,116.0,2/4/2025,3,7038
588,PASS,2.5247867007767537,3.504905490879894,1.801062296454351,0.19472067024676587,0,116.0,2/4/2025,4,7038
589,PASS,2.6953751840477955,3.6696942992570967,2.2980080794748123,0.4213867801592217,0,116.0,2/4/2025,5,7038
590,PASS,2.3338469753248487,3.2449836286181726,1.2888650712024792,0.420124123876882,0,116.0,2/4/2025,6,7038
591,PASS,2.4892688673003653,3.4518708695430678,1.3644236102569616,0.6707941320377793,0,116.0,2/4/2025,7,7038
592,PASS,2.515975194881873,3.4646013479186886,2.0533252117269933,0.4364215172322581,0,116.0,2/4/2025,8,7038
593,PASS,3.5970976256428036,4.277063098669459,2.2464022626138145,0.8584485493344514,0,116.0,2/4/2025,9,7038
594,PASS,5.8307917719013895,6.951448590042225,2.9265114520701516,2.95059681737703,0,116.0,2/4/2025,10,7038
595,PASS,2.706309865006746,3.7625282390966834,1.7711707444737719,0.6264807896789573,1,116.0,2/4/2025,11,7038
596,PASS,2.167625358267308,2.9798332587579406,1.5689137242772384,0.3237777868029672,0,116.0,2/4/2025,12,7038
597,PASS,2.3276469416484034,3.2313329293033206,1.1790563279516624,0.9631933821972978,0,116.0,2/4/2025,13,7038
598,PASS,6.214120077952863,5.12655037525235,1.9734547248696728,4.4124994765895895,0,116.0,2/4/2025,14,7038
599,PASS,2.4654293192521237,3.4109437843506076,1.2538397596620605,1.0683400422640472,0,116.0,2/4/2025,15,7038
600,PASS,2.276484586229905,3.139082270345902,1.541111208209853,0.35497823807095563,0,116.0,2/4/2025,16,7038
601,PASS,2.432978950959365,3.3938363248689574,1.734332075063455,0.0990203243889809,0,116.0,2/4/2025,17,7038
602,PASS,3.1040315402476,4.322403122106952,2.0461975353808253,0.280231410166345,0,116.0,2/4/2025,18,7038
603,PASS,4.570284821090366,6.274104019698747,3.3893344918895756,0.18946620404121717,0,116.0,2/4/2025,19,7038
604,PASS,2.913225533316782,4.038849619631801,1.9843396463392011,0.507920136189072,0,116.0,2/4/2025,20,7038
605,PASS,3.0428183224446888,3.9844400484886284,1.9126323393249465,0.3907442072816112,0,116.0,2/4/2025,21,7038
606,PASS,3.532705532374942,4.632810297217002,2.360078179993208,0.21747550474211863,0,116.0,2/4/2025,22,7038
607,PASS,3.635822142357775,4.635519118717987,1.808723106379581,0.8378913809289874,0,116.0,2/4/2025,23,7038
608,PASS,3.628221691067847,4.612278449963749,2.2355892152099544,0.8431574113687259,0,116.0,2/4/2025,24,7038
609,PASS,3.870923779617568,4.520944315074007,3.032429703990722,0.5765716988853611,0,116.0,2/4/2025,25,7038
610,PASS,2.542067531776417,3.129434853132434,1.6388266058295775,0.7283960027569978,0,116.0,2/4/2025,26,7038
611,PASS,3.4174947782423977,4.244449316460264,2.127353756056944,0.16184961647508223,0,116.0,2/4/2025,27,7038
612,PASS,1.9607914982123047,2.68070070130927,1.359326634897652,0.5692897535782955,0,117.0,2/18/2025,1,6024
613,PASS,2.4553801073271084,3.3264977829543354,1.7735599854657753,0.48006312302242504,0,117.0,2/18/2025,2,6024
614,PASS,1.5907735878900486,2.178819921425352,1.0514782032265313,0.23828033506640067,0,117.0,2/18/2025,3,6024
615,PASS,2.314594263194621,3.179317929996932,1.8597562966289387,0.2188801543692489,1,117.0,2/18/2025,4,6024
616,PASS,2.1760408094465475,3.0190261260876863,1.6549742662492235,0.4475661814808629,0,117.0,2/18/2025,5,6024
617,PASS,2.163616020892462,2.941917954328437,1.1958974530647193,0.5720117202436699,0,117.0,2/18/2025,6,6024
618,PASS,1.8963887475844032,2.6387319397771454,1.284058750044955,0.3152172050637032,0,117.0,2/18/2025,7,6024
619,PASS,2.7416335382506243,3.5771261160322583,2.1431737501030486,0.3845709586974513,0,117.0,2/18/2025,8,6024
620,PASS,2.3492322354637305,3.07982345273231,1.8543039283529312,0.3130571396731723,0,117.0,2/18/2025,9,6024
622,PASS,2.6996690316623178,3.6618796402940266,2.061780342182356,0.03347412850567144,0,117.0,2/18/2025,10,6024
623,PASS,2.3958642506098498,3.286786994923764,1.258242267396412,0.023004475115000034,0,117.0,2/18/2025,11,6024
624,PASS,4.560004109890749,4.864302365190718,2.5036726589565803,0.8529933265972702,0,117.0,2/18/2025,1,6038
625,PASS,1.6142409133519653,2.213687534409494,1.0475392563118693,0.11585367083714249,0,117.0,2/18/2025,2,6038
626,PASS,2.3964038738633353,3.3164947610391295,1.2277985148818487,0.9730053831477667,0,117.0,2/18/2025,3,6038
627,PASS,4.6162087141702735,5.197794604445237,2.4232652816452798,2.337177291221661,0,117.0,2/18/2025,4,6038
628,PASS,2.953475478819656,3.838857251839407,1.162869185351411,1.502950043171882,0,117.0,2/18/2025,5,6038
629,PASS,5.5207988526218505,5.813666012078782,3.27337724077867,0.4866925480006632,0,117.0,2/18/2025,6,6038
631,PASS,3.4130314149488954,3.9996263714390974,2.4281461444354027,1.0424443282242288,1,117.0,2/18/2025,7,6038
632,PASS,3.2065034034099136,3.721723391118693,2.352464020893747,0.8999932457506077,0,117.0,2/18/2025,8,6038
633,PASS,2.896171353294322,3.9321654339562047,1.9005249138053413,0.6625267388050902,0,117.0,2/18/2025,9,6038
634,PASS,2.3377666625848454,3.2248885639662004,1.374214039854203,0.9814422636051665,0,117.0,2/18/2025,10,6038
635,PASS,2.558937314036502,3.5325530781574908,0.8930507104852987,2.1919743095061808,0,117.0,2/18/2025,11,6038
636,PASS,1.777492929598644,2.466681728557621,1.5944414597345036,0.03364192100014862,0,117.0,2/18/2025,12,6038
637,PASS,2.0048721912592185,2.7328259183489894,1.4348903918379392,0.32869337769712703,0,117.0,2/18/2025,13,6038
638,PASS,1.9543243747678738,2.705653802687994,1.214010183229904,0.3176288950803212,0,117.0,2/18/2025,14,6038
639,PASS,2.7750001876454173,3.865660519238599,1.6372577754729296,0.8764040322173317,0,117.0,2/18/2025,15,6038
640,PASS,2.2644490413342178,3.0269869507482157,1.63290891697283,0.08821082465790919,0,117.0,2/18/2025,16,6038
641,PASS,2.5409617420875645,3.4996178362786967,1.4286164768335325,1.1259088087688172,0,117.0,2/18/2025,17,6038
643,FAIL,1.2032962936676832,1.6788444686748065,0.6395358918955748,0.13492495987124764,0,117.0,2/19/2025,18,6038
644,FAIL,1.6306206229526208,2.2382442896163024,1.1634196553587774,0.1742817170406865,0,117.0,2/19/2025,19,6038
645,FAIL,5.6431448314935855,6.279064420755692,2.589301401481998,3.167564789586947,0,117.0,2/19/2025,20,6038
646,FAIL,4.8088033606060065,5.323320157570838,2.425263260571645,2.4452995553719683,0,117.0,2/19/2025,21,6038
647,FAIL,1.5654329647868672,2.1863439802556135,0.9734790287509117,0.13369445292579085,0,117.0,2/19/2025,22,6038
648,FAIL,1.5237552007533803,2.121545721873559,1.1923628370489923,0.0026857968131568377,0,117.0,2/19/2025,23,6038
649,FAIL,2.6903281222278155,3.5352634272427306,1.6840137254990764,0.25135166225685746,0,117.0,2/19/2025,24,6038
650,FAIL,2.707745514647116,3.784096839258866,1.2875138748643196,0.5857486340636155,1,117.0,2/19/2025,25,6038
651,PASS,2.6214569328652737,3.3036958470779387,1.9922404181979931,0.4424388978019578,0,118.0,3/10/2025,1,6024
652,PASS,3.1061651441756846,3.845095902575118,2.147110118894141,0.7064867560500323,0,118.0,3/10/2025,2,6024
653,PASS,3.6105340307847795,4.615022345558029,2.9749111209261128,0.47584760897069556,0,118.0,3/10/2025,3,7024
656,PASS,1.9478706455427135,2.664048845272916,1.295645984564493,0.4265746706608615,0,118.0,3/10/2025,4,7024
657,PASS,2.200404578050987,2.9490263223647166,1.2276176256680331,0.06134176272702474,0,118.0,3/11/2025,5,7024
658,PASS,2.224818509299501,3.131914350680754,1.6866243572628068,0.03313592747337868,0,118.0,3/11/2025,6,7024
659,PASS,2.5969580678855246,3.6736570675554345,1.5258256508717107,0.52872229087385,0,118.0,3/11/2025,7,7024
660,PASS,3.236551348687563,4.509957039706707,1.9800950830926685,1.273564303717636,0,118.0,3/11/2025,8,7024
661,PASS,2.880518491494643,3.9804634012749,2.1897927891707307,0.3515075583553111,2,118.0,3/11/2025,9,7024
662,PASS,2.783408378415168,3.771949926762022,1.8589971838819146,0.6064418867730343,0,118.0,3/11/2025,10,7024
663,PASS,2.5145483411445375,3.2111621727966244,1.5753931985347653,0.1584126445873424,0,115.0,1/17/2025,30,7024
664,PASS,3.0312469623940625,4.053914003774632,2.3436701384394825,0.6405518063421294,0,118.0,3/11/2025,12,7024
665,PASS,1.8329384246985359,2.5367535848008553,1.3710526544955195,0.15986938493535008,0,118.0,3/11/2025,13,7024
666,PASS,1.9684314000989926,2.7348914512280067,1.3529518079248912,0.21137508220241985,0,118.0,3/11/2025,14,7024
667,PASS,2.4535951319412588,3.422731000239444,1.7467627079131418,0.07859328177691882,0,118.0,3/11/2025,15,7024
668,PASS,2.6533749375818507,3.617644261117998,1.561329128056042,0.920825883167814,0,118.0,3/11/2025,16,7024
669,PASS,3.170183803722595,4.38053507005708,2.309022854696483,0.5220444904485406,0,118.0,3/11/2025,17,7024
670,PASS,2.530118363401788,3.500811513063804,1.7981420133857888,0.0443540302799903,0,118.0,3/11/2025,18,7024
671,PASS,2.358947005196226,3.1205187869967976,1.5707564846911986,0.08310393541121774,0,118.0,3/11/2025,19,7024
672,PASS,2.21555309781979,3.0266782534653496,1.4956520296478562,0.6056096705789085,0,118.0,3/11/2025,20,7024
673,PASS,2.5673643344951786,3.570131300106489,1.8500585136032377,0.2530523869466399,0,118.0,3/11/2025,1,7038
674,PASS,4.668983373958881,6.126861961885547,2.395279691319207,2.4786308241929897,0,118.0,3/11/2025,2,7038
675,PASS,2.840849347600641,3.9479013412191595,1.9353442541133674,0.21562169391526664,0,118.0,3/11/2025,3,7038
676,PASS,3.0754114591925883,4.290017482481857,1.7649847444913744,1.258301105630101,0,118.0,3/11/2025,4,7038
677,PASS,2.6631237079413785,3.6903937798018216,1.6935517240557658,0.007453260204950407,0,118.0,3/11/2025,5,7038
678,PASS,2.5888381555117155,3.5513553750645737,1.8424865137080417,0.3025144321448274,0,118.0,3/11/2025,6,7038
679,PASS,2.0867087493289866,2.8938177637854126,1.057393467537791,0.8451706016317977,0,118.0,3/11/2025,7,7038
680,PASS,1.9903639442320527,2.7539982298469226,1.2165157781280804,0.36747221832185395,0,118.0,3/11/2025,8,7038
681,PASS,2.5155049614347273,3.5193873756663967,1.8823262960611242,0.041710740548359215,0,118.0,3/11/2025,9,7038
682,PASS,2.0389980065152784,2.8333350490190874,1.2412531486760316,0.21555207884359318,0,118.0,3/11/2025,10,7038
683,PASS,2.370142192363768,3.299116358966439,1.950197315096417,0.10970851168838403,0,118.0,3/11/2025,11,7038
684,PASS,2.679049517333613,3.708935999717447,1.2522827385581055,1.1115333339625826,0,118.0,3/11/2025,12,7038
685,PASS,2.5882188023955983,3.612237879763732,1.7351379610471642,1.0346222445237347,0,118.0,3/11/2025,13,7038
686,PASS,2.8645744632167,3.993758411571749,1.8674811396043172,0.5246072376343749,0,118.0,3/11/2025,14,7038
687,PASS,2.239094562915508,3.0525102374930775,1.4736868313436826,0.48106673406294,0,118.0,3/11/2025,15,7038
688,PASS,2.341201984506259,3.22070353339142,1.3228340343257192,0.4435108215742116,0,118.0,3/11/2025,16,7038
689,PASS,2.9568006381015657,4.09640772506839,2.2529154593528977,0.003307972799588832,0,118.0,3/11/2025,17,7038
690,PASS,2.41325210228956,3.3214887475347594,1.74715418725876,0.49794179325815313,0,118.0,3/11/2025,18,7038
691,FAIL,2.4255638677938847,3.3134442050531105,1.0644382060208255,0.5810463501416931,0,118.0,3/11/2026,1,7038
692,PASS,1.5177786966464522,1.6531350687574076,0.8876523960303445,1.048081180087121,1,118.0,3/11/2026,2,7038
693,FAIL,1.6244061091056379,2.203851741837471,1.1841514214997388,0.0893791419122496,0,118.0,3/11/2026,3,7038
694,PASS,0.8388130909471655,1.1162996909432465,0.39672924305610874,0.5236945697976387,0,118.0,3/11/2026,4,7038
695,PASS,1.4024360278937387,1.8687930597045936,0.9028554211238147,0.1760037068827489,0,118.0,3/11/2026,5,7038
696,PASS,2.379000639259533,3.206904660260422,1.02422571706991,1.0088268756425698,0,118.0,3/11/2026,6,7038
697,PASS,1.9088576728337847,2.442977179590507,1.4349066708939604,0.1870150498224381,0,118.0,3/11/2026,7,7038
698,PASS,1.091414068390763,1.4973914818777398,0.7861056369891942,0.20361091774064743,0,118.0,3/11/2026,8,7038
699,PASS,0.661629269584595,0.8769335778723513,0.38678629765002576,0.2180132853992613,0,118.0,3/11/2026,9,7038
700,PASS,4.074995003603189,5.066567501770802,2.401628897051877,1.2774846535105975,0,118.0,3/11/2026,10,7038
701,PASS,1.7263043721549993,2.345838069859036,0.7500944135553212,1.103525412217682,0,118.0,3/11/2026,11,7038
702,PASS,3.4686449145714118,4.557044683783549,1.5597963995145172,1.8227945175169284,0,118.0,3/11/2026,12,7038
703,PASS,1.7826433021286967,2.3050460949837848,0.990270440407753,0.1733115620893233,0,118.0,3/11/2026,13,7038
704,PASS,1.4955299118662408,2.03805360577193,0.8851530218597548,0.8125592448008881,0,118.0,3/11/2026,14,7038
705,PASS,0.8282830685818605,0.9007670342547012,0.598793617664783,0.2181125210627286,0,118.0,3/11/2026,15,7038
706,PASS,0.8822933652507029,1.1577948388591646,0.7043194668266461,0.08667989879323978,1,118.0,3/11/2026,16,7038
707,PASS,1.6980365650784377,2.0219715007882844,1.3890213182107163,0.09222110152985175,0,118.0,3/11/2026,17,7038
708,PASS,2.0725700931049356,2.75417410488154,1.0214898552516447,0.8506391489652703,0,118.0,3/11/2026,18,7038
709,PASS,1.5537315787551071,1.7638080252680606,0.7462710068431386,0.8510633726933606,0,118.0,3/11/2026,19,7038
710,PASS,4.123629437013495,5.504700832016212,1.1576250489139774,3.492057831018894,0,118.0,3/11/2026,20,7038
711,PASS,1.6213262535728838,2.1497587073902036,0.9799058517436992,0.6072276682263287,0,118.0,3/11/2026,21,7038
712,PASS,2.9431823984249936,3.9453303093657386,1.8084937266539967,1.168855776469312,0,118.0,3/11/2026,22,7038
713,PASS,1.7509415176443675,2.144541034813745,0.9577203216556368,0.8938449888851137,0,118.0,3/11/2026,23,7038
714,PASS,1.5398808293498114,1.905933170391862,0.8753968690950119,0.7399925539451647,0,118.0,3/11/2026,24,7038
715,PASS,3.212040194838282,4.268375715655784,1.9013096299019245,1.1167417758017706,0,118.0,3/11/2026,25,7038
716,PASS,2.822461615874938,3.761825520940604,1.2470577676702899,0.5034730566306389,0,118.0,3/11/2026,26,7038
717,PASS,1.9719423487476055,2.4983069267005584,1.324353217516632,0.5187270822765144,0,118.0,3/11/2026,27,7038
718,PASS,2.5869915148378873,3.394323386184637,1.0076663936214996,1.1066181598623661,0,118.0,3/11/2026,28,7038
719,PASS,2.054821087295139,2.4895004518979427,1.3965651098363,0.20252183090465592,0,118.0,3/11/2026,29,7038
720,PASS,4.08954845646329,5.4632556685551625,1.5929923619203878,3.0443585531124544,0,118.0,3/11/2026,30,7038
721,PASS,1.636756542388615,1.6353185214711765,1.3421529918218489,0.21317974051735833,1,118.0,3/11/2026,31,7038
722,PASS,1.5917072605716067,2.1067866527012225,0.6958991376079796,1.0678370122548078,0,118.0,3/11/2026,32,7038
723,PASS,3.604823579121601,4.81573852072556,1.5266849519950825,0.4104136089648178,0,118.0,3/11/2026,33,7038
724,PASS,2.2842591387534767,2.784773330093492,1.1241774658940729,1.1008382753373118,0,118.0,3/11/2026,34,7038
725,PASS,1.6259887871722298,2.158127081522297,0.6801514955424173,0.7890424980804759,0,118.0,3/11/2026,35,7038
726,PASS,2.307922439761644,2.849294868910552,1.3994898101531963,1.0580867099367668,0,118.0,3/11/2026,36,7038
727,PASS,1.5039080419859796,1.9635443081326278,0.8318757141961252,0.734297329156689,0,118.0,3/11/2026,37,7038
728,PASS,3.304196056194749,4.485273821072682,1.2442173334614905,2.378149951685669,0,118.0,3/11/2026,38,7038
729,PASS,1.083288153573039,1.2737469332642142,0.6882251007171892,0.10046434988688346,0,118.0,3/11/2026,39,7038
730,PASS,1.5944489666740904,1.9743938943382167,1.0149982033117133,0.014122242894360815,0,118.0,3/11/2026,40,7038
731,PASS,2.2583832347803927,3.056924516568895,1.1330862848001668,0.20550785940273197,0,118.0,3/11/2026,41,7038
732,PASS,2.078897438698663,1.9163637441780246,0.911573385292982,1.223281518087884,0,118.0,3/11/2026,42,7038
735,FAIL,2.6630320827215868,3.2066735966661057,1.238456053047403,1.3126746200137163,1,119.0,3/20/2025,1,6024
737,PASS,2.072824681309189,2.8130688313654746,1.0359782646411426,1.1680719185769801,0,119.0,3/20/2025,2,6024
738,PASS,2.280777055641292,3.1510137257714494,1.6612810218657623,0.0354241296814517,0,119.0,3/20/2025,3,6024
739,PASS,2.401731469092319,3.0631203453341476,1.844940203735364,0.16593621888324162,0,119.0,3/20/2025,4,6024
740,PASS,1.338232746292676,1.5930120840721849,0.8180561781648491,0.6020531436859022,0,119.0,3/20/2025,5,6024
741,PASS,1.611392583059295,2.155942369359628,0.6127059952465357,0.829507216441918,0,119.0,3/20/2025,6,6024
742,PASS,2.065659608593682,2.825094024983958,1.2104594787325589,0.8705454651727071,0,119.0,3/20/2025,7,6024
743,PASS,3.1176490964380146,4.2996169887560995,2.1825220352208343,0.9954705279328628,0,119.0,3/20/2025,8,6024
744,PASS,2.6858903174210864,3.600578078586824,1.7685232880656077,0.29030605354221395,0,119.0,3/20/2025,9,6024
745,PASS,2.6698652572888024,3.7107184277441574,1.6723357937343888,0.22468821067690303,0,119.0,3/20/2025,10,6024
746,PASS,2.9045228731805026,4.076548785431132,2.309195511457562,0.4517160298896217,0,119.0,3/20/2025,11,6024
747,PASS,2.6176137499480983,3.655767703232806,1.9159999886510193,0.06438486505560181,0,119.0,3/20/2025,12,6024
748,PASS,1.780475413257811,2.4786299138838777,1.3048087480969373,0.47545544947262486,1,119.0,3/20/2025,13,6024
749,PASS,2.693538996998764,3.7095484900456523,2.0080373659301256,0.19219336277079657,0,119.0,3/20/2025,14,6024
750,PASS,2.2201794514765325,3.05652682795358,1.6979634846947913,0.8557555461396193,0,119.0,3/20/2025,15,6024
751,PASS,1.737403126091298,2.4453220646777636,1.1795556611718465,0.18145899359761186,0,119.0,3/20/2025,16,6024
752,PASS,2.2251938776930014,3.125288986637869,1.0724993463360732,0.7633311539043264,0,119.0,3/21/2025,1,6024
753,PASS,2.1691575733075004,2.9945502583860506,1.4141689912076476,0.3743327455377714,0,119.0,3/21/2025,2,6024
754,PASS,2.8390374036869113,3.878554821064149,2.161851569361611,0.10745154517681765,0,119.0,3/21/2025,3,6024
756,FAIL,2.6757905152503745,3.6556377692545037,2.188886120402499,0.050960441591992645,0,119.0,3/21/2025,4,6038
757,FAIL,3.380018782277237,4.625770206138651,2.1109525924287147,0.6939812284257028,0,119.0,3/21/2025,5,6038
758,PASS,2.318064599522554,3.1923756827791943,1.8395005049884514,0.1085024268943271,0,119.0,3/21/2025,6,6038
759,PASS,1.357947593224689,1.4965251417867977,1.062337704849673,0.11682376840790143,0,119.0,3/21/2025,7,6038
760,PASS,0.9977265902815257,1.3358283946675238,0.6748511589520017,0.00023516364880626917,0,119.0,3/21/2025,8,6038
761,PASS,1.923629893196187,2.6785595475926898,1.2900037585318387,0.1059659896129137,0,119.0,3/21/2025,9,6038
762,PASS,1.7992658684925682,2.4521725061667228,1.4511874829430076,0.0035746458374554813,0,119.0,3/21/2025,10,6038
763,PASS,1.9098795203723902,2.602246625514197,1.0951592944702027,0.11278582248152125,1,119.0,3/21/2025,11,6038
764,PASS,2.8586093752949018,3.838564998798382,2.0865892839237676,0.5840628155122722,0,119.0,3/21/2025,12,6038
765,PASS,2.369661164862215,2.960453934787695,1.4906363844648374,0.46254814276680456,0,119.0,3/21/2025,13,6038
766,PASS,2.2178641331368736,2.8640188219528007,1.4375426796543274,0.5808390155814718,0,119.0,3/21/2025,14,6038
767,PASS,2.895299322470355,4.018000124440021,1.58513356215198,1.51017645441754,0,119.0,3/21/2025,15,6038
768,PASS,2.6763867769336325,3.7188380241683086,1.8382110509819583,0.5407801063061086,0,119.0,3/21/2025,16,6038
769,PASS,2.4848421938097838,3.479757534656671,1.0783773297744523,1.8551435966153749,0,119.0,3/21/2025,17,6038
770,PASS,2.589753189958744,3.6038156861859743,1.5367422232152645,0.38561292757859933,0,119.0,3/21/2025,18,6038
771,PASS,2.2838024475558587,3.1552634596813065,1.3151810041876348,0.17143348861504393,0,119.0,3/21/2025,19,6038
772,PASS,2.700835020039889,3.7261197981278036,1.5312308144403437,1.1467093335212313,0,119.0,3/21/2025,20,6038
773,PASS,2.3949704468446233,3.212387157551229,1.8028582774893682,0.802809013082239,0,119.0,3/21/2025,21,6038
775,PASS,1.8926520081429765,2.673400222563023,1.326920788228766,0.4575555855070843,0,120.0,4/4/2025,1,6024
776,PASS,2.0219950963706403,2.8483043201174936,1.1586990114576057,0.5082519259268785,0,120.0,4/8/2025,2,6024
777,PASS,2.0434135886608686,2.865161426516832,1.673422273362121,0.1860841283377328,0,120.0,4/8/2025,3,6024
778,PASS,2.4917508172011926,3.487984733338158,1.7453045130644906,0.2623184801956673,0,120.0,4/8/2025,4,6024
779,PASS,2.3902991608480897,3.1491506791514454,1.6796662067223969,0.38272669299621187,0,120.0,4/8/2025,5,6024
780,PASS,2.7574300673615024,3.611949785088383,2.003832024758535,0.09807469192714002,0,120.0,4/8/2025,6,6024
781,PASS,1.9375970944220078,2.70916038654045,1.6917303304568312,0.07651155226429296,0,120.0,4/8/2025,7,6024
782,PASS,2.1352260919757096,2.9919099251147134,1.6346556099848393,0.5095086527694801,0,120.0,4/8/2025,8,6024
783,PASS,2.9288558377661125,3.9846588624372963,1.8420074816144154,0.9435017105803463,0,120.0,4/8/2025,9,6024
784,PASS,1.1688080671308196,1.564858220414874,0.5556437571299985,0.6446416236118043,0,120.0,4/8/2025,10,6024
785,PASS,2.678951642086476,3.7467727780050915,2.090738839287583,0.0355976852793769,0,120.0,4/8/2025,11,6024
786,PASS,3.03186591774294,4.041672766318418,2.2201781240284357,0.4986439350345844,0,120.0,4/8/2025,12,6024
787,PASS,3.351254898415239,4.307590683897443,2.101160630322537,1.2644792558894404,0,120.0,4/8/2025,13,6024
788,PASS,1.8754637350045993,2.609576115004118,1.4596135697070907,0.12461530052490177,0,120.0,4/8/2025,14,6024
789,PASS,3.8667259579351247,5.03796275790125,2.10851358033529,1.3373503454041131,0,120.0,4/8/2025,15,6024
790,PASS,1.8903144057192003,2.648808694488904,1.2866516102057715,0.580583210453089,0,120.0,4/8/2025,16,6024
791,PASS,3.8325162965270625,5.3272284069673566,2.6612486366254338,0.7174098108910654,0,120.0,4/8/2025,17,6024
792,PASS,2.3283960258654455,3.246225693016441,1.7798644239692518,0.08547475411735528,0,120.0,4/8/2025,18,6024
793,PASS,2.887328097179041,3.7178227835656728,1.6547083365350959,0.2844389687616671,0,120.0,4/8/2025,19,6024
794,PASS,2.733191513774553,3.7922659782773827,1.8091252597197611,0.37580253144649145,0,120.0,4/8/2025,20,6024
795,PASS,1.8630367370962313,2.5817290717656642,1.49179381463005,0.6040615714651052,0,120.0,4/8/2025,21,6024
796,PASS,2.5876503686515333,3.652674533817651,2.0819066504043855,0.24265363010173102,0,120.0,4/8/2025,1,6038
797,PASS,1.9139928616426178,2.554262369060784,1.254841156497497,0.507119824289886,0,120.0,4/8/2025,2,6038
802,PASS,2.4053495074652793,3.40209953558095,2.070528477586309,0.0685320947549295,0,120.0,4/8/2025,3,6038
803,PASS,2.5988171356776912,3.6130968365102083,1.9896115200953683,0.7596474337899615,0,120.0,4/9/2025,4,6038
804,PASS,2.9592797846923533,4.161889594883558,2.1208852424273554,0.48921416495408643,0,120.0,4/9/2025,5,6038
805,PASS,2.7863507989154366,3.924529430390347,1.9201430200543932,0.8329809684370937,0,120.0,4/9/2025,6,6038
806,PASS,2.8614703969816246,3.9994734028369328,2.3266869946144344,0.47560606248005666,0,120.0,4/9/2025,7,6038
807,PASS,2.264408345159907,3.060533205178471,1.0991929762474948,0.5481805403738969,0,120.0,4/9/2025,8,6038
808,PASS,3.0807636116267414,4.264204204772562,2.222332610243382,0.5843761084241561,0,120.0,4/9/2025,9,6038
809,PASS,2.957127617563942,4.085549228683947,2.2944675942770165,0.028075422722592336,0,120.0,4/9/2025,10,6038
810,PASS,2.2394449578141886,2.9943509313372054,1.0981311198005352,0.10506398353773028,0,120.0,4/9/2025,11,6038
811,PASS,3.075261354298666,4.227864413625406,2.1944821568753747,0.0687433126200121,0,120.0,4/9/2025,12,6038
812,PASS,1.8532230654847957,2.5490206452675164,1.3866525362837467,0.2663721626672402,1,120.0,4/9/2025,13,6038
813,PASS,8.26170335718426,12.116328342365112,2.8277381007899014,6.414107479558545,0,120.0,4/9/2025,14,6038
814,PASS,2.6711827407900266,3.6735881641795456,2.0208782524705207,0.19598686786347885,0,120.0,4/9/2025,15,6038
815,PASS,2.7912898606810885,3.642755653348166,1.4933074063670357,0.5782608114978407,0,120.0,4/9/2025,16,6038
816,PASS,2.418397787631115,3.2797579941209203,1.981452945232487,0.31654793177653096,0,120.0,4/9/2025,17,6038
817,PASS,3.4849914353455143,4.290414461331216,2.044584017915809,1.3868648907546621,0,120.0,4/9/2025,18,6038
821,PASS,2.7669011260273866,3.7803463796324337,1.6305874980243757,1.380053290093287,0,121.0,4/14/2026,1,7024
822,PASS,4.680241040566491,4.392576123415505,2.5035499122069065,1.9858823758862902,0,121.0,4/14/2026,2,7024
823,PASS,1.1111318668895693,1.5210235040918971,0.7980207148464195,0.011338422024077977,0,121.0,4/14/2026,3,7024
824,PASS,1.7560533798442264,2.299192793134145,1.1048390684727176,0.07217700065552601,0,121.0,4/14/2026,4,7024
825,PASS,3.127510336395229,3.2278030454164948,2.1309461444377233,0.6216581643270676,0,121.0,4/14/2026,5,7024
826,PASS,3.0453783189420767,3.621430138771148,1.2017385128394837,1.4130398933187087,0,121.0,4/14/2026,6,7024
827,PASS,3.508188831769707,3.7610046862507365,2.0237583358226523,1.4641004224069505,0,121.0,4/14/2026,7,7024
828,PASS,2.154330619541114,3.0123921142507304,1.6808741737129493,0.06854979725905563,0,121.0,4/14/2026,8,7024
829,PASS,2.050847609134013,2.7923209432298286,1.4477249951852098,0.7525815786774135,0,121.0,4/14/2026,9,7024
830,PASS,3.5636384385916364,4.018441084550077,1.2113295055819122,2.4492468319039595,0,121.0,4/14/2026,10,7024
831,PASS,2.634876746129496,3.6114081394935056,1.8885895411762752,0.34431710615080435,0,121.0,4/14/2026,11,7024
832,PASS,2.1922019730444897,2.7552347903581667,1.5128683183425382,0.267339284644603,0,121.0,4/14/2026,12,7024
833,PASS,3.0939444049770435,4.2618445243814405,2.6386058751075483,0.04152048753524529,0,121.0,4/14/2026,13,7024
834,PASS,4.823022516807927,6.508833420821276,1.5118057599193788,4.314561774161898,0,121.0,4/14/2026,14,7024
835,PASS,1.609171762035443,2.1528440491591656,0.8821508094724959,1.0088996605979599,0,121.0,4/14/2026,15,7024
836,PASS,2.9961139825620426,3.3357429832047907,1.628939922505901,1.3945828200462158,0,121.0,4/14/2026,16,7024
837,PASS,1.0536239782809391,1.4069492705851245,0.5344087666713843,0.7142070865112118,0,121.0,4/14/2026,17,7024
838,PASS,3.344045849861563,3.602479181064062,1.6895473719793401,0.6014268424435083,0,121.0,4/14/2026,18,7024
839,PASS,3.2915860333210154,3.2831948997889224,1.7973545984281507,1.7980226412483704,0,121.0,4/14/2026,19,7024
840,PASS,1.6087606977229565,2.2302508267008907,1.0622186235401176,0.0018141413478760526,0,121.0,4/14/2026,20,7024
841,PASS,4.014477830346433,4.747039867117194,2.4458890806365403,2.0626900495302074,0,121.0,4/14/2026,21,7024
842,PASS,2.205946873132197,3.0923797470556527,1.6356328381285392,0.4245468936986956,0,121.0,4/14/2026,22,7024
843,PASS,2.0284589302873357,2.8405611241443025,1.4362045523913032,0.3618575799190711,0,121.0,4/14/2026,23,7024
844,PASS,3.0532044816606634,3.353593222202119,2.250673010452132,0.6258000964158592,0,121.0,4/15/2026,24,7024
845,PASS,7.31222188141201,8.335427778464641,3.656290990851812,4.488990595678535,0,121.0,4/15/2026,25,7024
846,PASS,3.4341046291259545,4.533589223782853,2.08182745138305,1.3028518174771402,0,121.0,4/15/2026,26,7024
847,PASS,5.430622291314433,7.071602099241728,2.239486949136768,2.656381308728912,0,121.0,4/15/2026,27,7024
848,PASS,3.146734101169945,4.207089997848871,2.0902319509976808,0.3484348859715931,0,121.0,4/15/2026,28,7038
849,PASS,4.198647811538716,5.4848397120304835,2.160579215661683,1.648118095956065,1,121.0,4/15/2026,29,7038
850,PASS,2.281552627949074,2.903411786157786,1.3967326837733605,0.19977952959393264,1,121.0,4/15/2026,30,7038
851,PASS,3.4889393771873736,4.016606154454282,1.7851044281788544,1.3242146107144142,0,121.0,4/15/2026,31,7038
852,PASS,4.382076550874462,4.976134292801992,1.7148608462093,3.275353153397676,0,121.0,4/15/2026,32,7038
853,PASS,6.9056235207492,8.989155271770533,3.286278794099021,3.9767423520761978,0,121.0,4/15/2026,33,7038
854,PASS,3.7097407881387605,4.0805131417506795,1.5721828093978971,2.4464456467559885,0,121.0,4/15/2026,34,7038
855,PASS,4.890492673073931,4.464227956769234,1.8044219798172074,2.520452534797259,0,121.0,4/15/2026,35,7038
856,PASS,2.3228100969623364,2.927440221422125,1.7636673956926543,0.6038736464131931,0,121.0,4/15/2026,36,7038
857,PASS,2.8697716149321164,3.36743596821083,1.843779383276491,0.7337935458878855,0,121.0,4/15/2026,37,7038
858,PASS,3.240668515457744,3.6105652258337644,1.7606641530327856,1.0115903643031392,0,121.0,4/15/2026,38,7038
859,PASS,2.620122216083158,2.780279886989794,1.729288246259169,1.0175599738940149,0,121.0,4/15/2026,39,7038
860,PASS,2.6526819104761983,3.2787354650840608,1.487750148824518,0.7901503357408686,0,121.0,4/15/2026,40,7038
861,PASS,5.2080791720849025,5.300678022668425,2.115062357353693,3.377801745480663,0,121.0,4/15/2026,41,7038
862,PASS,3.1438853873020394,3.4493577300709224,1.8798206353151026,0.5989467949991236,0,121.0,4/15/2026,42,7038
863,PASS,2.5389658868692977,2.543277904594777,1.6751866526795993,0.6679485973086265,0,121.0,4/15/2026,44,7038
864,PASS,2.974108008075264,2.8768667852370267,2.1544871801390633,0.2680937454112602,0,121.0,4/23/2026,45,7038
865,PASS,3.543303862137464,3.495540909501705,1.991938785952498,1.8066396195332204,0,121.0,4/24/2026,46,7038
866,PASS,4.405870472515452,4.333365464624469,1.9222259276680542,1.9852613058955777,0,122.0,5/9/2026,1,6024
868,PASS,2.4506476519399922,3.0274680014824327,1.4944312964556454,1.2551614716459416,0,122.0,5/9/2026,2,6024
869,PASS,2.4727787058553337,3.5650745083378093,1.7365450406343907,0.603205377904225,0,122.0,5/9/2026,3,6024
870,PASS,1.7134176300960506,2.3943080652061326,1.1263706516503955,0.4761554223099447,1,122.0,5/9/2026,4,6024
871,PASS,2.06982540769353,2.837596914644501,1.6072699507963237,0.4253208095890333,0,122.0,5/9/2026,5,6024
872,PASS,2.460096718988195,3.495144846783888,1.8673456468052383,0.2113898705602799,0,122.0,5/9/2026,6,6024
873,PASS,2.7610502305331335,3.963067782665345,1.8509258831559094,0.3259759188645259,0,122.0,5/9/2026,7,6024
874,PASS,2.6697667364357516,3.245394814194426,1.8609056717573018,0.38512393604605855,0,122.0,5/9/2026,8,6024
875,PASS,2.574764631443718,3.8015827296009292,1.5164237602386752,0.8063436629943406,0,122.0,5/9/2026,9,6024
876,PASS,2.6358872354720195,3.8932393324839505,1.8061937630349554,0.27354802200786343,0,122.0,5/9/2026,10,6024
877,PASS,3.358527713888558,4.82124011536451,2.1139655426595367,0.4497952681140025,0,122.0,5/9/2026,11,6024
878,PASS,3.3290335262343618,3.9417841772476674,1.6723628481673167,2.00537202692061,0,122.0,5/9/2026,12,6024
879,PASS,2.2189108686616508,3.2018598111097827,1.654802509612832,0.6167206280264601,0,122.0,5/9/2026,13,6024
880,PASS,2.782101042781959,4.068114581719658,1.7622629743756628,0.6968209580545555,0,122.0,5/9/2026,14,6024
881,PASS,2.832961668544387,4.019958799540121,1.846720794612447,0.8766599126491277,0,122.0,5/9/2026,15,6024
882,PASS,1.985650367732783,2.92695874586575,1.3893448162387798,0.07141308295361282,0,122.0,5/9/2026,16,6024
883,PASS,2.229772112288104,2.9571111325075314,1.2982647113771466,0.22091702221622356,0,122.0,5/9/2026,17,6024
884,PASS,2.3925900949391887,3.175929981910802,1.735889827632766,0.2274678685329543,0,122.0,5/9/2026,18,6024
885,PASS,6.137202912234213,9.150580430891926,2.4536598614255136,4.047969361701161,1,122.0,5/9/2026,19,6024
886,PASS,2.57168570120528,3.6966420573271637,1.6729843203678563,1.1386257371071258,0,122.0,5/9/2026,20,6024
887,PASS,2.608358977902319,3.741063518573301,1.7347306388233454,0.4502993122650487,0,122.0,5/9/2026,21,6024
888,PASS,2.4648102337564914,3.4647267208251784,1.837804217803449,0.09825567896058995,0,122.0,5/9/2026,22,6024
889,PASS,1.8065851357537648,2.505789546230893,1.238643456638507,0.24064289967491215,0,122.0,5/9/2026,23,6024
890,PASS,4.811875996689982,6.090818397391273,2.0950759757893738,2.7173429439476653,0,122.0,5/9/2026,24,6024
891,PASS,2.7581648957712366,4.050992162421448,2.1297694411249544,0.018757382434919645,0,122.0,5/9/2026,25,6024
892,PASS,1.8623959468483877,2.746207612326506,1.4680792989004912,0.08024133132970168,0,122.0,5/9/2026,26,6024
893,PASS,3.1025591530604717,3.811913069575421,2.2922411936703435,0.5202970412888055,0,122.0,5/9/2026,27,6024
895,PASS,2.686418638533351,4.01447537045626,1.9534541896898627,0.29040167769427905,0,122.0,5/12/2025,1,6038
896,PASS,2.05294659338011,2.999831245253645,1.571035526291596,0.11100276657662844,0,122.0,5/12/2025,2,6038
897,PASS,3.086999533820947,4.1696387733231814,1.8723523947698348,0.9481256340722757,0,122.0,5/12/2025,3,6038
898,PASS,2.5157458740566354,3.741562173745073,1.6645966705302764,0.8020437022731308,0,122.0,5/12/2025,4,6038
899,PASS,4.167903792334401,4.725009920624507,2.454189265592417,0.24368491903297596,0,122.0,5/12/2025,5,6038
900,PASS,2.477011878871891,3.707108880246161,1.5846773708201827,0.2561921601947992,0,122.0,5/12/2025,6,6038
901,PASS,2.4888437983309784,3.7090340162006328,1.4233635481550453,0.9949641402204361,1,122.0,5/12/2025,7,6038
902,PASS,1.6841665596564477,2.3197225049561387,1.2836924026307635,0.19572231963078623,0,123.0,6/18/2025,1,6024
903,PASS,1.4734597460261738,2.1211155673371485,1.0638285363368922,0.05012221945952344,0,123.0,6/18/2025,2,6024
904,PASS,1.7290189871527877,2.644151565247339,1.1233031218221845,0.220846794947533,0,123.0,6/18/2025,3,6024
905,PASS,3.1840655779961065,4.5167390061857535,2.1515963257546797,0.6563220331078607,0,123.0,6/18/2025,4,6024
906,PASS,2.4318013283721567,3.574544551407916,1.9972259078585601,0.10464794016827339,0,123.0,6/18/2025,5,6024
907,PASS,2.6797727105055693,4.0670728110030065,2.4277014725311576,0.0900636523564553,0,123.0,6/18/2025,6,6024
908,PASS,2.018403729300424,3.0262414807810756,1.4480605145475602,0.5051548850835061,0,123.0,6/18/2025,7,6024
909,PASS,1.734311473614797,2.606053050112371,1.2304386646805556,0.20911030915123496,0,123.0,6/18/2025,8,6024
910,PASS,1.9151530202460112,2.899544145206279,1.2012031808531463,0.40911751983038824,0,123.0,6/18/2025,9,6024
911,PASS,6.182054938051657,6.837143957823324,2.360939705190202,4.360203040626233,0,123.0,6/18/2025,10,6024
912,PASS,2.443571994832238,3.6519121703567814,1.6066556614003533,0.36709527012245013,0,123.0,6/18/2025,11,6024
913,PASS,2.232735373441055,3.361831717977572,1.669855918919634,0.08821356075573172,0,123.0,6/18/2025,12,6024
914,PASS,1.6321216493245443,2.4178748416739833,0.8853105217628675,0.9036563654759375,0,123.0,6/18/2025,13,6024
915,PASS,1.7649787806478783,2.5895269838331414,1.0062656204451004,0.12672845604012895,0,123.0,6/18/2025,14,6024
916,PASS,2.3514523760624906,3.5739167939391105,1.4032069984030968,0.5722892373310604,0,123.0,6/18/2025,15,6024
917,PASS,2.074536088388209,3.0551329758293595,1.28523032814148,0.5407397740366344,0,123.0,6/18/2025,16,6024
918,PASS,2.2125295746889897,3.162075070266358,1.4394180889001034,0.12868255725140942,0,123.0,6/18/2025,1,6038
920,PASS,2.326928913677194,3.489826285074951,1.8208142259805224,0.11531977521947567,0,123.0,6/18/2025,2,6038
921,PASS,1.7815039507345014,2.701051878435515,1.3609847494034824,0.5013503408686566,0,123.0,6/18/2025,3,6038
922,PASS,1.8838702261043085,2.7803372097643058,1.417630484963846,0.11902268645383263,0,123.0,6/18/2025,4,6038
923,PASS,2.2189035612546113,3.3851033957620844,1.2959734345233274,0.8668214084104842,0,123.0,6/18/2025,5,6038
924,PASS,1.6108686739415599,2.423259684804755,1.1862448474415217,0.28558942817984323,0,123.0,6/18/2025,6,6038
925,PASS,1.8498675426900215,2.7593817242273637,1.36379373425683,0.5143959416534045,0,123.0,6/18/2025,7,6038
926,PASS,1.7226154546390602,2.5202492436265147,1.1425273667114864,0.19095765710007773,0,123.0,6/18/2025,8,6038
927,PASS,1.9150247063652561,2.8451504793244324,1.295066930102665,0.10980990189431794,0,123.0,6/19/2025,9,6038
928,PASS,2.3285047360029782,3.3810695423194153,1.4747097601696744,0.9580836220454929,0,123.0,6/19/2025,10,6038
929,PASS,4.987397832667995,7.276749789569527,2.4651906609589607,2.769485957624938,0,123.0,6/19/2025,11,6038
930,PASS,2.934912282053357,4.314162722939407,1.3682722206875395,1.2568631655463642,0,123.0,6/19/2025,13,6038
931,PASS,2.12658710714324,3.158557819638577,1.4999076365425497,0.5724270012436221,0,123.0,6/19/2025,14,6038
932,PASS,2.4219966904261563,3.7017571840951593,1.9823545392037094,0.17337543655216914,0,123.0,6/19/2025,15,6038
933,PASS,2.7397278346640395,3.875153222777116,2.3813727514921847,0.09334773485882408,0,123.0,6/19/2025,16,6038
934,PASS,3.4998001983713958,5.180440980264126,2.153343788029549,1.1149315788452099,0,123.0,6/19/2025,17,6038
935,PASS,2.4744383620079513,3.5484450820042355,1.8057147537767182,0.3709605536234961,0,123.0,6/20/2025,18,6038
936,PASS,2.6791333629311382,3.191100907210555,1.8054925944600877,0.7201153389050288,0,123.0,6/20/2025,19,6038
937,PASS,1.7526143769727673,2.5914003078558885,1.1643905360817375,0.30534595534775444,1,123.0,6/20/2025,20,6038
938,PASS,2.088559677197335,3.079651968973129,1.7317557473295733,0.09946773742559634,0,123.0,6/20/2025,21,6038
939,PASS,2.1151816790477636,3.0557261821046784,1.823338520791527,0.2933609025511874,0,123.0,6/20/2025,22,6038
944,PASS,1.853608105369868,2.544506337189979,1.2902361828380007,0.15034307871454833,0,124.0,7/25/2025,1,6024
945,PASS,2.957589644665967,4.067030550659768,2.0994113417944376,1.0426027896919945,0,124.0,7/25/2025,2,6024
946,PASS,2.09066682243929,3.121832394604176,1.6617004463937706,0.36238181305051875,0,124.0,7/29/2025,3,6024
947,PASS,2.0303792344098697,2.878310051054259,1.7107576727599143,0.43253897624051074,0,124.0,7/29/2025,4,6024
948,PASS,2.4743533644653075,3.513078244218307,1.9285625264192943,0.16944747457505116,0,124.0,7/29/2025,5,6024
949,PASS,2.1416759339037,3.1704830073665295,1.7780308415838968,0.24793162134742674,0,124.0,7/29/2025,6,6024
950,PASS,2.840112378505338,4.28911558482632,2.1150438125018707,0.29147933747876875,0,124.0,7/29/2025,7,6038
951,PASS,2.3106771129658523,3.5213642597720516,1.501998057065985,0.2990904129265495,0,124.0,7/29/2025,8,6038
952,PASS,2.6034948569603853,3.8598971812730904,1.9596670174170725,0.3005185261318206,0,124.0,7/29/2025,9,6038
953,PASS,2.5984407235316374,3.954189234217301,2.202779009120365,0.18288780382569936,0,124.0,7/29/2025,10,6038
954,PASS,2.5021322167022166,3.785608438547235,1.538303532874077,0.6435745572809739,0,124.0,7/29/2025,11,6038
955,PASS,2.5407500601848056,3.7518220573476078,1.9042238973656032,0.6588298455677328,0,124.0,7/29/2025,12,6038
956,PASS,3.018097918818047,4.604482191300119,2.2270739201072094,0.48459179399121055,0,124.0,7/29/2025,13,6038
957,PASS,2.729558197543078,4.162019491785209,1.8826549195625282,0.2851979960358353,0,124.0,7/29/2025,14,6038
958,PASS,2.4960309119115185,3.7453446103129164,2.283579623381249,0.005796877370803699,0,124.0,7/29/2025,15,6038
959,PASS,2.367348718074259,3.5575957471303625,1.6814458237116225,0.3797587636415465,0,124.0,7/29/2025,16,6038
960,PASS,2.73350800868881,4.1125668687572565,1.4055606083798435,0.40818863470163835,0,124.0,7/29/2025,17,6038
961,PASS,3.427561244179381,5.203116587413963,2.756095815701057,0.3538126972548925,1,124.0,7/29/2025,18,6038
962,PASS,2.434630692020673,3.6076117446310754,2.0463692054075895,0.08353587316114064,0,124.0,7/29/2025,19,6038
963,PASS,2.3000594708855564,3.392890544948368,1.440880407771677,0.3324483157883067,0,124.0,7/29/2025,20,6038
964,PASS,2.677036520455188,4.065671070069493,2.108510003084396,0.04685678252318759,0,124.0,7/29/2025,21,6038
965,PASS,3.0293479502584626,4.559921874330752,2.3781231566030487,0.040113328986030705,0,124.0,7/29/2025,22,6038
966,PASS,2.525686672175367,3.7823124540418336,1.3950907227086222,0.12356138196681421,0,124.0,7/29/2025,23,6038
967,PASS,3.1465734583427167,4.784632300396765,2.2213126063739455,0.6261826108019743,0,124.0,7/29/2025,24,6038
968,PASS,2.0456386315548554,3.0280119302935313,1.3609342586491042,0.13014655338172676,0,124.0,7/29/2025,25,6038
969,PASS,3.036355900695505,4.562369176206588,1.793095324012078,1.16211477089346,0,124.0,7/29/2025,26,6038
970,PASS,2.3302568219049156,3.4528765182091243,1.942338477492176,0.4743535373714378,0,124.0,7/29/2025,27,6038
971,PASS,1.176624498735522,1.6168758455738,0.7954813908464046,0.3468763275095812,0,124.0,7/29/2025,28,6038
972,PASS,2.288585037503736,3.4057396406654488,0.965139740319419,1.6898875555669437,0,124.0,7/29/2025,29,6038
973,PASS,2.363212098330344,3.5384927935492687,1.444949331051973,0.047109840075081344,0,124.0,7/29/2025,30,6038
974,PASS,2.2979790454575566,3.40601857011966,1.8259328804618626,0.3202493261496313,0,124.0,7/29/2026,31,6038
975,PASS,2.1542689564905615,3.221609652021788,1.9145704886415646,0.06710400820204132,0,124.0,7/29/2025,32,6038
976,PASS,1.9773131659204175,2.9520279046784004,1.3936261358472002,0.05501877593520832,0,124.0,7/29/2025,33,6038
977,PASS,2.3489709935629985,3.5143224809342586,0.7245363277839457,1.9099693002884135,0,124.0,7/29/2025,34,6038
980,PASS,3.5300462439672717,5.011003517260804,2.5028056384917745,0.6573450370764204,0,126.0,10/21/2025,1,6038
981,PASS,2.727526998846057,3.847981613781442,2.285464604566931,0.43378067579501955,0,126.0,10/21/2025,2,6038
982,PASS,2.5272336195229084,3.6062255198475914,1.857137560381304,0.36991060243108853,0,126.0,10/21/2025,3,6038
983,PASS,2.151848169447117,3.0549345328500985,1.8955325302068455,0.09738555461139775,0,126.0,10/21/2025,4,6038
984,PASS,2.928060655208979,4.152796497542358,2.2461537574875,0.4252351657484441,0,126.0,10/21/2025,5,6038
985,PASS,2.1808065844460147,3.0576962324599704,1.9925266436610336,0.016257326795277915,0,126.0,10/21/2025,6,6038
986,PASS,1.91658166952617,2.7496033804896314,1.476881944016241,0.5177131344116976,0,126.0,10/21/2025,7,6038
987,PASS,2.8651330235462735,4.081000949522057,1.9597622606195337,0.4668894685324103,0,126.0,10/21/2025,8,6038
988,PASS,2.2298371105732313,3.17878121298085,1.5221229658851205,0.13473519511559262,0,126.0,10/21/2025,9,6038
989,PASS,2.4611970303985014,3.4987712128688724,1.6872992673387788,0.24467282866714202,0,126.0,10/21/2025,10,6038
990,PASS,2.086630731834128,2.98022964719164,1.2791773637096688,0.0571420104740632,0,126.0,10/21/2025,11,6038
991,PASS,2.739165942238364,3.896817611846888,1.8672165284433089,0.5874346023470043,0,126.0,10/21/2025,12,6038
992,PASS,2.375124890124127,3.3834052742761918,1.8850007978432106,0.11730254305086252,0,126.0,10/21/2025,13,6038
993,PASS,2.3934044412123563,3.4021766929423243,1.6335413994960675,0.14147199016733714,0,126.0,10/21/2025,14,6038
994,PASS,2.5313065388851443,3.581051696080355,1.683929830881329,0.9737079177763626,0,126.0,10/21/2025,15,6038
995,PASS,2.3718055532092372,3.354650689714208,1.4408909235916019,0.6485058700366797,0,126.0,10/21/2025,16,6038
996,PASS,2.090830776087897,2.8788072616971023,0.8456758530880086,1.0670649818833866,0,126.0,10/21/2025,17,6038
997,PASS,1.4230080675149754,1.6102581314807962,0.8929272172002535,0.43932346130204236,0,126.0,10/21/2025,18,6038
998,PASS,1.676177492722241,2.3077545905056707,0.9842047664686894,0.11435414978168712,0,126.0,10/21/2025,19,6038
999,PASS,2.00815352571963,2.820864229274424,1.2102070997199668,0.17472048846790345,0,126.0,10/21/2025,20,6038
1000,PASS,1.7408130754860802,2.452431899609485,1.3464230195100662,0.07534958392727509,1,126.0,10/21/2025,21,6038
1001,PASS,2.0244365879870396,2.840687636823176,1.4905707940909005,0.4285510257190681,0,126.0,10/21/2025,22,6038
1002,PASS,2.0723652838901336,2.9315439618057932,1.8019132140667515,0.002251432921449137,0,126.0,10/21/2025,23,6038
1003,PASS,2.402899451121805,3.3742601040820777,1.5905614278317517,0.10702085581655796,0,126.0,10/21/2025,24,6038
1004,PASS,2.3739639819557783,3.387071928672318,1.0034662027585541,0.6694329961553469,0,126.0,10/21/2025,25,6038
1005,PASS,2.0926875668321983,2.9764292785147837,1.093554104234465,0.646445864334523,1,126.0,10/21/2025,26,6038
1009,PASS,2.77051647636279,3.674304166928905,1.5815272904922166,1.106428130932011,1,126.0,10/21/2025,27,6038
1010,PASS,2.8445169108687876,3.9974648216088102,1.9563691784184,0.3710056433295623,1,126.0,10/21/2025,28,6038
1011,PASS,2.189214577748469,3.1268094761273795,1.259737973041889,0.11982294407787508,0,126.0,10/21/2025,29,6038
1012,PASS,2.4222037194710806,3.4527425693207996,1.4320895862137337,1.212966760926068,0,126.0,10/21/2025,30,6038
1013,PASS,1.9585946082883257,2.7833208582554674,1.7157962939668736,0.1299108125921038,1,126.0,10/21/2025,31,6038
1014,PASS,2.881412261439196,4.106717819621895,2.2158255030372094,0.5243399039909988,0,126.0,10/21/2025,32,6038
1015,PASS,2.439828479622176,3.423851997385402,1.5888017718397032,0.16933405709855753,0,127.0,11/12/2025,1,7038
1016,PASS,1.9738268762604592,2.8203601277141828,1.0227219001466572,0.7153346843863189,0,127.0,11/12/2025,2,7038
1017,PASS,2.9971350117390405,4.1892459046945305,2.1247540306762183,0.845984054186693,1,127.0,11/12/2025,3,7038
1018,PASS,1.8717099261577024,2.6293324036509444,1.2279817389877823,0.7354233040598024,1,127.0,11/12/2025,4,7038
1019,PASS,1.4630956513455453,2.05467454843826,0.7607508973042724,0.5662902262221796,0,127.0,11/12/2025,5,7038
1020,PASS,2.6270806709428993,3.7075438298150925,1.9004686983318597,0.5999466724685267,0,127.0,11/12/2025,6,7038
1021,PASS,1.6545479884854248,2.2626491663534645,1.0794064382354185,0.48701166709150634,0,127.0,11/12/2025,7,7038
1022,PASS,2.5716211961619053,3.588816831491956,1.6375147548021418,0.1109609086639578,0,127.0,11/12/2025,8,7038
1023,PASS,1.1402365910731025,1.3649862636671455,0.8448416765472379,0.14532586769433342,0,127.0,11/12/2025,9,7038
1024,PASS,2.383431022388135,3.312821682493646,1.709904175569572,0.025606306085585562,0,127.0,11/12/2025,10,7038
1025,PASS,5.742034852533751,7.544788764438675,1.8687781306765652,5.26388577077254,0,127.0,11/12/2025,11,7038
1026,PASS,5.021029718616978,5.618977331329963,2.793531096241891,1.8199400827900942,1,127.0,11/12/2025,12,7038
1027,PASS,1.807292824637905,2.5467957809765553,1.1504866887472727,0.09705302568748331,0,127.0,11/12/2025,13,7038
1028,PASS,1.7577574918564036,2.4688775283517144,1.1847867706960258,0.11060321688798402,0,127.0,11/12/2025,14,7038
1029,PASS,10.037708573007261,13.135991825895747,2.3119155514856726,8.086035133535736,0,127.0,11/12/2025,15,7038
1030,PASS,2.111458499911947,2.99116825003208,1.2497732848210037,0.6369154522781613,0,127.0,11/12/2025,16,7038
1031,PASS,1.775351605416356,2.496935621917398,0.7756804873011107,1.4309710502117943,1,127.0,11/12/2025,17,7038
1032,PASS,2.3267299239802277,3.199143440047654,0.9266621253346535,1.7376030551408048,0,127.0,11/12/2025,18,7038
1033,PASS,2.765008744737376,3.8939030868782516,1.8464790841383418,0.502694080706632,0,127.0,11/12/2025,19,7038
1034,PASS,1.3742815426490458,1.9238389355660805,0.5842658939367419,0.8828125743344963,0,127.0,11/12/2025,20,7038
1035,PASS,2.0780714590781537,2.9431658125223024,1.2861430227975827,0.039539303881789944,0,127.0,11/12/2025,21,7038
1036,PASS,1.396365724585984,1.9565738549822287,0.998200159718858,0.3846083448789619,0,127.0,11/12/2025,22,7038
1037,PASS,2.0330762106991322,2.8645702120911625,1.4203333157250524,0.20244371979303932,0,127.0,11/12/2025,23,7038
1038,PASS,2.1418044578431576,3.0297215218564237,1.4883523655063786,0.593259812617557,0,127.0,11/12/2025,24,7038
1039,PASS,2.4253598523109052,3.4231012579563385,1.4904932186481321,0.901196885677455,1,127.0,11/12/2025,25,7038
1040,PASS,2.3297322424537628,3.267477046591137,1.3706892150013916,0.2152594183622516,0,127.0,11/12/2025,26,7038
1041,PASS,2.201500005480105,3.1362218512088686,1.2214628718056608,0.556447175635634,0,127.0,11/12/2025,27,7038
1042,PASS,2.201059740497794,3.042699253951982,1.341707250241294,0.6178073234848669,0,127.0,11/12/2025,28,7038
1043,PASS,2.3789868919340904,3.351981689985787,1.6584078390218429,0.026122433690162428,0,127.0,11/12/2025,29,7038
1044,PASS,2.1921973555509657,3.1003336513994846,1.6148123282905387,0.31928135594052565,0,127.0,11/12/2025,30,7038
1045,PASS,1.8823849598038391,2.6536778723123122,1.2459011011802585,0.4196140589116417,0,127.0,11/12/2025,31,7038
1046,PASS,1.6944906917013323,2.3886253892144795,0.8042790388911679,1.215168378033288,0,127.0,11/12/2025,32,7038
1047,PASS,2.3969040274339393,3.3577382640700244,1.65344748030542,0.34219862251609356,0,127.0,11/12/2025,33,7038
1048,PASS,2.199655704027244,3.1034547282021054,1.0713805199995752,0.6680605781614919,0,127.0,11/12/2025,34,7038
1049,PASS,1.868413248948324,2.6258070188039424,1.264069798290022,0.1436980185409653,0,127.0,11/12/2025,35,7038
1050,PASS,1.5113203454654784,2.1390359978270537,0.8950604140854551,0.18647739878131286,0,127.0,11/12/2025,36,7038
1055,PASS,2.2588548393535066,3.1972800940799715,1.2989842294536118,0.8401050555947798,0,128.0,1/21/2026,1,6038
1056,PASS,2.2007361037429805,3.079897522645843,1.699840924157441,0.06211946645986588,0,128.0,1/23/2026,2,6038
1057,PASS,2.562835053485811,3.6195320830184654,1.6538350744608463,0.32793995944908483,0,128.0,1/23/2026,3,6038
1058,PASS,2.597226154339022,3.571759895345696,1.3194889236528335,1.1033987817780155,0,128.0,1/23/2026,4,6038
1059,PASS,1.7102325180715967,2.407502596052607,0.6973310275567811,0.9837270947446302,0,128.0,1/23/2026,5,6038
1060,PASS,1.6197236499482028,2.2140531271855193,0.8431232189881243,0.08782720940697253,0,128.0,1/23/2026,6,6038
1061,FAIL,9.073783875880467,9.589664358047154,7.413001507328981,1.2218223838711744,0,128.0,1/23/2026,7,6038
1062,FAIL,3.788171957882882,4.750486159331482,3.1432095174095793,0.28277178125300617,0,128.0,1/23/2026,8,6038
1063,PASS,1.9192697194893544,2.694589744077734,1.2280707543782896,0.5717151125525637,1,128.0,1/23/2026,9,6038
1064,PASS,2.3097365447007316,3.251318001980123,1.7642128295500896,0.01785119429101467,0,128.0,1/23/2026,10,6038
1065,PASS,1.8151508260312201,2.58117463570367,1.3516713855019817,0.031239794782319752,0,128.0,1/23/2026,11,6038
1066,PASS,4.296904673634633,5.800834530479215,1.9171425323326163,2.2725345051509565,0,128.0,1/23/2026,12,6038
1067,PASS,1.5599936420945681,2.2213256177337,0.9894575080538727,0.21876678421046836,0,128.0,1/23/2026,13,6038
1068,PASS,1.6409789320566937,2.3312737934442667,1.1838446117075019,0.33267450446252234,0,128.0,1/23/2026,14,6038
1069,PASS,1.245005646659648,1.7122992583073813,0.7277477531278139,0.5210935335935099,0,128.0,1/23/2026,15,6038
1070,PASS,1.3545250770845145,1.8469637246031567,0.501837276416815,1.019028623331713,0,128.0,1/23/2026,16,6038
1071,PASS,2.0830851646911146,2.9611072675605516,1.1412062275499173,0.4466207589165718,0,128.0,1/23/2026,17,6038
1072,PASS,2.1581643139745164,2.504020517088463,1.1906605887268773,0.7118076481168805,0,128.0,1/23/2026,18,6038
1073,PASS,7.763449990496534,10.322943197073208,2.241278212718455,5.93519129913883,0,128.0,1/23/2026,19,6038
1074,PASS,1.4229778317354052,2.031111149100407,0.8874373949849504,0.5820738061871206,0,128.0,1/23/2026,20,6038
1075,PASS,1.5371974788676939,2.1711474500825503,0.854286948459357,0.5275202616033461,1,128.0,1/23/2026,21,6038
1076,PASS,1.835922698498355,2.5129775665532748,0.9994106849871897,0.1666075720040916,0,128.0,1/23/2026,22,6038
1077,PASS,1.9595869364975063,2.7410034658861826,1.3639179829254715,0.572516464941442,0,128.0,1/23/2026,23,6038
1078,PASS,2.6674409973080073,3.2796922492819403,1.4928937022112103,0.6817400512281193,0,128.0,1/23/2026,24,6038
1079,PASS,1.9661988387873248,2.5532981122461984,1.311830259952793,0.6521288884858778,0,128.0,1/27/2026,25,6038
1080,PASS,2.056398978882205,2.8343275216530643,1.8112461482526176,0.026578061238704986,0,128.0,1/27/2026,26,6038
1081,PASS,2.316711141253679,2.9659937204923414,1.4437487961646855,0.8560964360015704,0,128.0,1/27/2026,27,6038
1082,PASS,1.5810181968085202,2.2705189384808095,0.9721813253920194,0.33994072109294726,0,128.0,1/27/2026,28,6038
1083,PASS,2.0624160242780136,2.886915525262205,1.399804664830481,0.5148255123847285,0,128.0,1/27/2026,29,6038
1084,PASS,1.9281722108514077,2.700531197746097,1.1241737833573104,0.23892507915983496,0,128.0,1/27/2026,30,6038
1085,PASS,1.7052559705974593,2.4067626077367885,1.2123998932872995,0.25453612444748974,0,128.0,1/27/2026,31,6038
1086,PASS,2.281339491487661,3.215573432531117,1.1897462617093806,1.41657649687758,0,128.0,1/27/2026,32,6038
1087,PASS,2.1797770337782008,3.0184526251044588,1.6533935709587224,0.22374342210859477,0,128.0,1/27/2026,33,6038
1089,PASS,1.457126492231945,2.0651649449862273,0.9173852347677244,0.22978669819619912,0,129.0,2/17/2026,1,7038
1090,PASS,0.7975160174418199,1.0616555467758766,0.49653144650693254,0.252921518715129,0,129.0,2/17/2026,2,7038
1091,PASS,0.8067421589829609,1.070983776721194,0.6070129932086877,0.09796698890636801,0,129.0,2/17/2026,3,7038
1092,PASS,1.0946980795328007,1.2520932473262538,0.7367848421173394,0.15916979395842146,0,129.0,2/17/2026,4,7038
1093,PASS,1.7848658983646704,2.14300412194346,0.9569380601502172,0.9743291622232308,1,129.0,2/17/2026,5,7038
1094,PASS,3.3914490810941555,3.765163509065709,1.9289156990494138,1.2799464097013589,0,129.0,2/17/2026,6,7038
1095,PASS,1.9304651246773699,2.667512886566814,1.384191467671185,0.13064092553091178,0,129.0,2/17/2026,7,7038
1096,PASS,8.12381778278163,8.21361141642335,2.538880769245924,5.980727755192878,0,129.0,2/17/2026,8,7038
1097,PASS,3.5176111248737145,3.9626238151002897,1.4451901738779942,2.4130044986259493,0,129.0,2/17/2026,9,7038
1098,PASS,1.8527433526945813,2.311136084266777,1.1580612890491115,0.34830601600535793,0,129.0,2/17/2026,10,7038
1099,PASS,1.618839122806146,2.1549825985376354,1.4194380324681728,0.06258613580322092,0,129.0,2/17/2026,11,7038
1100,PASS,1.648414831888831,2.022674590733758,1.272703121348,0.04601033351007322,0,129.0,2/17/2026,12,7038
1101,PASS,1.44449327053305,1.9672522080302808,0.8713438623063704,0.7611952388825453,0,129.0,2/17/2026,13,7038
1102,PASS,2.519793599156486,2.815414045926457,1.236731287623546,0.4750621096037868,0,129.0,2/17/2026,14,7038
1103,PASS,3.0898401656186008,3.870010497401778,1.4379151549491638,1.3541868031322417,0,129.0,2/17/2026,15,7038
1104,PASS,4.4012806758917185,4.638831345285148,2.293525367291912,1.260123978088191,0,129.0,2/17/2026,16,7038
1105,PASS,4.75233390960713,5.039764999481623,1.8661293557190215,2.724125204221583,0,129.0,2/17/2026,17,7038
1106,PASS,1.9381830150395152,2.5771423127177213,1.26891690686968,0.08040589076513749,0,129.0,2/17/2026,18,7038
1107,PASS,1.8247826002766474,2.5610556905307624,1.3453809441938187,0.5699729500214514,0,129.0,2/17/2026,19,7038
1108,PASS,2.583000996767595,3.003035963820611,1.6170273437837916,0.48816358903486856,0,129.0,2/17/2026,20,7038
1109,PASS,1.5347909844101415,2.12155750570188,0.9504896953612825,0.2749312735699656,0,129.0,2/18/2026,21,7038
1110,PASS,1.7049434439613211,2.042249066593001,1.0640829792022588,0.5638179418232954,0,129.0,2/18/2026,22,7038
1111,PASS,2.422686496026732,2.7001342559213524,1.8342547929687152,0.4623689167674492,0,129.0,2/18/2026,23,7038
1112,PASS,1.8604766704139328,2.614543459191291,1.3653471749084243,0.7156863522186043,0,129.0,2/18/2026,24,7038
1113,PASS,5.5447908702481286,7.538551336297977,1.6777073498074146,4.0414332063796445,0,129.0,2/18/2026,25,7038
1114,PASS,2.1214959353999947,2.6461776678824944,1.5009718804935799,0.4604220251744693,0,129.0,2/18/2026,26,7038
1115,PASS,2.137251401765887,2.771699613955311,1.4787621809922211,0.5824348241033108,0,129.0,2/18/2026,27,7038
1116,PASS,6.1331215481474075,6.502757588131362,2.1402681855660304,3.6724270986732312,0,129.0,2/18/2026,28,7038
1117,PASS,2.1462191616675486,2.773028579008882,1.3279371858195654,0.6355825000912216,0,129.0,2/18/2026,29,7038
1118,PASS,2.7953977168759483,3.040152134351174,1.8169843650049948,0.605424665432079,0,129.0,2/18/2026,30,7038
1119,PASS,4.457703800189409,4.974880023678961,1.703354108421446,1.8420065217001018,0,129.0,2/18/2026,31,7038
1120,PASS,1.2629188656954753,1.5041234989188896,0.9821917381066139,0.252292767683042,0,129.0,2/18/2026,32,7038
1121,PASS,1.84141427492745,2.507006431982177,1.3977879421462502,0.3134308677862183,0,129.0,2/18/2026,33,7038
1122,PASS,2.0497565594838076,2.7287119214017417,1.5621774619408761,0.048715442956949406,0,129.0,2/18/2026,34,7038
1126,PASS,2.704595093032573,3.452163271051937,1.3792978595473653,1.0761365891066073,0,130.0,3/2/2026,1,6038
1127,PASS,3.812058046279116,5.044069537585701,1.5945254233081612,2.152640101629395,0,130.0,3/2/2026,2,6038
1128,PASS,1.8876671926127249,2.6825104846020777,0.7622054977010674,0.8139455764357333,0,130.0,3/2/2026,3,6038
1129,PASS,1.838871671076857,2.5786721389118066,0.985639613437935,0.5912315292362285,0,130.0,3/2/2026,4,6038
1130,PASS,3.103965991816918,4.237718283463407,1.2161781540509646,1.9412359809635742,0,130.0,3/2/2026,5,6038
1131,PASS,2.0100922771673693,2.8229527980467415,1.1341416532420372,0.37949564906733224,0,130.0,3/2/2026,6,6038
1132,PASS,1.578926104597248,2.0985724314400063,0.9151097435384633,0.9968213002077071,0,130.0,3/2/2026,7,6038
1133,PASS,1.7299439951070856,2.3880915497526423,1.1017930651578147,0.4295743576880868,0,130.0,3/2/2026,8,6038
1134,PASS,2.408455146586678,3.3593991278203257,1.4148617752257604,0.5967368254326777,0,130.0,3/2/2026,9,6038
1135,PASS,1.8229395898476068,2.5724562678498635,1.2076095309887462,0.5690762105833918,0,130.0,3/2/2026,10,6038
1136,PASS,2.017433475181366,2.8822495554687757,1.293246633553059,0.7757314078289215,0,130.0,3/2/2026,11,6038
1137,PASS,2.211757097632621,3.0939022689800586,1.3569141827251263,0.6593564822691877,0,130.0,3/2/2026,12,6038
1138,PASS,2.5678165867434437,3.5610830515448524,1.1616041784966,1.1028295203539875,0,130.0,3/2/2026,13,6038
1139,PASS,2.1701716924644727,2.9647702271845513,1.3492784623515377,0.3873727455214093,0,130.0,3/2/2026,14,6038
1140,PASS,1.5290918979240644,2.072902554390819,1.0344990253718236,0.15106225966688602,0,130.0,3/2/2026,15,6038
1141,PASS,2.3142292908889353,3.200153316639692,1.5489224656547194,0.30610566005484463,0,130.0,3/2/2026,16,6038
1142,PASS,5.807307056451768,8.63179623543095,1.4734828616522924,5.310349271326482,0,130.0,3/2/2026,17,6038
1143,PASS,2.803112106109456,3.421813298530473,1.5040321725500923,1.3682575537009183,0,130.0,3/2/2026,18,6038
1144,PASS,2.3203649939289708,2.8066260883844136,1.3038345562582738,0.4142989803430419,0,130.0,3/2/2026,19,6038
1145,PASS,4.339250493321476,5.206122597480777,2.7781376485287197,0.6396920630375202,0,130.0,3/2/2026,20,6038
1146,PASS,2.126320254311999,2.6588977979606585,1.093687745574115,0.19014944666196643,0,130.0,3/2/2026,21,6038
1147,PASS,2.680952695024608,3.780252967725836,2.0454481105545086,0.4454655728479837,0,130.0,3/2/2026,22,6038
1148,PASS,2.193747418914808,3.0619744447006676,1.6790566321756797,0.10185729949273403,0,130.0,3/2/2026,1,6024
1149,PASS,2.1807613296425092,3.075017276374236,1.8705625149018414,0.07470857971057887,0,130.0,3/2/2026,2,6024
1150,PASS,2.0783114856464455,2.8317452657327644,1.4467531938109655,0.042978270017289155,0,130.0,3/2/2026,3,6024
1151,PASS,2.1260810944662527,2.960419100397785,1.9651175678812727,0.023275984291119656,0,130.0,3/2/2026,4,6024
1152,PASS,6.574978829695982,9.104303927264292,4.296279921106909,1.2563466375953878,0,130.0,3/2/2026,5,6024
1153,PASS,8.573029628716577,9.622821181961141,4.752670091085004,6.852150960729744,0,130.0,3/2/2026,6,6024
1162,PASS,8.752442574168764,10.42471762207495,4.538578584136703,7.382843672059877,0,130.0,3/3/2026,7,6024
1163,PASS,4.933654800070866,6.673621580521328,3.698650968709742,0.6885791645393482,0,130.0,3/3/2026,8,6024
1164,PASS,3.538232832326527,4.623831609174365,2.988794067518731,0.1378307289940297,0,130.0,3/3/2026,9,6024
1165,PASS,1.4355703144116139,2.0299830664318317,0.9019554395044654,0.6467553732574148,0,130.0,3/3/2026,10,6024
1166,PASS,1.5752384129050945,2.117252051598949,1.136428434013033,0.20489245556001556,0,130.0,3/13/2026,11,6024
1167,PASS,1.56161822892356,2.1494926727021046,1.0355067167959773,0.07126210533842947,0,130.0,3/3/2026,12,6024
1168,PASS,1.857026791684519,2.673701787784126,0.8993178752506555,1.2644682269699048,0,130.0,3/3/2026,13,6024
1169,PASS,1.6290484052749756,2.345493018535763,0.9599398038554184,0.39651031703917505,0,130.0,3/3/2026,14,6024
1170,PASS,6.035419635319158,7.656827835337555,4.62864877025392,0.5232907751515885,0,130.0,3/3/2026,15,6024
1172,PASS,2.546267497018281,3.3533136596507003,1.5934557859469465,0.07407196934374971,0,131.0,3/25/2026,1,6024
1173,PASS,2.385903703495263,3.2648200562971375,2.0016682230595917,0.34213366981202054,1,131.0,3/25/2026,2,6024
1174,PASS,2.311193473525719,3.1389438908652005,1.6754458696893562,0.49234852080970537,0,131.0,3/25/2026,3,6024
1175,PASS,2.4391261107535356,3.1943475468395706,1.799250517864797,0.10366244970436256,0,131.0,3/25/2026,4,6024
1176,PASS,2.2766023938091116,3.2140959070942383,1.689264257778022,0.7341806244697895,0,131.0,3/25/2026,5,6024
1177,PASS,2.5429207256939046,3.630345197085263,1.427138249806091,0.4360140809324018,0,131.0,3/25/2026,6,6024
1178,PASS,1.9700522844246393,2.320962892852883,1.6367487197010568,0.1312069105153375,1,131.0,3/25/2026,7,6024
1179,PASS,2.29829034002152,2.901251884962766,1.462424475009893,0.46790380540689824,0,131.0,3/25/2026,8,6024
1180,PASS,2.623236586891153,3.1986461980031526,1.849784041688416,0.37109947624572914,0,131.0,3/25/2026,9,6024
1181,PASS,2.6439452933522225,2.809987766877291,2.1531105171410916,0.15280066862524766,0,131.0,3/25/2026,10,6024
1182,PASS,2.1450186069204,2.881425428498882,1.1593114354538303,0.6505159607550273,0,131.0,3/25/2026,11,6024
1183,PASS,1.9356722847220864,2.631896891977351,1.5268200027145185,0.0537788568145432,0,131.0,3/25/2002,12,6024
1184,PASS,1.9548022753433425,2.7467230475604962,1.5574850743220994,0.061958309721387606,1,131.0,3/25/2026,1,6038
1185,PASS,2.269168142089596,3.1941743847197763,1.4655737054770628,0.47437197770107287,0,131.0,3/25/2026,2,6038
1186,PASS,2.131083948340828,2.9732190047152756,1.2753471634531521,0.15637849991293362,0,131.0,3/25/2026,3,6038
1187,PASS,1.9893156815321504,2.76325894552067,1.2717164068693316,0.20313707978731332,0,131.0,3/25/2026,4,6038
1188,PASS,2.060741152579356,2.947128899454531,1.7020603624874928,0.0,2,131.0,3/25/2026,5,6038
1189,PASS,2.033749986672537,2.6347592394752164,1.4496429893727791,0.10982476553662335,0,131.0,3/25/2026,6,6038
1190,PASS,1.6770561041138812,2.4336045796308152,1.2647772219268676,0.05531118513224986,0,131.0,3/25/2026,7,6038
1191,PASS,1.970618508935596,2.713407042405858,1.3824609911711407,0.3221865877417105,1,131.0,3/25/2026,9,6038
1192,PASS,2.206351973784855,2.723033694246167,1.5838206238661166,0.17993903582085524,0,131.0,3/25/2026,10,6038
1193,PASS,2.154779197998504,2.775873736321597,1.4354002086455153,0.2512472984690597,0,131.0,3/25/2026,11,6038
1194,PASS,2.002411195075239,2.744911200749485,1.584211847291597,0.21615856276290257,0,131.0,3/25/2026,12,6038
1195,PASS,1.852856490108261,2.4865550969162182,1.1684026141221404,0.2988770310014315,0,131.0,3/25/2026,13,6038
1196,PASS,2.222884509267377,2.9170340244844666,1.8033211779281266,0.422844379116768,0,131.0,3/25/2026,14,6038
1197,PASS,1.9423062443484207,2.757854691603585,1.6999239096013785,0.0027621419560761584,0,131.0,3/25/2026,15,6038
1198,PASS,1.9513080216670438,2.756674853877395,1.210049301769492,0.06941855830615684,0,131.0,3/25/2026,16,6038
1199,PASS,1.8860263472854202,2.5670922266252987,1.567445517425332,0.06954305587011245,0,131.0,3/25/2026,17,6038
1200,PASS,1.6910417868737548,2.300069292434459,1.1277629951821868,0.032749089451024505,0,131.0,3/25/2026,18,6038
1201,PASS,1.4559188003539656,2.054183231846654,0.8697356691681684,0.10811857159830862,0,131.0,3/25/2026,19,6038
1202,PASS,2.1669017355013684,3.1248239950435592,1.549678500660315,0.5057154738353762,0,131.0,3/27/2026,20,6038
1203,PASS,3.1494180027945182,4.180385000212302,2.547832704374536,0.06302399851225271,0,131.0,3/27/2026,21,6038
1204,PASS,2.2034196257129652,3.137563744372381,1.8120822176244527,0.058663509048313855,0,131.0,3/27/2026,22,6038
1205,PASS,2.3978876411769123,3.2416672022278936,1.9240337917494112,0.3253983431185983,0,131.0,3/27/2026,23,6038
1206,PASS,2.7071836235828903,3.5653357135058243,1.9411019928669877,0.42325536752652093,0,131.0,3/27/2026,24,6038
1207,PASS,3.267845883771243,3.7331169952199454,2.173572375125729,1.1360421669946548,0,131.0,3/27/2026,25,6038
1209,PASS,10.826448114160604,12.973664189426204,6.567880246729374,3.8814096571216634,0,132.0,4/30/2026,1,6024
1210,PASS,5.61388016828792,5.948387386510732,4.671788423566043,1.0910386620450128,1,132.0,4/30/2026,2,7024
1211,PASS,6.77551237611043,7.711656761033909,4.895680487029007,0.5363726063928178,0,132.0,4/30/2026,3,7024
1212,PASS,6.375069154939518,6.469892773454597,5.2272769050492665,1.0581859935891194,0,132.0,4/30/2026,4,7024
1213,PASS,5.32029076122064,5.792491368142035,3.3727408312527647,2.269530261936334,0,132.0,4/30/2026,5,7024
1214,PASS,3.988816308808103,3.9107583983161116,2.9281720108744635,0.42278777532993583,0,132.0,4/30/2026,6,7024
1215,PASS,2.07566656386098,2.882996488031161,1.6911457495613866,0.09039630750832695,0,132.0,4/30/2026,7,7024
1216,PASS,2.3687676459077673,3.164591205827385,1.4863481364570175,0.774540253484876,0,132.0,4/30/2026,8,7024
1217,PASS,3.1716169965123777,4.447060827108184,2.102505083418384,1.1299859263110101,0,132.0,4/30/2026,9,7024
1218,PASS,2.905968647859372,4.078125335249034,2.03038189636948,0.3917352886265131,0,132.0,4/30/2026,10,7024
1219,PASS,2.6909049396694966,3.620471309097746,1.7201459067185942,0.006352581325243634,0,132.0,4/30/2026,11,7024
1220,PASS,3.096100957870807,4.2924417584866585,2.305204084673084,0.14165440786344874,0,132.0,4/30/2026,12,7024
1221,PASS,2.5099531527726615,2.8239168277411952,1.6607781278722857,0.44553931383854817,0,132.0,5/1/2026,13,7024
1222,PASS,1.752331404991264,2.4033125288050012,1.3028512582143612,0.2989520649157047,1,132.0,5/1/2026,14,7024
1224,PASS,2.880230715361569,4.036087988386769,2.2135441636843876,0.44321207281271846,0,132.0,5/1/2026,1,7038
1225,PASS,2.6652312737950803,3.6286025202548715,1.7721645132239068,0.26201808766243895,0,132.0,5/1/2026,2,7038
1226,PASS,2.1696387931949936,3.1192797646251584,1.542944023262061,0.09010388644949252,0,132.0,5/1/2026,3,7038
1227,PASS,2.6853486449461683,3.8653993972162954,1.88453707199461,0.7613096851525605,0,132.0,5/1/2026,4,7038
1228,PASS,2.402891177916977,3.398585183572715,2.0885922890502067,0.0182795265653648,0,132.0,5/1/2026,5,7038
1229,PASS,2.5054124413567904,3.4955060434792484,2.0190100608379438,0.08102232396487041,0,132.0,5/1/2026,6,7038
1230,PASS,2.4566998585290127,3.5341317887141606,1.8833010266899965,0.34538228144397776,0,132.0,5/1/2026,7,7038
1231,PASS,2.407563805808336,3.42236942775032,1.4269843674853178,0.4787008826895338,0,132.0,5/1/2026,8,7038
1232,PASS,2.2689608188979298,3.2020745228679464,1.8339594368748002,0.28217152591313166,0,132.0,5/2/2026,9,7038
1233,PASS,1.9369249163514837,2.769311737598342,1.3348021198972815,0.2247710091667099,0,132.0,5/3/2026,10,7038
1234,PASS,2.374033930783978,3.1678206230782675,1.5112359254603696,0.18547771091259202,0,132.0,5/4/2026,11,7038
1235,PASS,2.9624892954077717,4.072783139328675,2.1206064868871315,0.3418340651416587,0,132.0,5/4/2026,12,7038
1236,PASS,2.568397882570372,3.6681654133912915,2.049997772802794,0.1829128131431581,0,132.0,5/4/2026,13,7038
1237,PASS,2.5912934076782155,3.6922376345517014,1.6509704512569152,0.2930270993289694,0,132.0,5/4/2026,14,7038
1238,PASS,2.1316488751241476,3.0584176873017332,1.256720169846835,0.20721425267165805,0,132.0,5/4/2026,15,7038
1239,PASS,2.4251396277594415,2.7346137752889326,1.2720358660619182,1.4108347853773289,0,132.0,5/4/2026,16,7038
1240,PASS,3.107883531368412,4.417253105720795,2.2007336581126675,0.10631559061556173,0,132.0,5/5/2026,17,7038
1241,PASS,2.9313217712121977,4.193018751448641,2.0121084699286937,0.8603889960162121,0,132.0,5/5/2026,18,7038
1242,PASS,3.340945115578171,4.695583696410913,2.640639285879766,0.8211225614440565,0,132.0,5/5/2026,19,7038
1243,PASS,2.166689905315364,3.0879088798084657,1.9668761966282247,0.04525491407535842,0,132.0,5/5/2026,20,7038
1244,PASS,2.6713049014757946,3.8126188506065,1.777636693088872,0.45992141678637966,0,132.0,5/5/2026,21,7038
1245,PASS,3.1238241785913634,4.391209258279546,2.6587240222030935,0.17470293167548867,0,132.0,5/5/2026,22,7038
1246,PASS,2.7162455575065154,3.9211254761866536,2.0491450599191805,0.47284266395089336,0,132.0,5/5/2026,23,7038
1247,PASS,4.143456951796188,5.690079634767861,3.5747376096375576,0.37506365243729567,0,132.0,5/5/2026,24,7038
1248,PASS,4.096932528714515,5.855301550731608,3.0593916581707012,1.2172423957064682,0,132.0,5/5/2026,25,7038
1249,PASS,2.950150166278928,3.6805366456537283,2.44779304122101,0.389467084421828,0,132.0,5/5/2026,26,7038
