image_filepath,part_id,label,dE_max,dE_mean,op_agreement_gap,n_dropped_points,truck_number,date,well_number,well_size
training_set\images\image_00069.jpg,69,FAIL,2.2416543891765883,1.8134546337609665,0.0096863823024109,0,111.0,10/17/2024,1,7024
training_set\images\image_00070.jpg,70,FAIL,4.232756366895861,2.442865366135829,1.9617387215621416,1,111.0,10/17/2024,2,7024
training_set\images\image_00071.jpg,71,FAIL,5.708259426772409,2.5169544977999023,3.7390209519954345,0,111.0,10/17/2024,3,7024
training_set\images\image_00072.jpg,72,PASS,2.294705500705295,1.6187032486566082,0.4773278547748465,0,111.0,10/17/2024,4,7024
training_set\images\image_00073.jpg,73,PASS,3.2034525093914463,2.4296988953187904,0.3205964074378782,0,111.0,10/17/2024,5,7024
training_set\images\image_00074.jpg,74,PASS,2.758758258823071,1.959098736374048,0.5193157052844937,0,111.0,10/17/2024,6,7024
training_set\images\image_00075.jpg,75,PASS,2.073667726369915,1.4878421582347638,0.0753002798459825,0,111.0,10/17/2024,7,7024
training_set\images\image_00076.jpg,76,FAIL,2.7934877670485303,1.7258411453385636,0.3417748711681825,0,111.0,10/17/2024,8,7024
training_set\images\image_00077.jpg,77,FAIL,3.0360933946635225,1.9147289452693623,0.9379732703426836,0,111.0,10/17/2024,9,7024
training_set\images\image_00078.jpg,78,PASS,2.3266244141348285,1.4323293596537223,0.7107609935775283,0,111.0,10/18/2024,10,7024
training_set\images\image_00079.jpg,79,PASS,2.8601054111181505,1.5513067964190068,0.7645944409042666,0,111.0,10/18/2024,11,7024
training_set\images\image_00080.jpg,80,PASS,2.4087070659591245,1.7177354144168238,0.1663327817719859,0,111.0,10/18/2024,12,7024
training_set\images\image_00081.jpg,81,PASS,2.720789729706061,1.868544478403097,0.704402353074268,0,111.0,10/18/2024,13,7024
training_set\images\image_00082.jpg,82,PASS,2.917225070876717,2.620121923546761,0.1726031842695103,0,111.0,10/18/2024,14,7024
training_set\images\image_00083.jpg,83,PASS,3.1365488742766794,1.878156955004049,1.5082002598013704,1,111.0,10/18/2024,15,7024
training_set\images\image_00084.jpg,84,PASS,1.954633740259104,1.4345056094167086,0.3359548517832711,0,111.0,10/18/2024,16,7024
training_set\images\image_00085.jpg,85,PASS,1.7912593895208788,1.5178753929883335,0.0146266411336097,0,111.0,10/18/2024,17,7024
training_set\images\image_00086.jpg,86,PASS,1.44435508882391,0.8515716857590369,0.552379218635222,0,111.0,10/18/2024,18,7024
training_set\images\image_00087.jpg,87,PASS,2.728254985055925,1.790778175686036,0.751830809716703,0,111.0,10/18/2024,19,7024
training_set\images\image_00089.jpg,89,PASS,2.242809509210499,1.825076679621476,0.2061157793060211,0,111.0,10/21/2024,20,7024
training_set\images\image_00090.jpg,90,PASS,2.0597337005485192,1.528528532227264,0.2673645089786167,0,111.0,10/21/2024,21,7024
training_set\images\image_00091.jpg,91,PASS,2.2178459335861778,1.9166668033588632,0.1791487983056305,0,111.0,10/21/2024,22,7024
training_set\images\image_00092.jpg,92,PASS,4.02357611737532,1.9000447077108336,1.5642159260104331,0,111.0,10/21/2024,23,7024
training_set\images\image_00093.jpg,93,PASS,2.914717798054555,1.7296369385782615,0.6884796867651475,0,111.0,10/21/2024,24,7024
training_set\images\image_00094.jpg,94,PASS,1.733823270579698,1.5703212715915649,0.0918839827944018,0,111.0,10/21/2024,25,7024
training_set\images\image_00095.jpg,95,PASS,2.7922688320627,1.629490928304121,0.5621154367587295,0,111.0,10/21/2024,26,7024
training_set\images\image_00096.jpg,96,PASS,2.0911055942627903,1.4432606152170528,0.0612662167968092,0,111.0,10/21/2024,27,7024
training_set\images\image_00098.jpg,98,PASS,2.2453663319797164,1.578517099797116,0.2362684817893625,0,111.0,10/21/2024,28,7024
training_set\images\image_00099.jpg,99,PASS,2.287257336556311,1.7769101340940603,0.1449248033392796,0,111.0,10/21/2024,29,7024
training_set\images\image_00100.jpg,100,PASS,3.0859606781165474,1.9312811868102635,0.7301731076760132,1,111.0,10/21/2024,30,7024
training_set\images\image_00101.jpg,101,PASS,2.1620873553842874,1.8449247042002568,0.3007976864174877,0,111.0,10/21/2024,31,7024
training_set\images\image_00102.jpg,102,PASS,2.449062450447475,2.001183424315222,0.4048986519582516,0,111.0,10/21/2024,32,7024
training_set\images\image_00104.jpg,104,PASS,2.1222960611758244,1.230508030485478,0.3674242284953239,0,111.0,10/21/2024,1,7038
training_set\images\image_00105.jpg,105,PASS,2.363641470185178,1.720503990642719,0.5788730215103348,0,111.0,10/21/2024,2,7038
training_set\images\image_00106.jpg,106,PASS,5.855829962750695,2.117799795852184,3.832943375604572,0,111.0,10/21/2024,3,7038
training_set\images\image_00107.jpg,107,PASS,2.0706158110442816,1.6242119506307338,0.0896571397495178,0,111.0,10/21/2024,4,7038
training_set\images\image_00108.jpg,108,PASS,1.7518238219948346,1.25161526487,0.3130400559221948,0,111.0,10/21/2024,5,7038
training_set\images\image_00109.jpg,109,PASS,2.624474434084903,2.128858878749772,0.058401910127829,0,111.0,10/21/2024,6,7038
training_set\images\image_00110.jpg,110,PASS,2.031857591126254,1.662248978998984,0.0787414620965549,0,111.0,10/21/2024,7,7038
training_set\images\image_00112.jpg,112,PASS,2.2580464550328623,1.8841592478412037,0.264656386235949,0,111.0,10/21/2024,8,7038
training_set\images\image_00113.jpg,113,PASS,1.931435532259725,1.4578557631618312,0.569960626143408,0,111.0,10/21/2024,9,7038
training_set\images\image_00114.jpg,114,PASS,2.313704839379035,1.5582244994428958,0.8373508523719293,1,111.0,10/21/2024,10,7038
training_set\images\image_00115.jpg,115,PASS,4.00600296835397,1.7891896428364584,2.5268726343909416,0,111.0,10/21/2024,11,7038
training_set\images\image_00116.jpg,116,PASS,2.395720698107872,1.970778640663324,0.099060910749813,0,111.0,10/21/2024,12,7038
training_set\images\image_00117.jpg,117,PASS,2.432283540516165,1.971826632833989,0.4306331462128758,0,111.0,10/21/2024,13,7038
training_set\images\image_00118.jpg,118,PASS,2.045606416569492,1.6419060965233214,0.1444970915679686,0,111.0,10/21/2024,14,7038
training_set\images\image_00120.jpg,120,PASS,2.0069503387289074,1.1095572577087585,1.2624231843489475,0,111.0,10/29/2024,34,7024
training_set\images\image_00121.jpg,121,FAIL,8.15758987830649,5.583262719958469,1.3763747618656437,0,111.0,10/29/2024,35,7024
training_set\images\image_00122.jpg,122,FAIL,2.8635851144537403,2.172982925155523,0.3844219604647843,0,111.0,10/29/2024,36,7024
training_set\images\image_00123.jpg,123,FAIL,5.112935004165309,3.662099541194229,1.6760072028498634,0,111.0,10/29/2024,37,7024
training_set\images\image_00124.jpg,124,FAIL,6.035557210333703,4.607023088329097,0.3944413671516207,0,111.0,10/29/2024,38,7024
training_set\images\image_00125.jpg,125,FAIL,7.715330600289297,4.312536302053329,4.861765268989379,0,111.0,10/29/2024,39,7024
training_set\images\image_00126.jpg,126,FAIL,5.903767453107667,4.73356353883614,0.3955998760449306,0,111.0,10/29/2024,40,7024
training_set\images\image_00127.jpg,127,FAIL,8.578533049706222,5.940996490767536,0.1021983713674981,0,111.0,10/29/2024,41,7024
training_set\images\image_00128.jpg,128,FAIL,4.505029660060925,3.476428021631472,0.6674509562853723,0,111.0,10/29/2024,42,7024
training_set\images\image_00129.jpg,129,FAIL,5.979970750029263,4.7827330484232125,1.3426002278133833,0,111.0,10/29/2024,43,7024
training_set\images\image_00131.jpg,131,FAIL,6.337628441554772,4.502927541130464,1.99590736420324,0,111.0,10/29/2024,44,7024
training_set\images\image_00132.jpg,132,FAIL,7.208624372132039,6.217257772266325,0.0494498417187623,0,111.0,10/29/2024,45,7024
training_set\images\image_00133.jpg,133,FAIL,5.547714512643849,3.1887154323679074,1.3466321842739806,1,111.0,10/29/2024,46,7024
training_set\images\image_00134.jpg,134,FAIL,4.813350539615102,3.522710248548304,1.2133823743413283,0,111.0,10/29/2024,47,7024
training_set\images\image_00135.jpg,135,FAIL,4.846350178298253,3.46202427758781,1.3652967550089956,0,111.0,10/29/2024,48,7024
training_set\images\image_00136.jpg,136,FAIL,3.782986252328477,2.8389905931499766,0.1761089542938529,0,111.0,10/29/2024,49,7024
training_set\images\image_00137.jpg,137,FAIL,4.889185099990756,2.9042649063385184,0.9641189290787402,0,111.0,10/29/2024,50,7024
training_set\images\image_00138.jpg,138,FAIL,5.376157129950402,4.67391975530273,0.6388816685179579,0,111.0,10/29/2024,51,7024
training_set\images\image_00139.jpg,139,FAIL,6.712774559028768,5.175955075572827,0.8984529967136581,0,111.0,10/29/2024,52,7024
training_set\images\image_00140.jpg,140,FAIL,7.48970260823349,5.627059238224931,0.265952592078972,0,111.0,10/29/2024,53,7024
training_set\images\image_00141.jpg,141,PASS,2.0779509563821965,1.6800732737074344,0.0358769730889485,0,112.0,10/29/2024,1,6024
training_set\images\image_00142.jpg,142,PASS,2.372384962116799,1.743476748786667,0.2346770649842215,0,112.0,10/29/2024,2,6024
training_set\images\image_00143.jpg,143,PASS,2.7396914522203004,1.5990876987836575,1.1153252944907546,0,112.0,10/29/2024,3,6024
training_set\images\image_00144.jpg,144,PASS,2.8786224778793006,1.3991704238966909,1.3520202097159884,0,112.0,10/29/2024,4,6024
training_set\images\image_00145.jpg,145,PASS,2.95668188118446,1.5736162787653114,0.6740218951218235,0,112.0,10/29/2024,5,6024
training_set\images\image_00146.jpg,146,PASS,3.9710838351591615,2.3555655148124712,1.4991935610308214,1,112.0,10/29/2024,6,6024
training_set\images\image_00147.jpg,147,PASS,2.9123976529342683,1.68529395052039,1.9841719411376983,0,112.0,10/29/2024,7,6024
training_set\images\image_00148.jpg,148,PASS,3.021214910963544,1.7435348520028373,0.7755930484240747,0,112.0,10/29/2024,8,6024
training_set\images\image_00149.jpg,149,PASS,2.5468490172808447,1.8302112094251408,0.4401094803588656,0,112.0,10/29/2024,9,6024
training_set\images\image_00150.jpg,150,PASS,2.214093602588642,1.4707613959527923,0.5867213836206293,0,112.0,10/29/2024,10,6024
training_set\images\image_00151.jpg,151,PASS,2.3694414902884806,1.5677764606009534,0.4952228662532096,1,112.0,10/29/2024,11,6024
training_set\images\image_00152.jpg,152,PASS,1.7493876722174806,1.169430536252426,0.3303983050836057,0,112.0,10/29/2024,12,6024
training_set\images\image_00153.jpg,153,PASS,2.07240197373936,1.380489709197479,0.2362628439719285,0,112.0,10/29/2024,1,6038
training_set\images\image_00154.jpg,154,PASS,1.7954126320070536,1.498236407447368,0.0818998916705764,0,112.0,10/29/2024,2,6038
training_set\images\image_00155.jpg,155,PASS,2.265482432635073,1.761980751197657,0.3678532810935933,0,112.0,10/29/2024,3,6038
training_set\images\image_00156.jpg,156,PASS,2.903544044566216,2.0189713928226465,0.4883495678903524,0,112.0,10/29/2024,4,6038
training_set\images\image_00157.jpg,157,PASS,1.6723752529883202,1.0228241264395128,0.5224766883589838,0,112.0,10/29/2024,5,6038
training_set\images\image_00158.jpg,158,PASS,2.0078969948478296,1.4588294693692887,0.2998384558256599,0,112.0,10/29/2024,6,6038
training_set\images\image_00160.jpg,160,PASS,2.063091273388,1.5976355633831891,0.586759701958135,0,112.0,10/30/2024,7,6038
training_set\images\image_00161.jpg,161,PASS,2.0961469595459654,1.405014032087643,0.1588880231327307,0,112.0,10/30/2024,8,6038
training_set\images\image_00162.jpg,162,PASS,2.879811788785964,2.001713006848634,0.0894953877546882,0,112.0,10/30/2024,9,6038
training_set\images\image_00163.jpg,163,PASS,2.2278912020218917,1.8240943497913904,0.4177170937866359,0,112.0,10/30/2024,10,6038
training_set\images\image_00164.jpg,164,PASS,1.7121379991419932,1.1375602507641405,0.5201197339722379,0,112.0,10/30/2024,11,6038
training_set\images\image_00165.jpg,165,PASS,2.0754696978800102,1.7646715211492374,0.0307196115928642,0,112.0,10/30/2024,12,6038
training_set\images\image_00166.jpg,166,PASS,2.7388065203098653,1.875514037724639,0.4441063389012765,0,112.0,10/30/2024,13,6038
training_set\images\image_00167.jpg,167,PASS,2.4588154056149603,1.7379175474762862,0.2480159490494968,0,112.0,10/30/2024,14,6038
training_set\images\image_00168.jpg,168,PASS,1.885517150390504,1.4446866869016095,0.4841383036380566,0,112.0,10/30/2024,15,6038
training_set\images\image_00169.jpg,169,PASS,2.3409611274951505,1.858831079726815,0.0526415554788051,0,112.0,10/30/2024,16,6038
training_set\images\image_00170.jpg,170,PASS,2.2880175765792137,1.6521958363144444,0.4188858967507702,0,112.0,10/30/2024,17,6038
training_set\images\image_00171.jpg,171,PASS,1.9780738210175035,1.5970621025316636,0.3397812209074486,0,112.0,10/30/2024,18,6038
training_set\images\image_00172.jpg,172,PASS,2.384424736177065,1.696680731361159,0.7770431761953527,0,112.0,10/30/2024,19,6038
training_set\images\image_00173.jpg,173,PASS,2.798531323760072,2.0721064707846466,0.432869611432805,0,112.0,10/30/2024,20,6038
training_set\images\image_00174.jpg,174,PASS,2.0878961258155946,1.7977528575568746,0.2317893796064183,0,112.0,10/30/2024,21,6038
training_set\images\image_00175.jpg,175,PASS,1.9470819540302784,1.7662815335762652,0.2637523102007097,0,112.0,10/30/2024,22,6038
training_set\images\image_00176.jpg,176,PASS,2.1416520964863577,1.5339834712917686,0.0415796536029775,0,112.0,10/30/2024,23,6038
training_set\images\image_00177.jpg,177,PASS,1.923366211201466,1.2166345528829503,0.0094741898284314,0,112.0,10/30/2024,24,6038
training_set\images\image_00178.jpg,178,PASS,2.5551518379299027,1.3506421375823028,0.9459097918059124,0,112.0,10/30/2024,25,6038
training_set\images\image_00179.jpg,179,PASS,1.9037471589282131,1.4737537699946788,0.3201027350771075,0,112.0,10/30/2024,26,6038
training_set\images\image_00180.jpg,180,PASS,1.7674167917123356,1.4061545684076329,0.1333976255121529,0,112.0,10/30/2024,27,6038
training_set\images\image_00181.jpg,181,PASS,1.8107741374660449,1.4096195264299551,0.2728760066520561,0,112.0,10/30/2024,28,6038
training_set\images\image_00182.jpg,182,FAIL,5.83035272498779,2.9799272233864613,4.228568955043,0,111.0,10/30/2024,54,7024
training_set\images\image_00183.jpg,183,FAIL,5.706529294931187,4.745764552108578,0.370843472585336,0,111.0,10/30/2024,55,7024
training_set\images\image_00184.jpg,184,FAIL,5.966091827427232,4.337805003670007,1.368823431736688,1,111.0,10/30/2024,56,7024
training_set\images\image_00185.jpg,185,FAIL,5.991650432651768,4.548490474793149,1.137666685170582,0,111.0,10/30/2024,57,7024
training_set\images\image_00186.jpg,186,FAIL,6.776745859338399,4.999829545777304,1.903444087432688,0,111.0,10/30/2024,58,7024
training_set\images\image_00187.jpg,187,FAIL,6.146199648266154,3.9516114985983113,1.4689236305217754,0,111.0,10/30/2024,59,7024
training_set\images\image_00188.jpg,188,FAIL,4.971375668239396,3.391311745198037,1.0223753749810696,0,111.0,10/30/2024,60,7024
training_set\images\image_00189.jpg,189,FAIL,3.610994652096564,2.90021156670859,0.5365367784686144,0,111.0,10/30/2024,61,7024
training_set\images\image_00190.jpg,190,FAIL,3.9446050177346574,2.553263468033352,0.8298607778971636,0,111.0,10/30/2024,62,7024
training_set\images\image_00191.jpg,191,FAIL,3.479210197615027,2.448026166599845,0.6363722614665295,1,111.0,10/30/2024,63,7024
training_set\images\image_00192.jpg,192,FAIL,3.788154518669311,2.8725780688015834,0.2805946866412383,0,111.0,10/30/2024,64,7024
training_set\images\image_00193.jpg,193,FAIL,3.5528581744963823,2.793776509865697,0.2849654613063963,0,111.0,10/30/2024,65,7024
training_set\images\image_00194.jpg,194,FAIL,2.087193458337926,1.8730797730625732,0.0022742633028483,0,111.0,10/30/2024,66,7024
training_set\images\image_00195.jpg,195,FAIL,3.367707995650229,1.874872227235813,0.9031084803467736,0,111.0,10/30/2024,67,7024
training_set\images\image_00196.jpg,196,FAIL,2.965236047647845,2.1451921742477715,0.6134642414872071,0,111.0,11/4/2024,68,7024
training_set\images\image_00197.jpg,197,FAIL,2.285548030075596,1.2893606794914907,0.4386694923043246,0,111.0,11/4/2024,69,7024
training_set\images\image_00198.jpg,198,FAIL,2.688049743039896,1.972707650619632,0.4681256196008228,0,111.0,11/4/2024,70,7024
training_set\images\image_00199.jpg,199,FAIL,4.49783399529025,2.805395977737501,2.04383953447486,0,111.0,11/4/2024,71,7024
training_set\images\image_00200.jpg,200,FAIL,3.514171465085317,2.502203807438596,0.2700513785046259,0,111.0,11/5/2024,72,7024
training_set\images\image_00201.jpg,201,FAIL,6.24201668680482,3.800548041944916,1.2456715341585325,0,111.0,11/5/2024,73,7024
training_set\images\image_00202.jpg,202,FAIL,3.3608075565593363,1.7841578758987542,1.0158530661108016,0,111.0,11/5/2024,74,7024
training_set\images\image_00203.jpg,203,FAIL,3.90521445158499,2.5002129743596746,1.8525538066422969,1,111.0,11/5/2024,75,7024
training_set\images\image_00204.jpg,204,FAIL,6.246930949521273,3.4880935116083407,3.77082429469136,0,111.0,11/5/2024,76,7024
training_set\images\image_00205.jpg,205,FAIL,2.75076790842134,1.783441922617125,0.7461177251624158,0,111.0,11/5/2024,77,7024
training_set\images\image_00206.jpg,206,FAIL,4.750257815342239,2.3404794758952137,1.9758779425255844,0,111.0,11/5/2024,78,7024
training_set\images\image_00207.jpg,207,FAIL,6.554164573202864,4.171409465468385,0.703572134942581,0,111.0,11/5/2024,79,7024
training_set\images\image_00208.jpg,208,FAIL,7.594095982677249,5.558711059458022,0.6607995558605637,0,111.0,11/5/2024,80,7024
training_set\images\image_00209.jpg,209,FAIL,4.2049049792850015,2.6659985692141994,0.0466741304632556,0,111.0,11/5/2024,81,7024
training_set\images\image_00210.jpg,210,FAIL,4.945225177752393,2.4226961525856368,2.297757758131875,0,111.0,11/5/2024,82,7024
training_set\images\image_00211.jpg,211,FAIL,5.0665713777055466,2.995686013236856,0.550891602555593,0,111.0,11/5/2024,83,7024
training_set\images\image_00212.jpg,212,FAIL,6.305712564780893,4.844778408936628,0.3713867606443335,0,111.0,11/5/2024,84,7024
training_set\images\image_00213.jpg,213,FAIL,4.679190197909033,3.016400460980272,0.639043335759867,0,111.0,11/5/2024,85,7024
training_set\images\image_00260.jpg,260,PASS,1.8120957166808027,1.4872263000462935,0.3455370109110125,0,113.0,11/19/2024,1,7024
training_set\images\image_00261.jpg,261,PASS,2.3689510903283373,1.346702162027733,0.1202213698031569,0,113.0,11/19/2024,2,7024
training_set\images\image_00262.jpg,262,PASS,1.928515891432225,1.2725542668953114,0.1410912171730687,0,113.0,11/19/2024,3,7024
training_set\images\image_00263.jpg,263,PASS,3.615501087373426,1.4864307743163696,1.877692869688231,1,113.0,11/19/2024,4,7024
training_set\images\image_00264.jpg,264,PASS,3.308092581099596,1.9291731387855788,1.115223960011383,0,113.0,11/19/2024,5,7024
training_set\images\image_00265.jpg,265,PASS,2.456614504923234,1.770224614587202,0.2694580264580102,0,113.0,11/19/2024,6,7024
training_set\images\image_00266.jpg,266,PASS,2.787038539870484,1.7398670978898885,0.4268716695872876,0,113.0,11/19/2024,7,7024
training_set\images\image_00267.jpg,267,PASS,2.193151465893945,1.5270599126427538,0.0358779401046849,0,113.0,11/19/2024,8,7024
training_set\images\image_00268.jpg,268,PASS,3.4805200221014254,1.9040668356474375,0.5849415928950878,0,113.0,11/19/2024,9,7024
training_set\images\image_00269.jpg,269,PASS,2.53548494460459,2.0148481954819366,0.2873294855150194,0,113.0,11/19/2024,10,7024
training_set\images\image_00270.jpg,270,PASS,2.460942406347088,1.574902270289065,0.5264618606703997,0,113.0,11/19/2024,11,7024
training_set\images\image_00271.jpg,271,PASS,2.116974050876561,1.541205942293136,0.0891348475609619,0,113.0,11/19/2024,12,7024
training_set\images\image_00272.jpg,272,PASS,1.7376875202896565,1.368926599890257,0.3542765160305339,0,113.0,11/19/2024,13,7024
training_set\images\image_00273.jpg,273,PASS,2.64685030413572,1.4833076659967566,0.8456828672499204,0,113.0,11/19/2024,14,7038
training_set\images\image_00274.jpg,274,PASS,2.4689927491993484,1.7606657707717783,0.1882227562783884,0,113.0,11/19/2024,1,7038
training_set\images\image_00275.jpg,275,PASS,2.181040147868009,1.6425209292679044,0.208051151263839,0,113.0,11/19/2024,2,7038
training_set\images\image_00276.jpg,276,PASS,2.667314258006738,2.077824561267981,0.3044456178259511,0,113.0,11/19/2024,4,7038
training_set\images\image_00277.jpg,277,PASS,3.8848214015236144,2.6194127108864844,0.0062128894000479,0,113.0,11/19/2024,5,7038
training_set\images\image_00280.jpg,280,PASS,2.897700965725577,1.6043830144669755,1.1182144956304996,0,113.0,11/19/2024,6,7038
training_set\images\image_00281.jpg,281,PASS,2.808031221185068,2.277117141754713,0.1471875437576684,0,113.0,11/19/2024,7,7038
training_set\images\image_00282.jpg,282,PASS,2.1561761363815397,1.37257852888054,0.4711925435484903,0,113.0,11/19/2024,8,7038
training_set\images\image_00283.jpg,283,PASS,2.0030561980427115,1.4573382854591437,0.2975875530940188,0,113.0,11/19/2024,9,7038
training_set\images\image_00284.jpg,284,PASS,1.9045419891256652,1.6793801861251545,0.0883408980913174,0,113.0,11/19/2024,10,7038
training_set\images\image_00285.jpg,285,PASS,2.0515877185219487,1.5722567088886703,0.280422055052131,0,113.0,11/19/2024,11,7038
training_set\images\image_00286.jpg,286,PASS,2.408987403494228,2.1193941706324244,0.1824947162707952,0,113.0,11/19/2024,12,7038
training_set\images\image_00287.jpg,287,PASS,2.459627755508903,1.7249880834667477,0.3609378336427382,0,113.0,11/19/2024,13,7038
training_set\images\image_00288.jpg,288,PASS,3.200880519510564,2.131160683563697,1.1930546633188746,0,113.0,11/19/2024,14,7038
training_set\images\image_00289.jpg,289,PASS,2.4013458443678517,1.9136633751798,0.1492224109825564,0,113.0,11/19/2024,15,7038
training_set\images\image_00290.jpg,290,PASS,2.302382295221584,1.9005338905696183,0.0792474868757544,0,113.0,11/19/2024,16,7038
training_set\images\image_00291.jpg,291,PASS,2.709997233447793,2.1134443800354625,0.2551204750125215,0,113.0,11/19/2024,17,7038
training_set\images\image_00292.jpg,292,PASS,3.173934937586228,2.2186103150631964,0.2806524027950732,0,113.0,11/19/2024,18,7038
training_set\images\image_00293.jpg,293,PASS,3.2027905118906874,2.340783187064798,0.5160862792232863,0,113.0,11/19/2024,19,7038
training_set\images\image_00294.jpg,294,PASS,1.381567447306505,0.8123764646454127,0.0778953155988602,0,113.0,11/19/2024,20,7038
training_set\images\image_00295.jpg,295,PASS,2.0326090081542523,1.4758726127477548,0.4505954099240818,0,113.0,11/19/2024,21,7038
training_set\images\image_00296.jpg,296,PASS,2.054181359874961,1.589990034957847,0.6529176151257261,1,113.0,11/19/2024,22,7038
training_set\images\image_00297.jpg,297,PASS,2.026631280609921,1.7884686245448496,0.0607754621790135,0,113.0,11/19/2024,23,7038
training_set\images\image_00298.jpg,298,PASS,2.263836029215593,1.8660773366912495,0.0973147787430233,0,113.0,11/19/2024,24,7038
training_set\images\image_00302.jpg,302,PASS,2.40004706865471,1.5225959452038127,0.7864422273064016,0,113.0,11/19/2024,25,7038
training_set\images\image_00303.jpg,303,PASS,3.7225631557147474,2.3631617126048448,0.8951344078960437,0,113.0,11/19/2024,26,7038
training_set\images\image_00304.jpg,304,PASS,2.3603628200550286,1.7271323318384442,0.1865796277766627,0,113.0,11/19/2024,27,7038
training_set\images\image_00305.jpg,305,PASS,2.304036338600824,1.9582749954299008,0.0431171033135964,0,113.0,11/19/2024,28,7038
training_set\images\image_00306.jpg,306,PASS,2.975063132899486,1.9136275321011127,0.855376402413583,0,113.0,11/19/2024,29,7038
training_set\images\image_00307.jpg,307,PASS,2.7046142489948624,1.997975484909522,0.0437390683800491,0,113.0,11/19/2024,30,7038
training_set\images\image_00308.jpg,308,PASS,2.126228829959553,1.7395859891304737,0.1098937936543853,0,113.0,11/19/2024,31,7038
training_set\images\image_00309.jpg,309,PASS,1.815063845138595,1.4928504232484094,0.318457299003555,0,113.0,11/19/2024,32,7038
training_set\images\image_00310.jpg,310,PASS,2.000909174811218,1.5144410689232917,0.1117016804905541,0,113.0,11/19/2024,33,7038
training_set\images\image_00332.jpg,332,FAIL,5.117421546687427,4.493847927573794,0.2908848436470537,0,111.0,11/20/2024,86,7024
training_set\images\image_00333.jpg,333,FAIL,7.748225663901454,5.835135674039445,0.293828694287928,0,111.0,11/20/2024,87,7024
training_set\images\image_00334.jpg,334,FAIL,6.245181176849876,4.351006356910343,0.7106529192409958,0,111.0,11/20/2024,88,7024
training_set\images\image_00335.jpg,335,FAIL,6.000945544323163,4.379566189224716,1.127880245981797,0,111.0,11/20/2024,89,7024
training_set\images\image_00336.jpg,336,FAIL,5.75236630565148,3.904016784630116,1.1778251725110556,0,111.0,11/20/2024,90,7024
training_set\images\image_00337.jpg,337,FAIL,5.4866501160522745,4.232993028393206,0.108771128809205,2,111.0,11/20/2024,91,7024
training_set\images\image_00338.jpg,338,FAIL,2.7203397073867888,1.98983908034116,0.2137700932190349,0,111.0,11/20/2024,92,7024
training_set\images\image_00339.jpg,339,FAIL,2.1741228111969284,0.8462736631746273,1.6093434040253651,0,111.0,11/20/2024,93,7024
training_set\images\image_00340.jpg,340,FAIL,7.748796769059531,6.288952698476403,0.5667482671855311,0,111.0,11/20/2024,94,7024
training_set\images\image_00341.jpg,341,FAIL,4.82625803065948,4.00357663750578,0.1668117228525796,0,111.0,11/20/2024,95,7024
training_set\images\image_00342.jpg,342,FAIL,7.256018634667951,5.756590655259903,1.8063328900204985,0,111.0,11/20/2024,96,7024
training_set\images\image_00343.jpg,343,FAIL,7.397348660025226,6.680509132982639,0.4350567428251191,0,111.0,11/20/2024,97,7024
training_set\images\image_00344.jpg,344,FAIL,7.077892152392903,5.563376768677897,2.197000959846334,0,111.0,11/20/2024,98,7024
training_set\images\image_00345.jpg,345,FAIL,9.49529698310806,7.482020782128218,0.6089620535687956,0,111.0,11/20/2024,99,7024
training_set\images\image_00346.jpg,346,FAIL,8.147728695883979,6.269134705349356,1.9884473159323504,0,111.0,11/20/2024,100,7024
training_set\images\image_00347.jpg,347,FAIL,8.744875355509556,6.0210725050078615,0.3335142736124368,0,111.0,11/20/2024,101,7024
training_set\images\image_00348.jpg,348,FAIL,8.235398455128744,6.827554728809782,0.537941337844754,0,111.0,11/20/2024,102,7024
training_set\images\image_00349.jpg,349,FAIL,7.071467621278355,5.944136932057607,1.3797886098641283,0,111.0,11/20/2024,103,7024
training_set\images\image_00350.jpg,350,FAIL,6.877482932290635,4.42241390078323,2.564343260155648,0,111.0,11/20/2024,104,7024
training_set\images\image_00351.jpg,351,FAIL,6.82487834438645,5.625947107962813,1.5534249251231849,0,111.0,11/20/2024,105,7024
training_set\images\image_00352.jpg,352,FAIL,5.18404768506669,4.0477021513445495,1.0924025650634943,0,111.0,11/20/2024,106,7024
training_set\images\image_00353.jpg,353,FAIL,6.463752697395603,4.473328170395786,0.6507047952842573,0,111.0,11/20/2024,107,7024
training_set\images\image_00354.jpg,354,FAIL,6.75817416397081,4.629509681872651,2.6638842407578998,0,111.0,11/20/2024,108,7024
training_set\images\image_00355.jpg,355,FAIL,6.5364163404609394,5.734804413325615,0.0678727875660261,0,111.0,11/20/2024,109,7024
training_set\images\image_00356.jpg,356,FAIL,8.197745815433464,6.322187152066003,0.2145982838345173,0,111.0,11/20/2024,110,7024
training_set\images\image_00357.jpg,357,FAIL,7.536596194739533,6.6557595051758405,0.7671565632471644,1,111.0,11/20/2024,111,7024
training_set\images\image_00358.jpg,358,FAIL,8.016687792375588,5.963810202990897,1.5661428607013637,0,111.0,11/20/2024,112,7024
training_set\images\image_00359.jpg,359,FAIL,7.608835600422386,6.002067136935957,0.810478214771094,0,111.0,11/20/2024,113,7024
training_set\images\image_00361.jpg,361,FAIL,8.324975124379826,6.22888989077758,2.673032303183964,0,111.0,11/20/2024,114,7024
training_set\images\image_00362.jpg,362,FAIL,6.994428680954795,5.164726006244405,2.052890986571457,0,111.0,11/20/2024,115,7024
training_set\images\image_00367.jpg,367,FAIL,6.579200882494501,4.541375824458247,1.3805816694365456,0,111.0,11/20/2024,116,7024
training_set\images\image_00368.jpg,368,FAIL,6.780995619264848,3.791681517376604,2.67142509851192,0,111.0,11/20/2024,117,7024
training_set\images\image_00369.jpg,369,FAIL,5.594222471928633,4.442696604591329,0.882102303691231,0,111.0,11/20/2024,118,7024
training_set\images\image_00370.jpg,370,FAIL,6.786922436229202,5.995358614796465,0.4425326854926306,0,111.0,11/20/2024,119,7024
training_set\images\image_00371.jpg,371,FAIL,6.151745627126159,4.578859853436808,1.4919005445902096,0,111.0,11/20/2024,120,7024
training_set\images\image_00372.jpg,372,FAIL,5.214746749794338,4.1498596317816085,0.1236369709980307,0,111.0,11/20/2024,121,7024
training_set\images\image_00373.jpg,373,FAIL,6.120876268266495,4.705570623726891,0.1521808566514471,0,111.0,11/20/2024,122,7024
training_set\images\image_00374.jpg,374,FAIL,4.661549123737519,4.298862209889586,0.2150921729505901,1,111.0,11/20/2024,123,7024
training_set\images\image_00375.jpg,375,FAIL,4.811630307328175,3.752416733636183,1.2676050441541098,0,111.0,11/20/2024,124,7024
training_set\images\image_00377.jpg,377,FAIL,5.582434326172126,3.722248092310069,2.320588059043104,0,111.0,11/20/2024,125,7024
training_set\images\image_00378.jpg,378,FAIL,7.141395243090261,3.827417090820001,4.765957329491345,0,111.0,11/20/2024,126,7024
training_set\images\image_00379.jpg,379,FAIL,4.525774491850761,3.4452860109434176,1.1364152270625785,1,111.0,11/20/2024,127,7024
training_set\images\image_00380.jpg,380,FAIL,5.779677267183451,4.268843419041652,2.4682901970871645,0,111.0,11/20/2024,128,7024
training_set\images\image_00381.jpg,381,FAIL,6.458982998089641,3.948602365048788,1.5318356820542975,0,111.0,11/20/2024,129,7024
training_set\images\image_00382.jpg,382,FAIL,6.105340258784722,4.953237628112483,0.488161750909426,0,111.0,11/20/2024,130,7024
training_set\images\image_00383.jpg,383,FAIL,4.832774735941958,3.141187989855253,2.3820831249174947,0,111.0,11/20/2024,131,7024
training_set\images\image_00384.jpg,384,FAIL,7.272088701600893,5.582347625967231,0.0793743005563802,0,111.0,11/20/2024,132,7024
training_set\images\image_00385.jpg,385,FAIL,7.102465413547232,5.163085558580613,1.125848232114186,0,111.0,11/20/2024,133,7024
training_set\images\image_00386.jpg,386,FAIL,5.610214181212816,4.1869469553577785,1.2837096466521718,0,111.0,11/20/2024,134,7024
training_set\images\image_00387.jpg,387,FAIL,3.273868169675904,2.1765226394638697,0.5325554340299665,0,,11/21/2024,135,7024
training_set\images\image_00388.jpg,388,FAIL,3.9131309340009626,2.011035727064792,1.364694670733218,0,,11/20/2024,137,6024
training_set\images\image_00389.jpg,389,FAIL,3.6869469526323697,2.4150727935021967,0.7510774097998651,1,,11/20/2024,138,6024
training_set\images\image_00390.jpg,390,FAIL,3.784201644763841,2.386769567083177,1.6019616183519978,0,,11/20/2024,139,6024
training_set\images\image_00391.jpg,391,FAIL,2.5433799555838847,1.3940352836555692,0.95658344920343,0,,11/20/2024,140,6024
training_set\images\image_00392.jpg,392,FAIL,2.456850967924562,1.694214184922675,0.5977292080533141,0,,11/20/2024,141,6024
training_set\images\image_00393.jpg,393,FAIL,2.082601152442849,1.3598478187417984,0.0648905514929358,0,,11/20/2024,142,6024
training_set\images\image_00394.jpg,394,FAIL,2.493795650845126,1.5290508679369823,0.8304192906387347,0,,11/20/2024,143,6024
training_set\images\image_00395.jpg,395,FAIL,3.822597830693587,2.815884848103405,0.3535111642901403,0,,11/20/2024,144,6024
training_set\images\image_00396.jpg,396,FAIL,4.674068789777731,2.7771663321518028,2.8381156691538805,0,,11/20/2024,145,6024
training_set\images\image_00397.jpg,397,FAIL,3.2361365821971866,2.716032055224137,0.1806992500084172,0,,11/20/2024,146,6024
training_set\images\image_00398.jpg,398,FAIL,3.897846628748755,2.12065751203826,1.4580054759300585,0,,11/20/2024,147,6024
training_set\images\image_00399.jpg,399,FAIL,3.975694761147385,2.9946880413422114,0.931520671125328,0,,11/20/2024,149,6024
training_set\images\image_00400.jpg,400,FAIL,5.980380167811748,2.606451168844518,4.332013751657419,0,,11/20/2024,150,6024
training_set\images\image_00401.jpg,401,FAIL,3.337132220014964,2.101209539271836,1.483672616374878,0,,11/20/2024,151,6024
training_set\images\image_00402.jpg,402,FAIL,3.530858968521788,2.1838989660168746,1.5417331146196975,0,,11/20/2024,152,6024
training_set\images\image_00403.jpg,403,FAIL,3.525646709338225,2.2784523427700334,1.1933309358907902,0,,11/21/2024,153,6024
training_set\images\image_00404.jpg,404,FAIL,4.238757379047548,3.586131362708894,0.736439195814659,0,,11/21/2024,154,6024
training_set\images\image_00405.jpg,405,FAIL,3.7749550936587286,3.10465952239303,0.0078584518891302,0,,11/21/2024,155,6024
training_set\images\image_00406.jpg,406,FAIL,2.2761043647481496,1.610457632548452,0.5034777828120434,0,,11/21/2024,156,6024
training_set\images\image_00407.jpg,407,FAIL,2.927859860840309,2.354606378078016,0.4005238891624927,1,,11/21/2024,157,6024
training_set\images\image_00408.jpg,408,FAIL,3.2543067021746226,2.4191268796298733,0.0208529145263041,0,,11/21/2024,158,6024
training_set\images\image_00409.jpg,409,FAIL,2.987286907358941,2.388351988905614,0.1204836498672565,0,,11/21/2024,159,6024
training_set\images\image_00410.jpg,410,FAIL,3.589153647001618,2.677166852801642,0.6324315679035459,0,,11/21/2024,160,6024
training_set\images\image_00411.jpg,411,FAIL,3.597335263470714,3.155141583565031,0.538310920783895,0,,11/21/2024,161,6024
training_set\images\image_00412.jpg,412,FAIL,3.213913839762725,2.6047757019451594,0.2439031459989125,0,,11/21/2024,162,6024
training_set\images\image_00413.jpg,413,FAIL,2.4230574355883774,1.3816394959924825,0.3049120928954458,0,,11/21/2024,163,6024
training_set\images\image_00414.jpg,414,FAIL,4.077082214832323,3.061529093845083,0.203446956391331,0,,11/21/2024,164,6024
training_set\images\image_00415.jpg,415,FAIL,3.239749537542479,2.1611861388902773,0.575529508466635,0,,11/21/2024,165,6024
training_set\images\image_00417.jpg,417,FAIL,3.290343660619476,2.895703231224989,0.0179413974374531,0,,11/25/2024,167,6024
training_set\images\image_00418.jpg,418,FAIL,3.7167823471216073,2.7505190759083256,1.052141111092063,0,,11/25/2024,168,6024
training_set\images\image_00419.jpg,419,FAIL,3.8661014118812425,2.6891185350214566,1.0019635624050571,0,,11/25/2024,169,6024
training_set\images\image_00420.jpg,420,FAIL,3.977974805165711,2.447686578210828,0.254607946078766,0,,11/25/2024,170,6024
training_set\images\image_00421.jpg,421,FAIL,2.229009115690478,1.6762061218276456,0.0866122110760616,0,,11/25/2024,171,6024
training_set\images\image_00422.jpg,422,FAIL,4.054992707577399,3.1606111617013064,0.0160420021319378,0,,11/25/2024,172,6024
training_set\images\image_00423.jpg,423,FAIL,3.569281685634568,2.4251396479562763,1.3129680378602693,0,,11/25/2024,173,6024
training_set\images\image_00424.jpg,424,FAIL,4.111139757443479,2.659612537499365,1.689457382804984,0,,11/25/2024,174,6024
training_set\images\image_00425.jpg,425,FAIL,3.8752885348866783,2.9526112353162666,0.3224618459946038,0,,11/25/2024,175,6024
training_set\images\image_00426.jpg,426,FAIL,3.622882901251542,2.482953543256994,0.3994840157612294,0,104.0,11/25/2024,176,6024
training_set\images\image_00427.jpg,427,FAIL,3.517390236219761,2.6081761621125152,0.9721373770032828,0,104.0,11/25/2024,177,6024
training_set\images\image_00428.jpg,428,FAIL,3.5590308001116187,2.074550303316346,0.9675592838341665,0,104.0,11/25/2024,178,6024
training_set\images\image_00429.jpg,429,FAIL,4.506238821542974,2.93494542764421,1.1643797890807766,0,104.0,11/25/2024,179,6024
training_set\images\image_00430.jpg,430,FAIL,3.356177970557059,2.710030547380084,0.2644603240857472,0,104.0,11/25/2024,180,6024
training_set\images\image_00431.jpg,431,FAIL,3.924839742893357,2.338740219233402,1.5470371282494453,0,104.0,11/25/2024,181,6024
training_set\images\image_00432.jpg,432,FAIL,3.4791367104478126,2.206621391996129,0.4030097230592391,0,104.0,11/25/2024,182,6024
training_set\images\image_00433.jpg,433,FAIL,3.833368334812727,2.7045714146764723,0.4380897467295646,0,104.0,11/25/2024,183,6024
training_set\images\image_00434.jpg,434,FAIL,4.435587840317719,3.1986505702637653,0.7483720742860149,0,104.0,11/25/2024,184,6024
training_set\images\image_00435.jpg,435,FAIL,3.274383974183607,2.198872116942053,0.0319212141484093,0,104.0,11/25/2024,185,6024
training_set\images\image_00436.jpg,436,FAIL,7.766115510113503,3.590565863107918,4.465675836755611,0,104.0,11/25/2024,186,6024
training_set\images\image_00437.jpg,437,FAIL,4.375242534359335,3.375636037724714,0.5974304311891743,0,104.0,11/25/2024,187,6024
training_set\images\image_00438.jpg,438,FAIL,2.870823556581892,1.3696112483413854,1.2371903544705745,0,104.0,11/25/2024,188,6024
training_set\images\image_00439.jpg,439,FAIL,3.434510902005774,2.624193329302071,0.4774801861046418,0,104.0,11/25/2024,189,6024
training_set\images\image_00440.jpg,440,FAIL,3.9413334752334617,2.9598372434708407,0.7821479472691268,0,104.0,11/25/2024,190,6024
training_set\images\image_00441.jpg,441,FAIL,3.251464187808773,2.272203192578218,0.8276152518505633,0,104.0,11/25/2024,191,6024
training_set\images\image_00442.jpg,442,FAIL,3.681523854704477,2.6217544365052103,0.5643682417316573,0,104.0,11/25/2024,192,6024
training_set\images\image_00443.jpg,443,FAIL,3.8273732683382793,2.7636517405339824,0.2515776749418292,0,104.0,11/25/2024,193,6024
training_set\images\image_00444.jpg,444,FAIL,3.322087486451061,2.082991895508886,1.0359285382297905,0,104.0,11/25/2024,194,6024
training_set\images\image_00445.jpg,445,FAIL,3.627155782606389,2.8440076003966333,0.1783854646234703,0,104.0,11/25/2024,195,6024
training_set\images\image_00446.jpg,446,FAIL,3.366157194551004,2.6734816194484523,0.2543174348825769,0,104.0,11/25/2024,196,6024
training_set\images\image_00447.jpg,447,FAIL,2.503362450278063,2.0736317721501405,0.1057786048679809,0,104.0,11/26/2024,197,6024
training_set\images\image_00448.jpg,448,FAIL,3.811813122600457,3.224608698171874,0.2115711747006954,0,104.0,11/26/2024,198,6024
training_set\images\image_00449.jpg,449,FAIL,3.2817494780547465,2.1504409260869086,0.7866429942053283,0,104.0,11/26/2024,199,6024
training_set\images\image_00450.jpg,450,FAIL,3.514643208622484,2.4009540426989067,1.2268952146975804,0,104.0,11/26/2024,200,6024
training_set\images\image_00451.jpg,451,FAIL,3.815678310547332,2.5106414038742737,0.0093854180467261,0,104.0,11/26/2024,201,6024
training_set\images\image_00452.jpg,452,FAIL,3.5664115941639687,2.792947362285618,0.5133692487583676,0,104.0,11/26/2024,202,6024
training_set\images\image_00453.jpg,453,FAIL,3.703040434925216,2.72356574834725,0.5720561054128694,0,104.0,11/26/2024,203,6024
training_set\images\image_00454.jpg,454,FAIL,3.9924456175048153,2.7964663684839093,0.9458079755955566,0,104.0,11/26/2024,204,6024
training_set\images\image_00455.jpg,455,FAIL,3.318520960895337,3.0501972682479663,0.1029499423912922,0,104.0,11/26/2024,205,6024
training_set\images\image_00456.jpg,456,FAIL,3.660308623473982,2.418717132464783,0.2601143968345418,0,104.0,11/26/2024,206,6024
training_set\images\image_00457.jpg,457,FAIL,3.6036449990259327,2.7779070200836014,0.0263262584154904,0,104.0,11/26/2024,207,6024
training_set\images\image_00463.jpg,463,PASS,1.906942823946146,1.1576156126648314,0.7118496005516219,0,114.0,12/5/2024,1,6024
training_set\images\image_00464.jpg,464,PASS,2.7751518544313547,2.006617159991351,0.2400018001177088,0,114.0,12/5/2024,2,6024
training_set\images\image_00465.jpg,465,PASS,1.3892259957552455,0.8913658355459845,0.2617390781372171,0,114.0,12/5/2024,3,6024
training_set\images\image_00466.jpg,466,PASS,2.5449426303750537,1.7326854346767702,1.1630677986289009,0,114.0,12/5/2024,4,6024
training_set\images\image_00468.jpg,468,PASS,2.4124739643956814,1.7326421370731022,0.2841702932563477,0,114.0,12/5/2024,5,6024
training_set\images\image_00469.jpg,469,PASS,2.6599143336642603,2.0803665279913712,0.1720660565288025,0,114.0,12/5/2024,6,6024
training_set\images\image_00470.jpg,470,PASS,1.212918236857596,0.8350780122065488,0.3260110922953685,0,114.0,12/5/2024,7,6024
training_set\images\image_00471.jpg,471,PASS,1.2456301049271965,0.8412027746757783,0.3220069487235799,0,114.0,12/5/2024,8,6024
training_set\images\image_00472.jpg,472,PASS,1.4241779077414465,1.037898250553342,0.5348013684872985,0,114.0,12/5/2024,9,6024
training_set\images\image_00473.jpg,473,PASS,2.075863709912293,1.6781651244585358,0.4296374764789852,0,114.0,12/5/2024,10,6024
training_set\images\image_00474.jpg,474,PASS,2.847479944912332,1.3883087857837817,1.3574537732179233,0,114.0,12/5/2024,11,6024
training_set\images\image_00475.jpg,475,PASS,1.5441269055627482,0.76792689012911,0.7722336376535546,0,114.0,12/5/2024,12,6024
training_set\images\image_00476.jpg,476,PASS,2.2040182347605115,1.68379723889356,0.1818401869826424,0,114.0,12/5/2024,13,6024
training_set\images\image_00477.jpg,477,PASS,2.240226623341494,1.5498154805687854,0.4428301342116847,0,114.0,12/5/2024,14,6024
training_set\images\image_00478.jpg,478,PASS,1.7943263222243528,0.7702675021106297,1.4697721832000794,0,114.0,12/5/2024,15,6038
training_set\images\image_00479.jpg,479,PASS,1.558635742498376,0.8750898534038557,0.776229799548879,0,114.0,12/5/2024,16,6038
training_set\images\image_00480.jpg,480,PASS,1.806716748521396,1.50133126827466,0.3377471337370634,0,114.0,12/5/2024,17,6038
training_set\images\image_00481.jpg,481,PASS,2.9566540347539587,2.113703675075919,1.1044612997190515,0,114.0,12/5/2024,18,6038
training_set\images\image_00482.jpg,482,PASS,2.521812880691865,1.8906399743838216,0.2564682942244207,0,114.0,12/5/2024,19,6038
training_set\images\image_00483.jpg,483,PASS,1.8515370306911056,1.419249029688428,0.1335784677565477,0,114.0,12/5/2024,20,6038
training_set\images\image_00484.jpg,484,PASS,1.7068256328743443,1.200947235805958,0.2485007925686335,0,114.0,12/5/2024,21,6038
training_set\images\image_00485.jpg,485,PASS,2.4954472857315197,1.897202730719337,0.3499137821672531,0,114.0,12/5/2024,22,6038
training_set\images\image_00486.jpg,486,PASS,1.8211718693754957,1.2859123600117677,0.3322171521694621,0,114.0,12/5/2024,23,6038
training_set\images\image_00487.jpg,487,PASS,2.5558685529827065,1.7111448045427868,0.7253404247635171,0,114.0,12/5/2024,24,6038
training_set\images\image_00488.jpg,488,PASS,1.6244244680423368,1.0740475088624066,0.653531584736115,0,114.0,12/5/2024,25,6038
training_set\images\image_00489.jpg,489,PASS,2.216042901314986,1.5781865703896507,0.350215222191768,0,114.0,12/5/2024,26,6038
training_set\images\image_00491.jpg,491,PASS,5.111722841998753,1.7338505679543348,3.760301507365527,0,114.0,12/6/2024,27,6038
training_set\images\image_00492.jpg,492,PASS,1.4400419432511733,0.8756257153726038,0.3255177389465433,0,114.0,12/6/2024,27,6038
training_set\images\image_00493.jpg,493,PASS,2.273971589055677,1.5517426193910218,0.0457965510042002,0,114.0,12/6/2024,28,6038
training_set\images\image_00494.jpg,494,PASS,1.5246369348168165,1.1417329253387627,0.5187182862036936,0,114.0,12/6/2024,29,6038
training_set\images\image_00495.jpg,495,PASS,2.607172702337376,1.7543717365856109,0.1335209504547583,0,114.0,12/6/2024,30,6038
training_set\images\image_00496.jpg,496,PASS,1.5211045180030154,0.9792538037600788,0.4664202979049401,0,114.0,12/6/2024,31,6038
training_set\images\image_00497.jpg,497,PASS,1.511328791886232,0.9203294788663724,0.768814744986541,0,114.0,12/6/2024,32,6038
training_set\images\image_00498.jpg,498,PASS,1.2485871414393812,1.0366557426271346,0.1415430150809293,0,114.0,12/6/2024,33,6038
training_set\images\image_00499.jpg,499,PASS,2.042627022096004,0.8775110149281439,1.1787214125682317,0,114.0,12/6/2024,34,6038
training_set\images\image_00500.jpg,500,PASS,1.7802794730453184,1.0475787393761626,0.1891319561064239,0,114.0,12/6/2024,35,6038
training_set\images\image_00501.jpg,501,PASS,1.715841208258888,1.0070064519505608,0.5449335430714823,0,114.0,12/6/2024,36,6038
training_set\images\image_00502.jpg,502,PASS,1.1362377101741854,0.7745762142995888,0.1033100058671898,0,114.0,12/6/2024,37,6038
training_set\images\image_00503.jpg,503,PASS,1.6835786438352192,0.8943948539923651,0.6828395520734911,0,114.0,12/6/2024,39,6038
training_set\images\image_00504.jpg,504,PASS,2.219872570934547,1.599126673676677,0.4646741453072174,0,114.0,12/6/2024,40,6038
training_set\images\image_00505.jpg,505,PASS,1.9022167462718749,1.0972906360806742,0.5729913198797649,0,114.0,12/6/2024,41,6038
training_set\images\image_00506.jpg,506,PASS,1.4201219789542034,0.8932003816479633,0.3164396842509951,0,114.0,12/6/2024,42,6038
training_set\images\image_00507.jpg,507,PASS,1.6782812022144806,1.1864714582242346,0.2334231017198762,0,114.0,12/6/2024,43,6038
training_set\images\image_00508.jpg,508,PASS,2.019282803903156,0.681634223997231,1.3961211912191644,0,114.0,12/6/2024,44,6038
training_set\images\image_00509.jpg,509,PASS,1.4296214798891784,1.0168397448969433,0.0341130398485025,0,114.0,12/6/2024,45,6038
training_set\images\image_00510.jpg,510,PASS,2.004616433335752,1.2266953572580617,0.5507304539170972,0,114.0,12/6/2024,46,6038
training_set\images\image_00511.jpg,511,PASS,2.0714063479838045,1.4268947762149071,0.2823703389355625,0,114.0,12/6/2024,47,6038
training_set\images\image_00522.jpg,522,PASS,2.143374574900706,1.5629365980858658,0.4991560018295049,0,115.0,1/16/2025,1,6024
training_set\images\image_00523.jpg,523,PASS,3.4351783703823573,1.8557425309474247,1.1653774684657234,0,115.0,1/16/2025,2,6024
training_set\images\image_00524.jpg,524,PASS,3.260567761295088,1.9776694829886483,0.8329263013148593,0,115.0,1/16/2025,3,6024
training_set\images\image_00525.jpg,525,PASS,2.035165741968588,1.2575889854532027,0.9892407643366994,0,115.0,1/16/2025,4,6024
training_set\images\image_00526.jpg,526,PASS,2.487559140801542,1.5295385905624703,0.3758523255074251,0,115.0,1/16/2025,5,6024
training_set\images\image_00527.jpg,527,PASS,1.912146174256188,1.425170065348348,0.1333465747216946,0,115.0,1/16/2025,6,6024
training_set\images\image_00528.jpg,528,PASS,1.9679795023805036,1.227414083691298,0.0885141550415,0,115.0,1/16/2025,7,6024
training_set\images\image_00529.jpg,529,PASS,2.469685320742377,1.357506421178609,0.0374346987589024,0,115.0,1/16/2025,8,6024
training_set\images\image_00530.jpg,530,PASS,2.3868531294601385,1.7181219474090972,0.0004741570897373,1,115.0,1/16/2025,9,6024
training_set\images\image_00531.jpg,531,PASS,3.273580769313747,1.876044718011275,1.1338730772669958,0,115.0,1/16/2025,10,6024
training_set\images\image_00532.jpg,532,PASS,2.169313759554216,0.7701901719789802,0.7967870459417516,0,115.0,1/16/2025,11,6024
training_set\images\image_00533.jpg,533,PASS,1.974130028303076,1.226895944116915,0.8413142271537462,0,115.0,1/16/2025,12,6024
training_set\images\image_00534.jpg,534,PASS,1.5581449170807538,1.092040546839708,0.1354621222284719,0,115.0,1/16/2025,13,6024
training_set\images\image_00535.jpg,535,PASS,1.97570652479658,1.0626825101323434,0.7461676340592707,0,115.0,1/16/2025,14,6024
training_set\images\image_00536.jpg,536,PASS,1.5138593677362198,0.9053416747755448,0.5562356592348339,0,115.0,1/16/2025,15,6024
training_set\images\image_00537.jpg,537,PASS,1.6844477727383758,1.0068698751295095,0.6945965826796688,0,115.0,1/16/2025,16,6024
training_set\images\image_00538.jpg,538,PASS,2.401698782800288,1.7059918014171336,0.0009683114284215,0,115.0,1/16/2025,17,6024
training_set\images\image_00539.jpg,539,PASS,1.6813477766003797,0.8345683580714511,0.525361965601725,0,115.0,1/16/2025,18,6024
training_set\images\image_00540.jpg,540,PASS,2.3375680424392637,1.5751400344211592,0.5791532189517754,0,115.0,1/16/2025,19,6024
training_set\images\image_00541.jpg,541,PASS,2.192416760018852,0.9822372148489952,1.0570557479924525,0,115.0,1/16/2025,20,6024
training_set\images\image_00542.jpg,542,PASS,1.817198208241182,0.739535108652183,0.6958972582667242,0,115.0,1/16/2025,21,6024
training_set\images\image_00543.jpg,543,PASS,1.2933621189314248,0.806047626261792,0.7145683240380205,0,115.0,1/16/2025,22,6024
training_set\images\image_00544.jpg,544,PASS,2.2205133596850697,1.393435467918479,0.8504707366534376,0,115.0,1/16/2025,23,6024
training_set\images\image_00545.jpg,545,PASS,1.3945596703950955,0.7118561650108676,0.1034447906220914,0,115.0,1/16/2025,24,6024
training_set\images\image_00556.jpg,556,PASS,1.4939483469954826,0.7949198078971117,0.9039114883737712,0,115.0,1/16/2025,25,6024
training_set\images\image_00557.jpg,557,PASS,2.6577276357654074,1.9846626967045395,0.719889317314095,0,115.0,1/17/2025,26,6024
training_set\images\image_00559.jpg,559,PASS,1.86676869322364,1.0941218071586103,0.3089469378019915,0,115.0,1/17/2025,27,6024
training_set\images\image_00561.jpg,561,FAIL,2.55763385581295,1.946073685338349,0.1248857306002522,0,115.0,1/17/2025,28,6038
training_set\images\image_00562.jpg,562,FAIL,3.4233665514112044,2.4512274137588563,0.6538512731035317,0,115.0,1/17/2025,29,6038
training_set\images\image_00564.jpg,564,FAIL,2.8654728624079246,2.2476653970834364,0.1463566092905068,0,115.0,1/17/2025,31,6038
training_set\images\image_00565.jpg,565,FAIL,1.7577084610218312,0.8550512977238371,0.3523218673244244,0,115.0,1/17/2025,32,6038
training_set\images\image_00566.jpg,566,FAIL,2.158063350560138,1.3822990134459818,1.0618539835033276,0,115.0,1/17/2025,33,6038
training_set\images\image_00567.jpg,567,FAIL,2.071986954291809,1.3954743046464098,0.0044761846152687,0,115.0,1/17/2025,34,6038
training_set\images\image_00570.jpg,570,PASS,2.397961395541752,1.913133376554799,0.1024770053022994,0,116.0,2/4/2025,1,7024
training_set\images\image_00571.jpg,571,PASS,1.7661339913215148,1.2748553852469138,0.444824471113644,0,116.0,2/4/2025,2,7024
training_set\images\image_00572.jpg,572,PASS,2.6113107660537964,1.740474585889326,0.2156798894116427,0,116.0,2/4/2025,3,7024
training_set\images\image_00573.jpg,573,PASS,2.0200099703936645,1.4992698546610654,0.1209497724093882,0,116.0,2/4/2025,4,7024
training_set\images\image_00574.jpg,574,PASS,1.8766079830112752,1.1557586406880496,0.2186159752272958,0,116.0,2/4/2025,5,7024
training_set\images\image_00575.jpg,575,PASS,2.3302734174607296,1.474242451478202,0.6859699444024328,0,116.0,2/4/2025,6,7024
training_set\images\image_00576.jpg,576,PASS,4.086361523027236,3.1424280893069323,0.2608889350952599,0,116.0,2/4/2025,7,7024
training_set\images\image_00577.jpg,577,PASS,3.563200775790534,2.897105520140232,0.4063377676553368,0,116.0,2/4/2025,8,7024
training_set\images\image_00578.jpg,578,PASS,2.395338790388951,1.6616927492947962,0.3999450283187569,0,116.0,2/4/2025,9,7024
training_set\images\image_00579.jpg,579,PASS,1.5113086677007277,1.174635157453108,0.3357387269017109,0,116.0,2/4/2025,10,7024
training_set\images\image_00581.jpg,581,PASS,1.854145622805835,1.2618154153969263,0.1257140080254255,0,116.0,2/4/2025,11,7024
training_set\images\image_00582.jpg,582,FAIL,2.3639657857744614,1.4711897607909188,0.7426196692677891,0,116.0,2/4/2025,12,7024
training_set\images\image_00583.jpg,583,PASS,3.5454517963652306,1.873402580784004,1.612498824261027,0,116.0,2/4/2025,13,7024
training_set\images\image_00584.jpg,584,PASS,1.8726786830051827,1.549341580231456,0.4572637541030682,1,116.0,2/4/2025,14,7024
training_set\images\image_00585.jpg,585,PASS,2.3331402378875605,1.5273034857891237,0.4390090460837084,0,116.0,2/4/2025,1,7038
training_set\images\image_00586.jpg,586,PASS,1.916132978200164,1.3270902923552244,0.1042939230412121,1,116.0,2/4/2025,2,7038
training_set\images\image_00587.jpg,587,PASS,2.0731647219584595,1.3821630724797795,0.2860320469155997,0,116.0,2/4/2025,3,7038
training_set\images\image_00588.jpg,588,PASS,2.5247867007767537,1.801062296454351,0.1947206702467658,0,116.0,2/4/2025,4,7038
training_set\images\image_00589.jpg,589,PASS,2.6953751840477955,2.2980080794748123,0.4213867801592217,0,116.0,2/4/2025,5,7038
training_set\images\image_00590.jpg,590,PASS,2.3338469753248487,1.2888650712024792,0.420124123876882,0,116.0,2/4/2025,6,7038
training_set\images\image_00591.jpg,591,PASS,2.4892688673003653,1.3644236102569616,0.6707941320377793,0,116.0,2/4/2025,7,7038
training_set\images\image_00592.jpg,592,PASS,2.515975194881873,2.0533252117269933,0.4364215172322581,0,116.0,2/4/2025,8,7038
training_set\images\image_00593.jpg,593,PASS,3.597097625642804,2.2464022626138145,0.8584485493344514,0,116.0,2/4/2025,9,7038
training_set\images\image_00594.jpg,594,PASS,5.8307917719013895,2.926511452070152,2.95059681737703,0,116.0,2/4/2025,10,7038
training_set\images\image_00595.jpg,595,PASS,2.706309865006746,1.771170744473772,0.6264807896789573,1,116.0,2/4/2025,11,7038
training_set\images\image_00596.jpg,596,PASS,2.167625358267308,1.5689137242772384,0.3237777868029672,0,116.0,2/4/2025,12,7038
training_set\images\image_00597.jpg,597,PASS,2.327646941648404,1.1790563279516624,0.9631933821972978,0,116.0,2/4/2025,13,7038
training_set\images\image_00598.jpg,598,PASS,6.214120077952863,1.9734547248696728,4.4124994765895895,0,116.0,2/4/2025,14,7038
training_set\images\image_00599.jpg,599,PASS,2.465429319252124,1.2538397596620603,1.0683400422640472,0,116.0,2/4/2025,15,7038
training_set\images\image_00600.jpg,600,PASS,2.276484586229905,1.541111208209853,0.3549782380709556,0,116.0,2/4/2025,16,7038
training_set\images\image_00601.jpg,601,PASS,2.432978950959365,1.734332075063455,0.0990203243889809,0,116.0,2/4/2025,17,7038
training_set\images\image_00602.jpg,602,PASS,3.1040315402476,2.0461975353808253,0.280231410166345,0,116.0,2/4/2025,18,7038
training_set\images\image_00603.jpg,603,PASS,4.570284821090366,3.389334491889576,0.1894662040412171,0,116.0,2/4/2025,19,7038
training_set\images\image_00604.jpg,604,PASS,2.913225533316782,1.984339646339201,0.507920136189072,0,116.0,2/4/2025,20,7038
training_set\images\image_00605.jpg,605,PASS,3.0428183224446888,1.9126323393249465,0.3907442072816112,0,116.0,2/4/2025,21,7038
training_set\images\image_00606.jpg,606,PASS,3.532705532374942,2.360078179993208,0.2174755047421186,0,116.0,2/4/2025,22,7038
training_set\images\image_00607.jpg,607,PASS,3.635822142357775,1.808723106379581,0.8378913809289874,0,116.0,2/4/2025,23,7038
training_set\images\image_00608.jpg,608,PASS,3.628221691067847,2.2355892152099544,0.8431574113687259,0,116.0,2/4/2025,24,7038
training_set\images\image_00609.jpg,609,PASS,3.870923779617568,3.032429703990722,0.5765716988853611,0,116.0,2/4/2025,25,7038
training_set\images\image_00610.jpg,610,PASS,2.542067531776417,1.6388266058295775,0.7283960027569978,0,116.0,2/4/2025,26,7038
training_set\images\image_00611.jpg,611,PASS,3.4174947782423977,2.127353756056944,0.1618496164750822,0,116.0,2/4/2025,27,7038
training_set\images\image_00612.jpg,612,PASS,1.9607914982123047,1.359326634897652,0.5692897535782955,0,117.0,2/18/2025,1,6024
training_set\images\image_00613.jpg,613,PASS,2.4553801073271084,1.773559985465775,0.480063123022425,0,117.0,2/18/2025,2,6024
training_set\images\image_00614.jpg,614,PASS,1.5907735878900486,1.0514782032265313,0.2382803350664006,0,117.0,2/18/2025,3,6024
training_set\images\image_00615.jpg,615,PASS,2.314594263194621,1.8597562966289387,0.2188801543692489,1,117.0,2/18/2025,4,6024
training_set\images\image_00616.jpg,616,PASS,2.1760408094465475,1.6549742662492235,0.4475661814808629,0,117.0,2/18/2025,5,6024
training_set\images\image_00617.jpg,617,PASS,2.163616020892462,1.1958974530647193,0.5720117202436699,0,117.0,2/18/2025,6,6024
training_set\images\image_00618.jpg,618,PASS,1.8963887475844032,1.284058750044955,0.3152172050637032,0,117.0,2/18/2025,7,6024
training_set\images\image_00619.jpg,619,PASS,2.7416335382506243,2.143173750103049,0.3845709586974513,0,117.0,2/18/2025,8,6024
training_set\images\image_00620.jpg,620,PASS,2.3492322354637305,1.8543039283529312,0.3130571396731723,0,117.0,2/18/2025,9,6024
training_set\images\image_00622.jpg,622,PASS,2.6996690316623178,2.061780342182356,0.0334741285056714,0,117.0,2/18/2025,10,6024
training_set\images\image_00623.jpg,623,PASS,2.3958642506098498,1.258242267396412,0.023004475115,0,117.0,2/18/2025,11,6024
training_set\images\image_00624.jpg,624,PASS,4.560004109890749,2.5036726589565803,0.8529933265972702,0,117.0,2/18/2025,1,6038
training_set\images\image_00625.jpg,625,PASS,1.6142409133519653,1.0475392563118693,0.1158536708371424,0,117.0,2/18/2025,2,6038
training_set\images\image_00626.jpg,626,PASS,2.3964038738633358,1.2277985148818489,0.9730053831477667,0,117.0,2/18/2025,3,6038
training_set\images\image_00627.jpg,627,PASS,4.6162087141702735,2.42326528164528,2.337177291221661,0,117.0,2/18/2025,4,6038
training_set\images\image_00628.jpg,628,PASS,2.953475478819656,1.162869185351411,1.502950043171882,0,117.0,2/18/2025,5,6038
training_set\images\image_00629.jpg,629,PASS,5.5207988526218505,3.27337724077867,0.4866925480006632,0,117.0,2/18/2025,6,6038
training_set\images\image_00631.jpg,631,PASS,3.4130314149488954,2.4281461444354027,1.0424443282242288,1,117.0,2/18/2025,7,6038
training_set\images\image_00632.jpg,632,PASS,3.2065034034099136,2.352464020893747,0.8999932457506077,0,117.0,2/18/2025,8,6038
training_set\images\image_00633.jpg,633,PASS,2.896171353294322,1.9005249138053413,0.6625267388050902,0,117.0,2/18/2025,9,6038
training_set\images\image_00634.jpg,634,PASS,2.337766662584845,1.374214039854203,0.9814422636051664,0,117.0,2/18/2025,10,6038
training_set\images\image_00635.jpg,635,PASS,2.558937314036502,0.8930507104852987,2.1919743095061808,0,117.0,2/18/2025,11,6038
training_set\images\image_00636.jpg,636,PASS,1.777492929598644,1.5944414597345036,0.0336419210001486,0,117.0,2/18/2025,12,6038
training_set\images\image_00637.jpg,637,PASS,2.0048721912592185,1.4348903918379392,0.328693377697127,0,117.0,2/18/2025,13,6038
training_set\images\image_00638.jpg,638,PASS,1.9543243747678736,1.214010183229904,0.3176288950803212,0,117.0,2/18/2025,14,6038
training_set\images\image_00639.jpg,639,PASS,2.7750001876454173,1.6372577754729296,0.8764040322173317,0,117.0,2/18/2025,15,6038
training_set\images\image_00640.jpg,640,PASS,2.2644490413342178,1.63290891697283,0.0882108246579091,0,117.0,2/18/2025,16,6038
training_set\images\image_00641.jpg,641,PASS,2.5409617420875645,1.4286164768335323,1.1259088087688172,0,117.0,2/18/2025,17,6038
training_set\images\image_00643.jpg,643,FAIL,1.2032962936676832,0.6395358918955748,0.1349249598712476,0,117.0,2/19/2025,18,6038
training_set\images\image_00644.jpg,644,FAIL,1.6306206229526208,1.1634196553587774,0.1742817170406865,0,117.0,2/19/2025,19,6038
training_set\images\image_00645.jpg,645,FAIL,5.6431448314935855,2.589301401481998,3.167564789586947,0,117.0,2/19/2025,20,6038
training_set\images\image_00646.jpg,646,FAIL,4.808803360606007,2.425263260571645,2.4452995553719683,0,117.0,2/19/2025,21,6038
training_set\images\image_00647.jpg,647,FAIL,1.5654329647868672,0.9734790287509116,0.1336944529257908,0,117.0,2/19/2025,22,6038
training_set\images\image_00648.jpg,648,FAIL,1.5237552007533803,1.1923628370489925,0.0026857968131568,0,117.0,2/19/2025,23,6038
training_set\images\image_00649.jpg,649,FAIL,2.6903281222278155,1.6840137254990764,0.2513516622568574,0,117.0,2/19/2025,24,6038
training_set\images\image_00650.jpg,650,FAIL,2.707745514647116,1.2875138748643196,0.5857486340636155,1,117.0,2/19/2025,25,6038
training_set\images\image_00651.jpg,651,PASS,2.6214569328652737,1.9922404181979927,0.4424388978019578,0,118.0,3/10/2025,1,6024
training_set\images\image_00652.jpg,652,PASS,3.106165144175685,2.147110118894141,0.7064867560500323,0,118.0,3/10/2025,2,6024
training_set\images\image_00653.jpg,653,PASS,3.61053403078478,2.9749111209261128,0.4758476089706955,0,118.0,3/10/2025,3,7024
training_set\images\image_00656.jpg,656,PASS,1.9478706455427133,1.295645984564493,0.4265746706608615,0,118.0,3/10/2025,4,7024
training_set\images\image_00657.jpg,657,PASS,2.200404578050987,1.2276176256680331,0.0613417627270247,0,118.0,3/11/2025,5,7024
training_set\images\image_00658.jpg,658,PASS,2.224818509299501,1.6866243572628068,0.0331359274733786,0,118.0,3/11/2025,6,7024
training_set\images\image_00659.jpg,659,PASS,2.5969580678855246,1.5258256508717107,0.52872229087385,0,118.0,3/11/2025,7,7024
training_set\images\image_00660.jpg,660,PASS,3.236551348687563,1.9800950830926685,1.273564303717636,0,118.0,3/11/2025,8,7024
training_set\images\image_00661.jpg,661,PASS,2.880518491494643,2.1897927891707307,0.3515075583553111,2,118.0,3/11/2025,9,7024
training_set\images\image_00662.jpg,662,PASS,2.783408378415168,1.8589971838819144,0.6064418867730343,0,118.0,3/11/2025,10,7024
training_set\images\image_00663.jpg,663,PASS,2.514548341144537,1.5753931985347651,0.1584126445873424,0,115.0,1/17/2025,30,7024
training_set\images\image_00664.jpg,664,PASS,3.0312469623940625,2.3436701384394825,0.6405518063421294,0,118.0,3/11/2025,12,7024
training_set\images\image_00665.jpg,665,PASS,1.832938424698536,1.3710526544955195,0.15986938493535,0,118.0,3/11/2025,13,7024
training_set\images\image_00666.jpg,666,PASS,1.9684314000989929,1.3529518079248912,0.2113750822024198,0,118.0,3/11/2025,14,7024
training_set\images\image_00667.jpg,667,PASS,2.4535951319412588,1.7467627079131418,0.0785932817769188,0,118.0,3/11/2025,15,7024
training_set\images\image_00668.jpg,668,PASS,2.6533749375818507,1.561329128056042,0.920825883167814,0,118.0,3/11/2025,16,7024
training_set\images\image_00669.jpg,669,PASS,3.170183803722595,2.309022854696483,0.5220444904485406,0,118.0,3/11/2025,17,7024
training_set\images\image_00670.jpg,670,PASS,2.530118363401788,1.7981420133857888,0.0443540302799903,0,118.0,3/11/2025,18,7024
training_set\images\image_00671.jpg,671,PASS,2.358947005196226,1.5707564846911986,0.0831039354112177,0,118.0,3/11/2025,19,7024
training_set\images\image_00672.jpg,672,PASS,2.21555309781979,1.4956520296478562,0.6056096705789085,0,118.0,3/11/2025,20,7024
training_set\images\image_00673.jpg,673,PASS,2.567364334495178,1.8500585136032377,0.2530523869466399,0,118.0,3/11/2025,1,7038
training_set\images\image_00674.jpg,674,PASS,4.668983373958881,2.395279691319207,2.4786308241929897,0,118.0,3/11/2025,2,7038
training_set\images\image_00675.jpg,675,PASS,2.840849347600641,1.9353442541133676,0.2156216939152666,0,118.0,3/11/2025,3,7038
training_set\images\image_00676.jpg,676,PASS,3.0754114591925883,1.7649847444913744,1.258301105630101,0,118.0,3/11/2025,4,7038
training_set\images\image_00677.jpg,677,PASS,2.6631237079413785,1.6935517240557658,0.0074532602049504,0,118.0,3/11/2025,5,7038
training_set\images\image_00678.jpg,678,PASS,2.5888381555117155,1.8424865137080415,0.3025144321448274,0,118.0,3/11/2025,6,7038
training_set\images\image_00679.jpg,679,PASS,2.086708749328986,1.057393467537791,0.8451706016317977,0,118.0,3/11/2025,7,7038
training_set\images\image_00680.jpg,680,PASS,1.9903639442320529,1.2165157781280804,0.3674722183218539,0,118.0,3/11/2025,8,7038
training_set\images\image_00681.jpg,681,PASS,2.515504961434728,1.882326296061124,0.0417107405483592,0,118.0,3/11/2025,9,7038
training_set\images\image_00682.jpg,682,PASS,2.0389980065152784,1.2412531486760316,0.2155520788435931,0,118.0,3/11/2025,10,7038
training_set\images\image_00683.jpg,683,PASS,2.370142192363768,1.950197315096417,0.109708511688384,0,118.0,3/11/2025,11,7038
training_set\images\image_00684.jpg,684,PASS,2.679049517333613,1.2522827385581057,1.1115333339625826,0,118.0,3/11/2025,12,7038
training_set\images\image_00685.jpg,685,PASS,2.5882188023955983,1.7351379610471642,1.0346222445237347,0,118.0,3/11/2025,13,7038
training_set\images\image_00686.jpg,686,PASS,2.8645744632167,1.8674811396043167,0.5246072376343749,0,118.0,3/11/2025,14,7038
training_set\images\image_00687.jpg,687,PASS,2.239094562915508,1.4736868313436826,0.48106673406294,0,118.0,3/11/2025,15,7038
training_set\images\image_00688.jpg,688,PASS,2.341201984506259,1.3228340343257192,0.4435108215742116,0,118.0,3/11/2025,16,7038
training_set\images\image_00689.jpg,689,PASS,2.9568006381015657,2.2529154593528977,0.0033079727995888,0,118.0,3/11/2025,17,7038
training_set\images\image_00690.jpg,690,PASS,2.41325210228956,1.74715418725876,0.4979417932581531,0,118.0,3/11/2025,18,7038
training_set\images\image_00691.jpg,691,FAIL,2.4255638677938847,1.0644382060208255,0.5810463501416931,0,118.0,3/11/2026,1,7038
training_set\images\image_00692.jpg,692,PASS,1.5177786966464522,0.8876523960303445,1.048081180087121,1,118.0,3/11/2026,2,7038
training_set\images\image_00693.jpg,693,FAIL,1.624406109105638,1.1841514214997388,0.0893791419122496,0,118.0,3/11/2026,3,7038
training_set\images\image_00694.jpg,694,PASS,0.8388130909471655,0.3967292430561087,0.5236945697976387,0,118.0,3/11/2026,4,7038
training_set\images\image_00695.jpg,695,PASS,1.402436027893739,0.9028554211238148,0.1760037068827489,0,118.0,3/11/2026,5,7038
training_set\images\image_00696.jpg,696,PASS,2.379000639259533,1.02422571706991,1.0088268756425698,0,118.0,3/11/2026,6,7038
training_set\images\image_00697.jpg,697,PASS,1.9088576728337847,1.4349066708939604,0.1870150498224381,0,118.0,3/11/2026,7,7038
training_set\images\image_00698.jpg,698,PASS,1.091414068390763,0.7861056369891942,0.2036109177406474,0,118.0,3/11/2026,8,7038
training_set\images\image_00699.jpg,699,PASS,0.661629269584595,0.3867862976500257,0.2180132853992613,0,118.0,3/11/2026,9,7038
training_set\images\image_00700.jpg,700,PASS,4.074995003603189,2.401628897051877,1.2774846535105977,0,118.0,3/11/2026,10,7038
training_set\images\image_00701.jpg,701,PASS,1.726304372154999,0.7500944135553212,1.103525412217682,0,118.0,3/11/2026,11,7038
training_set\images\image_00702.jpg,702,PASS,3.468644914571412,1.5597963995145172,1.8227945175169284,0,118.0,3/11/2026,12,7038
training_set\images\image_00703.jpg,703,PASS,1.7826433021286967,0.990270440407753,0.1733115620893233,0,118.0,3/11/2026,13,7038
training_set\images\image_00704.jpg,704,PASS,1.4955299118662408,0.8851530218597548,0.8125592448008881,0,118.0,3/11/2026,14,7038
training_set\images\image_00705.jpg,705,PASS,0.8282830685818605,0.598793617664783,0.2181125210627286,0,118.0,3/11/2026,15,7038
training_set\images\image_00706.jpg,706,PASS,0.8822933652507029,0.7043194668266461,0.0866798987932397,1,118.0,3/11/2026,16,7038
training_set\images\image_00707.jpg,707,PASS,1.6980365650784377,1.3890213182107165,0.0922211015298517,0,118.0,3/11/2026,17,7038
training_set\images\image_00708.jpg,708,PASS,2.072570093104936,1.0214898552516447,0.8506391489652703,0,118.0,3/11/2026,18,7038
training_set\images\image_00709.jpg,709,PASS,1.5537315787551071,0.7462710068431386,0.8510633726933606,0,118.0,3/11/2026,19,7038
training_set\images\image_00710.jpg,710,PASS,4.123629437013495,1.1576250489139774,3.492057831018894,0,118.0,3/11/2026,20,7038
training_set\images\image_00711.jpg,711,PASS,1.6213262535728838,0.9799058517436992,0.6072276682263287,0,118.0,3/11/2026,21,7038
training_set\images\image_00712.jpg,712,PASS,2.9431823984249936,1.8084937266539969,1.168855776469312,0,118.0,3/11/2026,22,7038
training_set\images\image_00713.jpg,713,PASS,1.7509415176443677,0.9577203216556368,0.8938449888851137,0,118.0,3/11/2026,23,7038
training_set\images\image_00714.jpg,714,PASS,1.5398808293498114,0.8753968690950119,0.7399925539451647,0,118.0,3/11/2026,24,7038
training_set\images\image_00715.jpg,715,PASS,3.212040194838282,1.9013096299019243,1.1167417758017706,0,118.0,3/11/2026,25,7038
training_set\images\image_00716.jpg,716,PASS,2.822461615874938,1.24705776767029,0.5034730566306389,0,118.0,3/11/2026,26,7038
training_set\images\image_00717.jpg,717,PASS,1.971942348747605,1.324353217516632,0.5187270822765144,0,118.0,3/11/2026,27,7038
training_set\images\image_00718.jpg,718,PASS,2.5869915148378877,1.0076663936214996,1.106618159862366,0,118.0,3/11/2026,28,7038
training_set\images\image_00719.jpg,719,PASS,2.054821087295139,1.3965651098363,0.2025218309046559,0,118.0,3/11/2026,29,7038
training_set\images\image_00720.jpg,720,PASS,4.08954845646329,1.5929923619203878,3.0443585531124544,0,118.0,3/11/2026,30,7038
training_set\images\image_00721.jpg,721,PASS,1.636756542388615,1.3421529918218489,0.2131797405173583,1,118.0,3/11/2026,31,7038
training_set\images\image_00722.jpg,722,PASS,1.5917072605716067,0.6958991376079796,1.0678370122548078,0,118.0,3/11/2026,32,7038
training_set\images\image_00723.jpg,723,PASS,3.604823579121601,1.5266849519950825,0.4104136089648178,0,118.0,3/11/2026,33,7038
training_set\images\image_00724.jpg,724,PASS,2.2842591387534767,1.1241774658940729,1.1008382753373118,0,118.0,3/11/2026,34,7038
training_set\images\image_00725.jpg,725,PASS,1.6259887871722298,0.6801514955424173,0.7890424980804759,0,118.0,3/11/2026,35,7038
training_set\images\image_00726.jpg,726,PASS,2.307922439761644,1.3994898101531963,1.0580867099367668,0,118.0,3/11/2026,36,7038
training_set\images\image_00727.jpg,727,PASS,1.5039080419859796,0.8318757141961252,0.734297329156689,0,118.0,3/11/2026,37,7038
training_set\images\image_00728.jpg,728,PASS,3.304196056194749,1.2442173334614903,2.378149951685669,0,118.0,3/11/2026,38,7038
training_set\images\image_00729.jpg,729,PASS,1.083288153573039,0.6882251007171892,0.1004643498868834,0,118.0,3/11/2026,39,7038
training_set\images\image_00730.jpg,730,PASS,1.5944489666740904,1.0149982033117133,0.0141222428943608,0,118.0,3/11/2026,40,7038
training_set\images\image_00731.jpg,731,PASS,2.2583832347803927,1.1330862848001668,0.2055078594027319,0,118.0,3/11/2026,41,7038
training_set\images\image_00732.jpg,732,PASS,2.078897438698663,0.911573385292982,1.223281518087884,0,118.0,3/11/2026,42,7038
training_set\images\image_00735.jpg,735,FAIL,2.6630320827215868,1.238456053047403,1.3126746200137165,1,119.0,3/20/2025,1,6024
training_set\images\image_00737.jpg,737,PASS,2.072824681309189,1.0359782646411426,1.16807191857698,0,119.0,3/20/2025,2,6024
training_set\images\image_00738.jpg,738,PASS,2.280777055641292,1.6612810218657623,0.0354241296814517,0,119.0,3/20/2025,3,6024
training_set\images\image_00739.jpg,739,PASS,2.401731469092319,1.844940203735364,0.1659362188832416,0,119.0,3/20/2025,4,6024
training_set\images\image_00740.jpg,740,PASS,1.338232746292676,0.8180561781648491,0.6020531436859022,0,119.0,3/20/2025,5,6024
training_set\images\image_00741.jpg,741,PASS,1.611392583059295,0.6127059952465357,0.829507216441918,0,119.0,3/20/2025,6,6024
training_set\images\image_00742.jpg,742,PASS,2.065659608593682,1.2104594787325589,0.8705454651727071,0,119.0,3/20/2025,7,6024
training_set\images\image_00743.jpg,743,PASS,3.1176490964380146,2.1825220352208343,0.9954705279328628,0,119.0,3/20/2025,8,6024
training_set\images\image_00744.jpg,744,PASS,2.6858903174210864,1.7685232880656077,0.2903060535422139,0,119.0,3/20/2025,9,6024
training_set\images\image_00745.jpg,745,PASS,2.6698652572888024,1.6723357937343888,0.224688210676903,0,119.0,3/20/2025,10,6024
training_set\images\image_00746.jpg,746,PASS,2.9045228731805026,2.309195511457562,0.4517160298896217,0,119.0,3/20/2025,11,6024
training_set\images\image_00747.jpg,747,PASS,2.6176137499480983,1.9159999886510195,0.0643848650556018,0,119.0,3/20/2025,12,6024
training_set\images\image_00748.jpg,748,PASS,1.780475413257811,1.3048087480969373,0.4754554494726248,1,119.0,3/20/2025,13,6024
training_set\images\image_00749.jpg,749,PASS,2.693538996998764,2.0080373659301256,0.1921933627707965,0,119.0,3/20/2025,14,6024
training_set\images\image_00750.jpg,750,PASS,2.2201794514765325,1.6979634846947913,0.8557555461396193,0,119.0,3/20/2025,15,6024
training_set\images\image_00751.jpg,751,PASS,1.737403126091298,1.1795556611718463,0.1814589935976118,0,119.0,3/20/2025,16,6024
training_set\images\image_00752.jpg,752,PASS,2.2251938776930014,1.0724993463360732,0.7633311539043264,0,119.0,3/21/2025,1,6024
training_set\images\image_00753.jpg,753,PASS,2.1691575733075004,1.4141689912076476,0.3743327455377714,0,119.0,3/21/2025,2,6024
training_set\images\image_00754.jpg,754,PASS,2.8390374036869117,2.161851569361611,0.1074515451768176,0,119.0,3/21/2025,3,6024
training_set\images\image_00756.jpg,756,FAIL,2.6757905152503745,2.188886120402499,0.0509604415919926,0,119.0,3/21/2025,4,6038
training_set\images\image_00757.jpg,757,FAIL,3.380018782277237,2.1109525924287147,0.6939812284257028,0,119.0,3/21/2025,5,6038
training_set\images\image_00758.jpg,758,PASS,2.318064599522554,1.8395005049884516,0.1085024268943271,0,119.0,3/21/2025,6,6038
training_set\images\image_00759.jpg,759,PASS,1.357947593224689,1.062337704849673,0.1168237684079014,0,119.0,3/21/2025,7,6038
training_set\images\image_00760.jpg,760,PASS,0.9977265902815255,0.6748511589520017,0.0002351636488062,0,119.0,3/21/2025,8,6038
training_set\images\image_00761.jpg,761,PASS,1.923629893196187,1.290003758531839,0.1059659896129137,0,119.0,3/21/2025,9,6038
training_set\images\image_00762.jpg,762,PASS,1.7992658684925682,1.4511874829430076,0.0035746458374554,0,119.0,3/21/2025,10,6038
training_set\images\image_00763.jpg,763,PASS,1.9098795203723904,1.0951592944702029,0.1127858224815212,1,119.0,3/21/2025,11,6038
training_set\images\image_00764.jpg,764,PASS,2.8586093752949018,2.086589283923768,0.5840628155122722,0,119.0,3/21/2025,12,6038
training_set\images\image_00765.jpg,765,PASS,2.369661164862215,1.4906363844648374,0.4625481427668045,0,119.0,3/21/2025,13,6038
training_set\images\image_00766.jpg,766,PASS,2.2178641331368736,1.4375426796543274,0.5808390155814718,0,119.0,3/21/2025,14,6038
training_set\images\image_00767.jpg,767,PASS,2.895299322470355,1.58513356215198,1.51017645441754,0,119.0,3/21/2025,15,6038
training_set\images\image_00768.jpg,768,PASS,2.6763867769336325,1.8382110509819585,0.5407801063061086,0,119.0,3/21/2025,16,6038
training_set\images\image_00769.jpg,769,PASS,2.484842193809784,1.0783773297744523,1.8551435966153749,0,119.0,3/21/2025,17,6038
training_set\images\image_00770.jpg,770,PASS,2.589753189958744,1.5367422232152643,0.3856129275785993,0,119.0,3/21/2025,18,6038
training_set\images\image_00771.jpg,771,PASS,2.2838024475558587,1.3151810041876348,0.1714334886150439,0,119.0,3/21/2025,19,6038
training_set\images\image_00772.jpg,772,PASS,2.700835020039889,1.5312308144403437,1.1467093335212313,0,119.0,3/21/2025,20,6038
training_set\images\image_00773.jpg,773,PASS,2.394970446844624,1.802858277489368,0.802809013082239,0,119.0,3/21/2025,21,6038
training_set\images\image_00775.jpg,775,PASS,1.8926520081429763,1.326920788228766,0.4575555855070843,0,120.0,4/4/2025,1,6024
training_set\images\image_00776.jpg,776,PASS,2.0219950963706403,1.1586990114576057,0.5082519259268785,0,120.0,4/8/2025,2,6024
training_set\images\image_00777.jpg,777,PASS,2.0434135886608686,1.673422273362121,0.1860841283377328,0,120.0,4/8/2025,3,6024
training_set\images\image_00778.jpg,778,PASS,2.4917508172011926,1.7453045130644906,0.2623184801956673,0,120.0,4/8/2025,4,6024
training_set\images\image_00779.jpg,779,PASS,2.3902991608480897,1.6796662067223969,0.3827266929962118,0,120.0,4/8/2025,5,6024
training_set\images\image_00780.jpg,780,PASS,2.7574300673615024,2.003832024758535,0.09807469192714,0,120.0,4/8/2025,6,6024
training_set\images\image_00781.jpg,781,PASS,1.937597094422008,1.6917303304568312,0.0765115522642929,0,120.0,4/8/2025,7,6024
training_set\images\image_00782.jpg,782,PASS,2.1352260919757096,1.6346556099848393,0.5095086527694801,0,120.0,4/8/2025,8,6024
training_set\images\image_00783.jpg,783,PASS,2.9288558377661125,1.8420074816144156,0.9435017105803464,0,120.0,4/8/2025,9,6024
training_set\images\image_00784.jpg,784,PASS,1.1688080671308196,0.5556437571299985,0.6446416236118043,0,120.0,4/8/2025,10,6024
training_set\images\image_00785.jpg,785,PASS,2.678951642086476,2.090738839287583,0.0355976852793769,0,120.0,4/8/2025,11,6024
training_set\images\image_00786.jpg,786,PASS,3.03186591774294,2.220178124028436,0.4986439350345844,0,120.0,4/8/2025,12,6024
training_set\images\image_00787.jpg,787,PASS,3.351254898415239,2.101160630322537,1.2644792558894404,0,120.0,4/8/2025,13,6024
training_set\images\image_00788.jpg,788,PASS,1.8754637350045995,1.4596135697070909,0.1246153005249017,0,120.0,4/8/2025,14,6024
training_set\images\image_00789.jpg,789,PASS,3.8667259579351247,2.10851358033529,1.3373503454041131,0,120.0,4/8/2025,15,6024
training_set\images\image_00790.jpg,790,PASS,1.8903144057192005,1.2866516102057717,0.580583210453089,0,120.0,4/8/2025,16,6024
training_set\images\image_00791.jpg,791,PASS,3.8325162965270634,2.6612486366254338,0.7174098108910654,0,120.0,4/8/2025,17,6024
training_set\images\image_00792.jpg,792,PASS,2.328396025865445,1.7798644239692518,0.0854747541173552,0,120.0,4/8/2025,18,6024
training_set\images\image_00793.jpg,793,PASS,2.887328097179041,1.654708336535096,0.2844389687616671,0,120.0,4/8/2025,19,6024
training_set\images\image_00794.jpg,794,PASS,2.733191513774553,1.809125259719761,0.3758025314464914,0,120.0,4/8/2025,20,6024
training_set\images\image_00795.jpg,795,PASS,1.8630367370962315,1.49179381463005,0.6040615714651052,0,120.0,4/8/2025,21,6024
training_set\images\image_00796.jpg,796,PASS,2.5876503686515333,2.081906650404385,0.242653630101731,0,120.0,4/8/2025,1,6038
training_set\images\image_00797.jpg,797,PASS,1.9139928616426176,1.254841156497497,0.507119824289886,0,120.0,4/8/2025,2,6038
training_set\images\image_00802.jpg,802,PASS,2.4053495074652798,2.070528477586309,0.0685320947549295,0,120.0,4/8/2025,3,6038
training_set\images\image_00803.jpg,803,PASS,2.5988171356776912,1.9896115200953683,0.7596474337899615,0,120.0,4/9/2025,4,6038
training_set\images\image_00804.jpg,804,PASS,2.9592797846923533,2.1208852424273554,0.4892141649540864,0,120.0,4/9/2025,5,6038
training_set\images\image_00805.jpg,805,PASS,2.786350798915437,1.9201430200543927,0.8329809684370937,0,120.0,4/9/2025,6,6038
training_set\images\image_00806.jpg,806,PASS,2.8614703969816246,2.3266869946144344,0.4756060624800566,0,120.0,4/9/2025,7,6038
training_set\images\image_00807.jpg,807,PASS,2.264408345159907,1.0991929762474948,0.5481805403738969,0,120.0,4/9/2025,8,6038
training_set\images\image_00808.jpg,808,PASS,3.0807636116267414,2.222332610243382,0.5843761084241561,0,120.0,4/9/2025,9,6038
training_set\images\image_00809.jpg,809,PASS,2.957127617563942,2.2944675942770165,0.0280754227225923,0,120.0,4/9/2025,10,6038
training_set\images\image_00810.jpg,810,PASS,2.2394449578141886,1.0981311198005352,0.1050639835377302,0,120.0,4/9/2025,11,6038
training_set\images\image_00811.jpg,811,PASS,3.075261354298666,2.1944821568753747,0.0687433126200121,0,120.0,4/9/2025,12,6038
training_set\images\image_00812.jpg,812,PASS,1.853223065484796,1.3866525362837467,0.2663721626672402,1,120.0,4/9/2025,13,6038
training_set\images\image_00813.jpg,813,PASS,8.26170335718426,2.8277381007899014,6.414107479558545,0,120.0,4/9/2025,14,6038
training_set\images\image_00814.jpg,814,PASS,2.6711827407900266,2.0208782524705207,0.1959868678634788,0,120.0,4/9/2025,15,6038
training_set\images\image_00815.jpg,815,PASS,2.7912898606810885,1.4933074063670355,0.5782608114978407,0,120.0,4/9/2025,16,6038
training_set\images\image_00816.jpg,816,PASS,2.418397787631115,1.981452945232487,0.3165479317765309,0,120.0,4/9/2025,17,6038
training_set\images\image_00817.jpg,817,PASS,3.4849914353455143,2.044584017915809,1.386864890754662,0,120.0,4/9/2025,18,6038
training_set\images\image_00821.jpg,821,PASS,2.7669011260273866,1.6305874980243755,1.380053290093287,0,121.0,4/14/2026,1,7024
training_set\images\image_00822.jpg,822,PASS,4.680241040566491,2.5035499122069065,1.9858823758862905,0,121.0,4/14/2026,2,7024
training_set\images\image_00823.jpg,823,PASS,1.111131866889569,0.7980207148464195,0.0113384220240779,0,121.0,4/14/2026,3,7024
training_set\images\image_00824.jpg,824,PASS,1.7560533798442264,1.1048390684727176,0.072177000655526,0,121.0,4/14/2026,4,7024
training_set\images\image_00825.jpg,825,PASS,3.127510336395229,2.130946144437724,0.6216581643270676,0,121.0,4/14/2026,5,7024
training_set\images\image_00826.jpg,826,PASS,3.0453783189420767,1.2017385128394835,1.4130398933187087,0,121.0,4/14/2026,6,7024
training_set\images\image_00827.jpg,827,PASS,3.508188831769707,2.0237583358226523,1.4641004224069505,0,121.0,4/14/2026,7,7024
training_set\images\image_00828.jpg,828,PASS,2.154330619541114,1.6808741737129491,0.0685497972590556,0,121.0,4/14/2026,8,7024
training_set\images\image_00829.jpg,829,PASS,2.050847609134013,1.4477249951852098,0.7525815786774135,0,121.0,4/14/2026,9,7024
training_set\images\image_00830.jpg,830,PASS,3.5636384385916364,1.2113295055819122,2.4492468319039595,0,121.0,4/14/2026,10,7024
training_set\images\image_00831.jpg,831,PASS,2.634876746129496,1.8885895411762752,0.3443171061508043,0,121.0,4/14/2026,11,7024
training_set\images\image_00832.jpg,832,PASS,2.1922019730444897,1.5128683183425382,0.267339284644603,0,121.0,4/14/2026,12,7024
training_set\images\image_00833.jpg,833,PASS,3.0939444049770435,2.6386058751075483,0.0415204875352452,0,121.0,4/14/2026,13,7024
training_set\images\image_00834.jpg,834,PASS,4.823022516807927,1.5118057599193788,4.314561774161898,0,121.0,4/14/2026,14,7024
training_set\images\image_00835.jpg,835,PASS,1.609171762035443,0.8821508094724959,1.00889966059796,0,121.0,4/14/2026,15,7024
training_set\images\image_00836.jpg,836,PASS,2.996113982562042,1.628939922505901,1.3945828200462158,0,121.0,4/14/2026,16,7024
training_set\images\image_00837.jpg,837,PASS,1.0536239782809391,0.5344087666713843,0.7142070865112118,0,121.0,4/14/2026,17,7024
training_set\images\image_00838.jpg,838,PASS,3.344045849861563,1.68954737197934,0.6014268424435083,0,121.0,4/14/2026,18,7024
training_set\images\image_00839.jpg,839,PASS,3.2915860333210154,1.7973545984281507,1.7980226412483704,0,121.0,4/14/2026,19,7024
training_set\images\image_00840.jpg,840,PASS,1.6087606977229565,1.0622186235401176,0.001814141347876,0,121.0,4/14/2026,20,7024
training_set\images\image_00841.jpg,841,PASS,4.014477830346433,2.4458890806365403,2.0626900495302074,0,121.0,4/14/2026,21,7024
training_set\images\image_00842.jpg,842,PASS,2.205946873132197,1.6356328381285392,0.4245468936986956,0,121.0,4/14/2026,22,7024
training_set\images\image_00843.jpg,843,PASS,2.028458930287336,1.4362045523913032,0.3618575799190711,0,121.0,4/14/2026,23,7024
training_set\images\image_00844.jpg,844,PASS,3.0532044816606634,2.250673010452132,0.6258000964158592,0,121.0,4/15/2026,24,7024
training_set\images\image_00845.jpg,845,PASS,7.31222188141201,3.656290990851812,4.488990595678535,0,121.0,4/15/2026,25,7024
training_set\images\image_00846.jpg,846,PASS,3.4341046291259545,2.08182745138305,1.3028518174771402,0,121.0,4/15/2026,26,7024
training_set\images\image_00847.jpg,847,PASS,5.430622291314433,2.239486949136768,2.656381308728912,0,121.0,4/15/2026,27,7024
training_set\images\image_00848.jpg,848,PASS,3.146734101169945,2.0902319509976808,0.3484348859715931,0,121.0,4/15/2026,28,7038
training_set\images\image_00849.jpg,849,PASS,4.198647811538716,2.160579215661683,1.648118095956065,1,121.0,4/15/2026,29,7038
training_set\images\image_00850.jpg,850,PASS,2.281552627949074,1.3967326837733605,0.1997795295939326,1,121.0,4/15/2026,30,7038
training_set\images\image_00851.jpg,851,PASS,3.4889393771873736,1.7851044281788544,1.3242146107144142,0,121.0,4/15/2026,31,7038
training_set\images\image_00852.jpg,852,PASS,4.382076550874462,1.7148608462093,3.275353153397676,0,121.0,4/15/2026,32,7038
training_set\images\image_00853.jpg,853,PASS,6.9056235207492,3.286278794099021,3.9767423520761978,0,121.0,4/15/2026,33,7038
training_set\images\image_00854.jpg,854,PASS,3.709740788138761,1.5721828093978971,2.4464456467559885,0,121.0,4/15/2026,34,7038
training_set\images\image_00855.jpg,855,PASS,4.890492673073931,1.8044219798172076,2.520452534797259,0,121.0,4/15/2026,35,7038
training_set\images\image_00856.jpg,856,PASS,2.3228100969623364,1.7636673956926543,0.6038736464131931,0,121.0,4/15/2026,36,7038
training_set\images\image_00857.jpg,857,PASS,2.8697716149321164,1.843779383276491,0.7337935458878855,0,121.0,4/15/2026,37,7038
training_set\images\image_00858.jpg,858,PASS,3.240668515457744,1.7606641530327856,1.0115903643031392,0,121.0,4/15/2026,38,7038
training_set\images\image_00859.jpg,859,PASS,2.620122216083158,1.729288246259169,1.0175599738940149,0,121.0,4/15/2026,39,7038
training_set\images\image_00860.jpg,860,PASS,2.6526819104761983,1.487750148824518,0.7901503357408686,0,121.0,4/15/2026,40,7038
training_set\images\image_00861.jpg,861,PASS,5.208079172084903,2.115062357353693,3.377801745480663,0,121.0,4/15/2026,41,7038
training_set\images\image_00862.jpg,862,PASS,3.14388538730204,1.8798206353151024,0.5989467949991236,0,121.0,4/15/2026,42,7038
training_set\images\image_00863.jpg,863,PASS,2.5389658868692977,1.675186652679599,0.6679485973086265,0,121.0,4/15/2026,44,7038
training_set\images\image_00864.jpg,864,PASS,2.974108008075264,2.1544871801390637,0.2680937454112602,0,121.0,4/23/2026,45,7038
training_set\images\image_00865.jpg,865,PASS,3.543303862137464,1.991938785952498,1.8066396195332204,0,121.0,4/24/2026,46,7038
training_set\images\image_00866.jpg,866,PASS,4.405870472515452,1.9222259276680544,1.9852613058955777,0,122.0,5/9/2026,1,6024
training_set\images\image_00868.jpg,868,PASS,2.450647651939992,1.4944312964556454,1.2551614716459416,0,122.0,5/9/2026,2,6024
training_set\images\image_00869.jpg,869,PASS,2.4727787058553337,1.7365450406343907,0.603205377904225,0,122.0,5/9/2026,3,6024
training_set\images\image_00870.jpg,870,PASS,1.7134176300960506,1.1263706516503955,0.4761554223099447,1,122.0,5/9/2026,4,6024
training_set\images\image_00871.jpg,871,PASS,2.06982540769353,1.6072699507963235,0.4253208095890333,0,122.0,5/9/2026,5,6024
training_set\images\image_00872.jpg,872,PASS,2.460096718988195,1.8673456468052383,0.2113898705602799,0,122.0,5/9/2026,6,6024
training_set\images\image_00873.jpg,873,PASS,2.761050230533133,1.8509258831559092,0.3259759188645259,0,122.0,5/9/2026,7,6024
training_set\images\image_00874.jpg,874,PASS,2.669766736435752,1.8609056717573016,0.3851239360460585,0,122.0,5/9/2026,8,6024
training_set\images\image_00875.jpg,875,PASS,2.574764631443718,1.5164237602386752,0.8063436629943406,0,122.0,5/9/2026,9,6024
training_set\images\image_00876.jpg,876,PASS,2.6358872354720195,1.8061937630349556,0.2735480220078634,0,122.0,5/9/2026,10,6024
training_set\images\image_00877.jpg,877,PASS,3.358527713888558,2.1139655426595367,0.4497952681140025,0,122.0,5/9/2026,11,6024
training_set\images\image_00878.jpg,878,PASS,3.3290335262343618,1.6723628481673167,2.00537202692061,0,122.0,5/9/2026,12,6024
training_set\images\image_00879.jpg,879,PASS,2.2189108686616508,1.654802509612832,0.6167206280264601,0,122.0,5/9/2026,13,6024
training_set\images\image_00880.jpg,880,PASS,2.782101042781959,1.7622629743756628,0.6968209580545555,0,122.0,5/9/2026,14,6024
training_set\images\image_00881.jpg,881,PASS,2.832961668544387,1.846720794612447,0.8766599126491277,0,122.0,5/9/2026,15,6024
training_set\images\image_00882.jpg,882,PASS,1.985650367732783,1.3893448162387798,0.0714130829536128,0,122.0,5/9/2026,16,6024
training_set\images\image_00883.jpg,883,PASS,2.229772112288104,1.2982647113771466,0.2209170222162235,0,122.0,5/9/2026,17,6024
training_set\images\image_00884.jpg,884,PASS,2.3925900949391887,1.735889827632766,0.2274678685329543,0,122.0,5/9/2026,18,6024
training_set\images\image_00885.jpg,885,PASS,6.137202912234213,2.4536598614255136,4.047969361701161,1,122.0,5/9/2026,19,6024
training_set\images\image_00886.jpg,886,PASS,2.57168570120528,1.6729843203678565,1.1386257371071258,0,122.0,5/9/2026,20,6024
training_set\images\image_00887.jpg,887,PASS,2.608358977902319,1.7347306388233454,0.4502993122650487,0,122.0,5/9/2026,21,6024
training_set\images\image_00888.jpg,888,PASS,2.4648102337564914,1.837804217803449,0.0982556789605899,0,122.0,5/9/2026,22,6024
training_set\images\image_00889.jpg,889,PASS,1.8065851357537648,1.238643456638507,0.2406428996749121,0,122.0,5/9/2026,23,6024
training_set\images\image_00890.jpg,890,PASS,4.811875996689982,2.0950759757893738,2.7173429439476653,0,122.0,5/9/2026,24,6024
training_set\images\image_00891.jpg,891,PASS,2.7581648957712366,2.1297694411249544,0.0187573824349196,0,122.0,5/9/2026,25,6024
training_set\images\image_00892.jpg,892,PASS,1.862395946848388,1.4680792989004912,0.0802413313297016,0,122.0,5/9/2026,26,6024
training_set\images\image_00893.jpg,893,PASS,3.102559153060472,2.2922411936703435,0.5202970412888055,0,122.0,5/9/2026,27,6024
training_set\images\image_00895.jpg,895,PASS,2.686418638533351,1.9534541896898627,0.290401677694279,0,122.0,5/12/2025,1,6038
training_set\images\image_00896.jpg,896,PASS,2.05294659338011,1.571035526291596,0.1110027665766284,0,122.0,5/12/2025,2,6038
training_set\images\image_00897.jpg,897,PASS,3.086999533820947,1.8723523947698348,0.9481256340722756,0,122.0,5/12/2025,3,6038
training_set\images\image_00898.jpg,898,PASS,2.5157458740566354,1.6645966705302764,0.8020437022731308,0,122.0,5/12/2025,4,6038
training_set\images\image_00899.jpg,899,PASS,4.167903792334401,2.454189265592417,0.2436849190329759,0,122.0,5/12/2025,5,6038
training_set\images\image_00900.jpg,900,PASS,2.477011878871891,1.584677370820183,0.2561921601947992,0,122.0,5/12/2025,6,6038
training_set\images\image_00901.jpg,901,PASS,2.4888437983309784,1.4233635481550453,0.994964140220436,1,122.0,5/12/2025,7,6038
training_set\images\image_00902.jpg,902,PASS,1.6841665596564477,1.2836924026307637,0.1957223196307862,0,123.0,6/18/2025,1,6024
training_set\images\image_00903.jpg,903,PASS,1.4734597460261738,1.0638285363368922,0.0501222194595234,0,123.0,6/18/2025,2,6024
training_set\images\image_00904.jpg,904,PASS,1.7290189871527877,1.1233031218221845,0.220846794947533,0,123.0,6/18/2025,3,6024
training_set\images\image_00905.jpg,905,PASS,3.1840655779961065,2.15159632575468,0.6563220331078607,0,123.0,6/18/2025,4,6024
training_set\images\image_00906.jpg,906,PASS,2.4318013283721567,1.99722590785856,0.1046479401682733,0,123.0,6/18/2025,5,6024
training_set\images\image_00907.jpg,907,PASS,2.6797727105055693,2.4277014725311576,0.0900636523564553,0,123.0,6/18/2025,6,6024
training_set\images\image_00908.jpg,908,PASS,2.018403729300424,1.4480605145475602,0.5051548850835061,0,123.0,6/18/2025,7,6024
training_set\images\image_00909.jpg,909,PASS,1.734311473614797,1.2304386646805556,0.2091103091512349,0,123.0,6/18/2025,8,6024
training_set\images\image_00910.jpg,910,PASS,1.9151530202460112,1.2012031808531465,0.4091175198303882,0,123.0,6/18/2025,9,6024
training_set\images\image_00911.jpg,911,PASS,6.182054938051657,2.360939705190202,4.360203040626233,0,123.0,6/18/2025,10,6024
training_set\images\image_00912.jpg,912,PASS,2.443571994832238,1.606655661400353,0.3670952701224501,0,123.0,6/18/2025,11,6024
training_set\images\image_00913.jpg,913,PASS,2.232735373441055,1.669855918919634,0.0882135607557317,0,123.0,6/18/2025,12,6024
training_set\images\image_00914.jpg,914,PASS,1.6321216493245445,0.8853105217628675,0.9036563654759376,0,123.0,6/18/2025,13,6024
training_set\images\image_00915.jpg,915,PASS,1.7649787806478785,1.0062656204451004,0.1267284560401289,0,123.0,6/18/2025,14,6024
training_set\images\image_00916.jpg,916,PASS,2.3514523760624906,1.4032069984030968,0.5722892373310604,0,123.0,6/18/2025,15,6024
training_set\images\image_00917.jpg,917,PASS,2.074536088388209,1.28523032814148,0.5407397740366344,0,123.0,6/18/2025,16,6024
training_set\images\image_00918.jpg,918,PASS,2.2125295746889897,1.4394180889001034,0.1286825572514094,0,123.0,6/18/2025,1,6038
training_set\images\image_00920.jpg,920,PASS,2.326928913677194,1.8208142259805224,0.1153197752194756,0,123.0,6/18/2025,2,6038
training_set\images\image_00921.jpg,921,PASS,1.7815039507345014,1.3609847494034824,0.5013503408686566,0,123.0,6/18/2025,3,6038
training_set\images\image_00922.jpg,922,PASS,1.8838702261043083,1.417630484963846,0.1190226864538326,0,123.0,6/18/2025,4,6038
training_set\images\image_00923.jpg,923,PASS,2.2189035612546117,1.2959734345233274,0.8668214084104842,0,123.0,6/18/2025,5,6038
training_set\images\image_00924.jpg,924,PASS,1.61086867394156,1.1862448474415217,0.2855894281798432,0,123.0,6/18/2025,6,6038
training_set\images\image_00925.jpg,925,PASS,1.8498675426900213,1.36379373425683,0.5143959416534045,0,123.0,6/18/2025,7,6038
training_set\images\image_00926.jpg,926,PASS,1.7226154546390602,1.1425273667114864,0.1909576571000777,0,123.0,6/18/2025,8,6038
training_set\images\image_00927.jpg,927,PASS,1.915024706365256,1.295066930102665,0.1098099018943179,0,123.0,6/19/2025,9,6038
training_set\images\image_00928.jpg,928,PASS,2.3285047360029782,1.4747097601696744,0.9580836220454928,0,123.0,6/19/2025,10,6038
training_set\images\image_00929.jpg,929,PASS,4.987397832667995,2.4651906609589607,2.769485957624938,0,123.0,6/19/2025,11,6038
training_set\images\image_00930.jpg,930,PASS,2.934912282053357,1.3682722206875395,1.2568631655463642,0,123.0,6/19/2025,13,6038
training_set\images\image_00931.jpg,931,PASS,2.12658710714324,1.4999076365425497,0.5724270012436221,0,123.0,6/19/2025,14,6038
training_set\images\image_00932.jpg,932,PASS,2.4219966904261563,1.9823545392037092,0.1733754365521691,0,123.0,6/19/2025,15,6038
training_set\images\image_00933.jpg,933,PASS,2.7397278346640395,2.3813727514921847,0.093347734858824,0,123.0,6/19/2025,16,6038
training_set\images\image_00934.jpg,934,PASS,3.499800198371396,2.153343788029549,1.11493157884521,0,123.0,6/19/2025,17,6038
training_set\images\image_00935.jpg,935,PASS,2.4744383620079518,1.8057147537767184,0.3709605536234961,0,123.0,6/20/2025,18,6038
training_set\images\image_00936.jpg,936,PASS,2.6791333629311382,1.805492594460088,0.7201153389050288,0,123.0,6/20/2025,19,6038
training_set\images\image_00937.jpg,937,PASS,1.7526143769727671,1.1643905360817377,0.3053459553477544,1,123.0,6/20/2025,20,6038
training_set\images\image_00938.jpg,938,PASS,2.088559677197335,1.7317557473295733,0.0994677374255963,0,123.0,6/20/2025,21,6038
training_set\images\image_00939.jpg,939,PASS,2.115181679047764,1.823338520791527,0.2933609025511874,0,123.0,6/20/2025,22,6038
training_set\images\image_00944.jpg,944,PASS,1.853608105369868,1.290236182838001,0.1503430787145483,0,124.0,7/25/2025,1,6024
training_set\images\image_00945.jpg,945,PASS,2.957589644665967,2.0994113417944376,1.0426027896919945,0,124.0,7/25/2025,2,6024
training_set\images\image_00946.jpg,946,PASS,2.09066682243929,1.6617004463937706,0.3623818130505187,0,124.0,7/29/2025,3,6024
training_set\images\image_00947.jpg,947,PASS,2.0303792344098697,1.7107576727599143,0.4325389762405107,0,124.0,7/29/2025,4,6024
training_set\images\image_00948.jpg,948,PASS,2.4743533644653075,1.9285625264192945,0.1694474745750511,0,124.0,7/29/2025,5,6024
training_set\images\image_00949.jpg,949,PASS,2.1416759339037,1.7780308415838968,0.2479316213474267,0,124.0,7/29/2025,6,6024
training_set\images\image_00950.jpg,950,PASS,2.840112378505338,2.1150438125018707,0.2914793374787687,0,124.0,7/29/2025,7,6038
training_set\images\image_00951.jpg,951,PASS,2.3106771129658523,1.501998057065985,0.2990904129265495,0,124.0,7/29/2025,8,6038
training_set\images\image_00952.jpg,952,PASS,2.6034948569603853,1.9596670174170725,0.3005185261318206,0,124.0,7/29/2025,9,6038
training_set\images\image_00953.jpg,953,PASS,2.5984407235316374,2.202779009120365,0.1828878038256993,0,124.0,7/29/2025,10,6038
training_set\images\image_00954.jpg,954,PASS,2.5021322167022166,1.538303532874077,0.6435745572809739,0,124.0,7/29/2025,11,6038
training_set\images\image_00955.jpg,955,PASS,2.5407500601848056,1.9042238973656032,0.6588298455677328,0,124.0,7/29/2025,12,6038
training_set\images\image_00956.jpg,956,PASS,3.018097918818047,2.2270739201072094,0.4845917939912105,0,124.0,7/29/2025,13,6038
training_set\images\image_00957.jpg,957,PASS,2.729558197543078,1.882654919562528,0.2851979960358353,0,124.0,7/29/2025,14,6038
training_set\images\image_00958.jpg,958,PASS,2.4960309119115185,2.283579623381249,0.0057968773708036,0,124.0,7/29/2025,15,6038
training_set\images\image_00959.jpg,959,PASS,2.367348718074259,1.6814458237116223,0.3797587636415465,0,124.0,7/29/2025,16,6038
training_set\images\image_00960.jpg,960,PASS,2.73350800868881,1.4055606083798435,0.4081886347016383,0,124.0,7/29/2025,17,6038
training_set\images\image_00961.jpg,961,PASS,3.427561244179381,2.756095815701057,0.3538126972548925,1,124.0,7/29/2025,18,6038
training_set\images\image_00962.jpg,962,PASS,2.434630692020673,2.046369205407589,0.0835358731611406,0,124.0,7/29/2025,19,6038
training_set\images\image_00963.jpg,963,PASS,2.3000594708855564,1.440880407771677,0.3324483157883067,0,124.0,7/29/2025,20,6038
training_set\images\image_00964.jpg,964,PASS,2.677036520455188,2.108510003084396,0.0468567825231875,0,124.0,7/29/2025,21,6038
training_set\images\image_00965.jpg,965,PASS,3.0293479502584626,2.3781231566030487,0.0401133289860307,0,124.0,7/29/2025,22,6038
training_set\images\image_00966.jpg,966,PASS,2.525686672175367,1.3950907227086222,0.1235613819668142,0,124.0,7/29/2025,23,6038
training_set\images\image_00967.jpg,967,PASS,3.1465734583427167,2.221312606373945,0.6261826108019743,0,124.0,7/29/2025,24,6038
training_set\images\image_00968.jpg,968,PASS,2.045638631554856,1.3609342586491042,0.1301465533817267,0,124.0,7/29/2025,25,6038
training_set\images\image_00969.jpg,969,PASS,3.036355900695505,1.793095324012078,1.16211477089346,0,124.0,7/29/2025,26,6038
training_set\images\image_00970.jpg,970,PASS,2.330256821904916,1.942338477492176,0.4743535373714378,0,124.0,7/29/2025,27,6038
training_set\images\image_00971.jpg,971,PASS,1.176624498735522,0.7954813908464046,0.3468763275095812,0,124.0,7/29/2025,28,6038
training_set\images\image_00972.jpg,972,PASS,2.288585037503736,0.965139740319419,1.6898875555669437,0,124.0,7/29/2025,29,6038
training_set\images\image_00973.jpg,973,PASS,2.363212098330344,1.444949331051973,0.0471098400750813,0,124.0,7/29/2025,30,6038
training_set\images\image_00974.jpg,974,PASS,2.2979790454575566,1.8259328804618624,0.3202493261496313,0,124.0,7/29/2026,31,6038
training_set\images\image_00975.jpg,975,PASS,2.154268956490561,1.9145704886415649,0.0671040082020413,0,124.0,7/29/2025,32,6038
training_set\images\image_00976.jpg,976,PASS,1.9773131659204173,1.3936261358472002,0.0550187759352083,0,124.0,7/29/2025,33,6038
training_set\images\image_00977.jpg,977,PASS,2.3489709935629985,0.7245363277839457,1.9099693002884133,0,124.0,7/29/2025,34,6038
training_set\images\image_00980.jpg,980,PASS,3.530046243967272,2.5028056384917745,0.6573450370764204,0,126.0,10/21/2025,1,6038
training_set\images\image_00981.jpg,981,PASS,2.727526998846057,2.285464604566931,0.4337806757950195,0,126.0,10/21/2025,2,6038
training_set\images\image_00982.jpg,982,PASS,2.5272336195229084,1.857137560381304,0.3699106024310885,0,126.0,10/21/2025,3,6038
training_set\images\image_00983.jpg,983,PASS,2.151848169447117,1.895532530206845,0.0973855546113977,0,126.0,10/21/2025,4,6038
training_set\images\image_00984.jpg,984,PASS,2.928060655208979,2.2461537574875,0.4252351657484441,0,126.0,10/21/2025,5,6038
training_set\images\image_00985.jpg,985,PASS,2.1808065844460147,1.9925266436610336,0.0162573267952779,0,126.0,10/21/2025,6,6038
training_set\images\image_00986.jpg,986,PASS,1.91658166952617,1.476881944016241,0.5177131344116976,0,126.0,10/21/2025,7,6038
training_set\images\image_00987.jpg,987,PASS,2.865133023546273,1.9597622606195335,0.4668894685324103,0,126.0,10/21/2025,8,6038
training_set\images\image_00988.jpg,988,PASS,2.2298371105732318,1.5221229658851203,0.1347351951155926,0,126.0,10/21/2025,9,6038
training_set\images\image_00989.jpg,989,PASS,2.4611970303985014,1.6872992673387788,0.244672828667142,0,126.0,10/21/2025,10,6038
training_set\images\image_00990.jpg,990,PASS,2.086630731834128,1.2791773637096688,0.0571420104740632,0,126.0,10/21/2025,11,6038
training_set\images\image_00991.jpg,991,PASS,2.739165942238364,1.8672165284433089,0.5874346023470043,0,126.0,10/21/2025,12,6038
training_set\images\image_00992.jpg,992,PASS,2.375124890124127,1.8850007978432104,0.1173025430508625,0,126.0,10/21/2025,13,6038
training_set\images\image_00993.jpg,993,PASS,2.3934044412123563,1.6335413994960677,0.1414719901673371,0,126.0,10/21/2025,14,6038
training_set\images\image_00994.jpg,994,PASS,2.5313065388851443,1.683929830881329,0.9737079177763626,0,126.0,10/21/2025,15,6038
training_set\images\image_00995.jpg,995,PASS,2.371805553209237,1.440890923591602,0.6485058700366797,0,126.0,10/21/2025,16,6038
training_set\images\image_00996.jpg,996,PASS,2.090830776087897,0.8456758530880086,1.0670649818833866,0,126.0,10/21/2025,17,6038
training_set\images\image_00997.jpg,997,PASS,1.4230080675149754,0.8929272172002535,0.4393234613020423,0,126.0,10/21/2025,18,6038
training_set\images\image_00998.jpg,998,PASS,1.676177492722241,0.9842047664686894,0.1143541497816871,0,126.0,10/21/2025,19,6038
training_set\images\image_00999.jpg,999,PASS,2.00815352571963,1.2102070997199668,0.1747204884679034,0,126.0,10/21/2025,20,6038
training_set\images\image_01000.jpg,1000,PASS,1.7408130754860802,1.3464230195100662,0.075349583927275,1,126.0,10/21/2025,21,6038
training_set\images\image_01001.jpg,1001,PASS,2.02443658798704,1.4905707940909003,0.4285510257190681,0,126.0,10/21/2025,22,6038
training_set\images\image_01002.jpg,1002,PASS,2.0723652838901336,1.8019132140667515,0.0022514329214491,0,126.0,10/21/2025,23,6038
training_set\images\image_01003.jpg,1003,PASS,2.402899451121805,1.5905614278317517,0.1070208558165579,0,126.0,10/21/2025,24,6038
training_set\images\image_01004.jpg,1004,PASS,2.3739639819557783,1.003466202758554,0.6694329961553469,0,126.0,10/21/2025,25,6038
training_set\images\image_01005.jpg,1005,PASS,2.0926875668321983,1.093554104234465,0.646445864334523,1,126.0,10/21/2025,26,6038
training_set\images\image_01009.jpg,1009,PASS,2.77051647636279,1.5815272904922166,1.106428130932011,1,126.0,10/21/2025,27,6038
training_set\images\image_01010.jpg,1010,PASS,2.844516910868788,1.9563691784184,0.3710056433295623,1,126.0,10/21/2025,28,6038
training_set\images\image_01011.jpg,1011,PASS,2.189214577748469,1.259737973041889,0.119822944077875,0,126.0,10/21/2025,29,6038
training_set\images\image_01012.jpg,1012,PASS,2.4222037194710806,1.4320895862137335,1.212966760926068,0,126.0,10/21/2025,30,6038
training_set\images\image_01013.jpg,1013,PASS,1.9585946082883257,1.7157962939668736,0.1299108125921038,1,126.0,10/21/2025,31,6038
training_set\images\image_01014.jpg,1014,PASS,2.881412261439196,2.2158255030372094,0.5243399039909988,0,126.0,10/21/2025,32,6038
training_set\images\image_01015.jpg,1015,PASS,2.439828479622176,1.5888017718397032,0.1693340570985575,0,127.0,11/12/2025,1,7038
training_set\images\image_01016.jpg,1016,PASS,1.9738268762604592,1.0227219001466572,0.7153346843863189,0,127.0,11/12/2025,2,7038
training_set\images\image_01017.jpg,1017,PASS,2.9971350117390405,2.1247540306762183,0.845984054186693,1,127.0,11/12/2025,3,7038
training_set\images\image_01018.jpg,1018,PASS,1.8717099261577024,1.2279817389877823,0.7354233040598024,1,127.0,11/12/2025,4,7038
training_set\images\image_01019.jpg,1019,PASS,1.463095651345545,0.7607508973042724,0.5662902262221796,0,127.0,11/12/2025,5,7038
training_set\images\image_01020.jpg,1020,PASS,2.6270806709428998,1.90046869833186,0.5999466724685267,0,127.0,11/12/2025,6,7038
training_set\images\image_01021.jpg,1021,PASS,1.6545479884854248,1.0794064382354185,0.4870116670915063,0,127.0,11/12/2025,7,7038
training_set\images\image_01022.jpg,1022,PASS,2.5716211961619053,1.6375147548021418,0.1109609086639578,0,127.0,11/12/2025,8,7038
training_set\images\image_01023.jpg,1023,PASS,1.1402365910731025,0.8448416765472379,0.1453258676943334,0,127.0,11/12/2025,9,7038
training_set\images\image_01024.jpg,1024,PASS,2.383431022388135,1.709904175569572,0.0256063060855855,0,127.0,11/12/2025,10,7038
training_set\images\image_01025.jpg,1025,PASS,5.742034852533751,1.8687781306765647,5.26388577077254,0,127.0,11/12/2025,11,7038
training_set\images\image_01026.jpg,1026,PASS,5.021029718616978,2.793531096241891,1.8199400827900944,1,127.0,11/12/2025,12,7038
training_set\images\image_01027.jpg,1027,PASS,1.807292824637905,1.150486688747273,0.0970530256874833,0,127.0,11/12/2025,13,7038
training_set\images\image_01028.jpg,1028,PASS,1.7577574918564036,1.1847867706960258,0.110603216887984,0,127.0,11/12/2025,14,7038
training_set\images\image_01029.jpg,1029,PASS,10.03770857300726,2.3119155514856726,8.086035133535736,0,127.0,11/12/2025,15,7038
training_set\images\image_01030.jpg,1030,PASS,2.111458499911947,1.2497732848210037,0.6369154522781613,0,127.0,11/12/2025,16,7038
training_set\images\image_01031.jpg,1031,PASS,1.775351605416356,0.7756804873011107,1.4309710502117945,1,127.0,11/12/2025,17,7038
training_set\images\image_01032.jpg,1032,PASS,2.326729923980228,0.9266621253346536,1.7376030551408048,0,127.0,11/12/2025,18,7038
training_set\images\image_01033.jpg,1033,PASS,2.765008744737376,1.8464790841383416,0.502694080706632,0,127.0,11/12/2025,19,7038
training_set\images\image_01034.jpg,1034,PASS,1.3742815426490458,0.5842658939367419,0.8828125743344963,0,127.0,11/12/2025,20,7038
training_set\images\image_01035.jpg,1035,PASS,2.0780714590781537,1.2861430227975827,0.0395393038817899,0,127.0,11/12/2025,21,7038
training_set\images\image_01036.jpg,1036,PASS,1.396365724585984,0.998200159718858,0.3846083448789619,0,127.0,11/12/2025,22,7038
training_set\images\image_01037.jpg,1037,PASS,2.033076210699132,1.4203333157250524,0.2024437197930393,0,127.0,11/12/2025,23,7038
training_set\images\image_01038.jpg,1038,PASS,2.1418044578431576,1.4883523655063786,0.593259812617557,0,127.0,11/12/2025,24,7038
training_set\images\image_01039.jpg,1039,PASS,2.425359852310905,1.490493218648132,0.901196885677455,1,127.0,11/12/2025,25,7038
training_set\images\image_01040.jpg,1040,PASS,2.3297322424537628,1.3706892150013916,0.2152594183622516,0,127.0,11/12/2025,26,7038
training_set\images\image_01041.jpg,1041,PASS,2.201500005480105,1.2214628718056608,0.556447175635634,0,127.0,11/12/2025,27,7038
training_set\images\image_01042.jpg,1042,PASS,2.201059740497794,1.341707250241294,0.6178073234848669,0,127.0,11/12/2025,28,7038
training_set\images\image_01043.jpg,1043,PASS,2.3789868919340904,1.6584078390218429,0.0261224336901624,0,127.0,11/12/2025,29,7038
training_set\images\image_01044.jpg,1044,PASS,2.1921973555509657,1.614812328290539,0.3192813559405256,0,127.0,11/12/2025,30,7038
training_set\images\image_01045.jpg,1045,PASS,1.8823849598038391,1.2459011011802583,0.4196140589116417,0,127.0,11/12/2025,31,7038
training_set\images\image_01046.jpg,1046,PASS,1.6944906917013325,0.8042790388911679,1.215168378033288,0,127.0,11/12/2025,32,7038
training_set\images\image_01047.jpg,1047,PASS,2.3969040274339397,1.65344748030542,0.3421986225160935,0,127.0,11/12/2025,33,7038
training_set\images\image_01048.jpg,1048,PASS,2.199655704027244,1.0713805199995752,0.6680605781614919,0,127.0,11/12/2025,34,7038
training_set\images\image_01049.jpg,1049,PASS,1.868413248948324,1.264069798290022,0.1436980185409653,0,127.0,11/12/2025,35,7038
training_set\images\image_01050.jpg,1050,PASS,1.5113203454654784,0.8950604140854551,0.1864773987813128,0,127.0,11/12/2025,36,7038
training_set\images\image_01055.jpg,1055,PASS,2.2588548393535066,1.2989842294536118,0.8401050555947798,0,128.0,1/21/2026,1,6038
training_set\images\image_01056.jpg,1056,PASS,2.2007361037429805,1.699840924157441,0.0621194664598658,0,128.0,1/23/2026,2,6038
training_set\images\image_01057.jpg,1057,PASS,2.562835053485811,1.6538350744608463,0.3279399594490848,0,128.0,1/23/2026,3,6038
training_set\images\image_01058.jpg,1058,PASS,2.597226154339022,1.3194889236528335,1.1033987817780155,0,128.0,1/23/2026,4,6038
training_set\images\image_01059.jpg,1059,PASS,1.7102325180715967,0.6973310275567811,0.9837270947446302,0,128.0,1/23/2026,5,6038
training_set\images\image_01060.jpg,1060,PASS,1.6197236499482028,0.8431232189881243,0.0878272094069725,0,128.0,1/23/2026,6,6038
training_set\images\image_01061.jpg,1061,FAIL,9.073783875880467,7.413001507328981,1.2218223838711744,0,128.0,1/23/2026,7,6038
training_set\images\image_01062.jpg,1062,FAIL,3.788171957882882,3.1432095174095798,0.2827717812530061,0,128.0,1/23/2026,8,6038
training_set\images\image_01063.jpg,1063,PASS,1.9192697194893544,1.2280707543782896,0.5717151125525637,1,128.0,1/23/2026,9,6038
training_set\images\image_01064.jpg,1064,PASS,2.309736544700732,1.7642128295500896,0.0178511942910146,0,128.0,1/23/2026,10,6038
training_set\images\image_01065.jpg,1065,PASS,1.81515082603122,1.3516713855019815,0.0312397947823197,0,128.0,1/23/2026,11,6038
training_set\images\image_01066.jpg,1066,PASS,4.296904673634633,1.9171425323326163,2.2725345051509565,0,128.0,1/23/2026,12,6038
training_set\images\image_01067.jpg,1067,PASS,1.559993642094568,0.9894575080538728,0.2187667842104683,0,128.0,1/23/2026,13,6038
training_set\images\image_01068.jpg,1068,PASS,1.6409789320566937,1.183844611707502,0.3326745044625223,0,128.0,1/23/2026,14,6038
training_set\images\image_01069.jpg,1069,PASS,1.245005646659648,0.7277477531278139,0.5210935335935099,0,128.0,1/23/2026,15,6038
training_set\images\image_01070.jpg,1070,PASS,1.3545250770845143,0.501837276416815,1.019028623331713,0,128.0,1/23/2026,16,6038
training_set\images\image_01071.jpg,1071,PASS,2.0830851646911146,1.1412062275499173,0.4466207589165718,0,128.0,1/23/2026,17,6038
training_set\images\image_01072.jpg,1072,PASS,2.1581643139745164,1.1906605887268773,0.7118076481168805,0,128.0,1/23/2026,18,6038
training_set\images\image_01073.jpg,1073,PASS,7.763449990496534,2.241278212718455,5.93519129913883,0,128.0,1/23/2026,19,6038
training_set\images\image_01074.jpg,1074,PASS,1.4229778317354052,0.8874373949849504,0.5820738061871206,0,128.0,1/23/2026,20,6038
training_set\images\image_01075.jpg,1075,PASS,1.537197478867694,0.854286948459357,0.5275202616033461,1,128.0,1/23/2026,21,6038
training_set\images\image_01076.jpg,1076,PASS,1.835922698498355,0.9994106849871895,0.1666075720040916,0,128.0,1/23/2026,22,6038
training_set\images\image_01077.jpg,1077,PASS,1.9595869364975065,1.3639179829254715,0.572516464941442,0,128.0,1/23/2026,23,6038
training_set\images\image_01078.jpg,1078,PASS,2.6674409973080078,1.4928937022112103,0.6817400512281193,0,128.0,1/23/2026,24,6038
training_set\images\image_01079.jpg,1079,PASS,1.9661988387873248,1.311830259952793,0.6521288884858778,0,128.0,1/27/2026,25,6038
training_set\images\image_01080.jpg,1080,PASS,2.056398978882205,1.8112461482526176,0.0265780612387049,0,128.0,1/27/2026,26,6038
training_set\images\image_01081.jpg,1081,PASS,2.316711141253679,1.4437487961646855,0.8560964360015704,0,128.0,1/27/2026,27,6038
training_set\images\image_01082.jpg,1082,PASS,1.5810181968085202,0.9721813253920194,0.3399407210929472,0,128.0,1/27/2026,28,6038
training_set\images\image_01083.jpg,1083,PASS,2.0624160242780136,1.399804664830481,0.5148255123847285,0,128.0,1/27/2026,29,6038
training_set\images\image_01084.jpg,1084,PASS,1.928172210851408,1.1241737833573104,0.2389250791598349,0,128.0,1/27/2026,30,6038
training_set\images\image_01085.jpg,1085,PASS,1.7052559705974593,1.2123998932872997,0.2545361244474897,0,128.0,1/27/2026,31,6038
training_set\images\image_01086.jpg,1086,PASS,2.281339491487661,1.1897462617093806,1.41657649687758,0,128.0,1/27/2026,32,6038
training_set\images\image_01087.jpg,1087,PASS,2.1797770337782008,1.6533935709587224,0.2237434221085947,0,128.0,1/27/2026,33,6038
training_set\images\image_01089.jpg,1089,PASS,1.457126492231945,0.9173852347677244,0.2297866981961991,0,129.0,2/17/2026,1,7038
training_set\images\image_01090.jpg,1090,PASS,0.7975160174418199,0.4965314465069325,0.252921518715129,0,129.0,2/17/2026,2,7038
training_set\images\image_01091.jpg,1091,PASS,0.8067421589829609,0.6070129932086877,0.097966988906368,0,129.0,2/17/2026,3,7038
training_set\images\image_01092.jpg,1092,PASS,1.0946980795328007,0.7367848421173394,0.1591697939584214,0,129.0,2/17/2026,4,7038
training_set\images\image_01093.jpg,1093,PASS,1.7848658983646704,0.9569380601502172,0.9743291622232308,1,129.0,2/17/2026,5,7038
training_set\images\image_01094.jpg,1094,PASS,3.3914490810941555,1.9289156990494136,1.2799464097013589,0,129.0,2/17/2026,6,7038
training_set\images\image_01095.jpg,1095,PASS,1.9304651246773696,1.384191467671185,0.1306409255309117,0,129.0,2/17/2026,7,7038
training_set\images\image_01096.jpg,1096,PASS,8.12381778278163,2.538880769245924,5.980727755192878,0,129.0,2/17/2026,8,7038
training_set\images\image_01097.jpg,1097,PASS,3.5176111248737145,1.4451901738779942,2.4130044986259493,0,129.0,2/17/2026,9,7038
training_set\images\image_01098.jpg,1098,PASS,1.8527433526945811,1.1580612890491115,0.3483060160053579,0,129.0,2/17/2026,10,7038
training_set\images\image_01099.jpg,1099,PASS,1.618839122806146,1.4194380324681728,0.0625861358032209,0,129.0,2/17/2026,11,7038
training_set\images\image_01100.jpg,1100,PASS,1.648414831888831,1.272703121348,0.0460103335100732,0,129.0,2/17/2026,12,7038
training_set\images\image_01101.jpg,1101,PASS,1.44449327053305,0.8713438623063704,0.7611952388825453,0,129.0,2/17/2026,13,7038
training_set\images\image_01102.jpg,1102,PASS,2.519793599156486,1.236731287623546,0.4750621096037868,0,129.0,2/17/2026,14,7038
training_set\images\image_01103.jpg,1103,PASS,3.0898401656186008,1.4379151549491638,1.3541868031322415,0,129.0,2/17/2026,15,7038
training_set\images\image_01104.jpg,1104,PASS,4.401280675891719,2.293525367291912,1.260123978088191,0,129.0,2/17/2026,16,7038
training_set\images\image_01105.jpg,1105,PASS,4.75233390960713,1.8661293557190213,2.724125204221583,0,129.0,2/17/2026,17,7038
training_set\images\image_01106.jpg,1106,PASS,1.9381830150395152,1.26891690686968,0.0804058907651374,0,129.0,2/17/2026,18,7038
training_set\images\image_01107.jpg,1107,PASS,1.8247826002766476,1.3453809441938187,0.5699729500214514,0,129.0,2/17/2026,19,7038
training_set\images\image_01108.jpg,1108,PASS,2.583000996767595,1.6170273437837916,0.4881635890348685,0,129.0,2/17/2026,20,7038
training_set\images\image_01109.jpg,1109,PASS,1.5347909844101415,0.9504896953612824,0.2749312735699656,0,129.0,2/18/2026,21,7038
training_set\images\image_01110.jpg,1110,PASS,1.7049434439613211,1.0640829792022588,0.5638179418232954,0,129.0,2/18/2026,22,7038
training_set\images\image_01111.jpg,1111,PASS,2.422686496026732,1.8342547929687152,0.4623689167674492,0,129.0,2/18/2026,23,7038
training_set\images\image_01112.jpg,1112,PASS,1.8604766704139328,1.3653471749084245,0.7156863522186043,0,129.0,2/18/2026,24,7038
training_set\images\image_01113.jpg,1113,PASS,5.5447908702481286,1.6777073498074146,4.0414332063796445,0,129.0,2/18/2026,25,7038
training_set\images\image_01114.jpg,1114,PASS,2.1214959353999947,1.50097188049358,0.4604220251744693,0,129.0,2/18/2026,26,7038
training_set\images\image_01115.jpg,1115,PASS,2.137251401765887,1.4787621809922211,0.5824348241033108,0,129.0,2/18/2026,27,7038
training_set\images\image_01116.jpg,1116,PASS,6.133121548147408,2.1402681855660304,3.6724270986732312,0,129.0,2/18/2026,28,7038
training_set\images\image_01117.jpg,1117,PASS,2.146219161667549,1.3279371858195654,0.6355825000912216,0,129.0,2/18/2026,29,7038
training_set\images\image_01118.jpg,1118,PASS,2.7953977168759483,1.8169843650049948,0.605424665432079,0,129.0,2/18/2026,30,7038
training_set\images\image_01119.jpg,1119,PASS,4.457703800189409,1.703354108421446,1.8420065217001016,0,129.0,2/18/2026,31,7038
training_set\images\image_01120.jpg,1120,PASS,1.2629188656954753,0.982191738106614,0.252292767683042,0,129.0,2/18/2026,32,7038
training_set\images\image_01121.jpg,1121,PASS,1.84141427492745,1.3977879421462502,0.3134308677862183,0,129.0,2/18/2026,33,7038
training_set\images\image_01122.jpg,1122,PASS,2.049756559483808,1.562177461940876,0.0487154429569494,0,129.0,2/18/2026,34,7038
training_set\images\image_01126.jpg,1126,PASS,2.704595093032573,1.3792978595473653,1.0761365891066073,0,130.0,3/2/2026,1,6038
training_set\images\image_01127.jpg,1127,PASS,3.812058046279116,1.5945254233081612,2.152640101629395,0,130.0,3/2/2026,2,6038
training_set\images\image_01128.jpg,1128,PASS,1.8876671926127249,0.7622054977010674,0.8139455764357333,0,130.0,3/2/2026,3,6038
training_set\images\image_01129.jpg,1129,PASS,1.838871671076857,0.985639613437935,0.5912315292362285,0,130.0,3/2/2026,4,6038
training_set\images\image_01130.jpg,1130,PASS,3.103965991816918,1.2161781540509646,1.9412359809635744,0,130.0,3/2/2026,5,6038
training_set\images\image_01131.jpg,1131,PASS,2.0100922771673693,1.1341416532420372,0.3794956490673322,0,130.0,3/2/2026,6,6038
training_set\images\image_01132.jpg,1132,PASS,1.578926104597248,0.9151097435384632,0.9968213002077072,0,130.0,3/2/2026,7,6038
training_set\images\image_01133.jpg,1133,PASS,1.7299439951070856,1.1017930651578147,0.4295743576880868,0,130.0,3/2/2026,8,6038
training_set\images\image_01134.jpg,1134,PASS,2.408455146586678,1.4148617752257604,0.5967368254326777,0,130.0,3/2/2026,9,6038
training_set\images\image_01135.jpg,1135,PASS,1.8229395898476068,1.2076095309887462,0.5690762105833918,0,130.0,3/2/2026,10,6038
training_set\images\image_01136.jpg,1136,PASS,2.017433475181366,1.293246633553059,0.7757314078289215,0,130.0,3/2/2026,11,6038
training_set\images\image_01137.jpg,1137,PASS,2.211757097632621,1.3569141827251263,0.6593564822691877,0,130.0,3/2/2026,12,6038
training_set\images\image_01138.jpg,1138,PASS,2.567816586743444,1.1616041784966,1.1028295203539875,0,130.0,3/2/2026,13,6038
training_set\images\image_01139.jpg,1139,PASS,2.1701716924644727,1.3492784623515377,0.3873727455214093,0,130.0,3/2/2026,14,6038
training_set\images\image_01140.jpg,1140,PASS,1.5290918979240644,1.0344990253718236,0.151062259666886,0,130.0,3/2/2026,15,6038
training_set\images\image_01141.jpg,1141,PASS,2.3142292908889357,1.5489224656547194,0.3061056600548446,0,130.0,3/2/2026,16,6038
training_set\images\image_01142.jpg,1142,PASS,5.807307056451768,1.4734828616522924,5.310349271326482,0,130.0,3/2/2026,17,6038
training_set\images\image_01143.jpg,1143,PASS,2.803112106109456,1.5040321725500925,1.3682575537009185,0,130.0,3/2/2026,18,6038
training_set\images\image_01144.jpg,1144,PASS,2.3203649939289708,1.3038345562582738,0.4142989803430419,0,130.0,3/2/2026,19,6038
training_set\images\image_01145.jpg,1145,PASS,4.339250493321476,2.77813764852872,0.6396920630375202,0,130.0,3/2/2026,20,6038
training_set\images\image_01146.jpg,1146,PASS,2.126320254311999,1.093687745574115,0.1901494466619664,0,130.0,3/2/2026,21,6038
training_set\images\image_01147.jpg,1147,PASS,2.680952695024608,2.0454481105545086,0.4454655728479837,0,130.0,3/2/2026,22,6038
training_set\images\image_01148.jpg,1148,PASS,2.193747418914808,1.6790566321756797,0.101857299492734,0,130.0,3/2/2026,1,6024
training_set\images\image_01149.jpg,1149,PASS,2.180761329642509,1.8705625149018412,0.0747085797105788,0,130.0,3/2/2026,2,6024
training_set\images\image_01150.jpg,1150,PASS,2.078311485646445,1.4467531938109657,0.0429782700172891,0,130.0,3/2/2026,3,6024
training_set\images\image_01151.jpg,1151,PASS,2.1260810944662527,1.965117567881273,0.0232759842911196,0,130.0,3/2/2026,4,6024
training_set\images\image_01152.jpg,1152,PASS,6.574978829695982,4.296279921106909,1.2563466375953878,0,130.0,3/2/2026,5,6024
training_set\images\image_01153.jpg,1153,PASS,8.573029628716577,4.752670091085004,6.852150960729744,0,130.0,3/2/2026,6,6024
training_set\images\image_01162.jpg,1162,PASS,8.752442574168764,4.538578584136703,7.382843672059877,0,130.0,3/3/2026,7,6024
training_set\images\image_01163.jpg,1163,PASS,4.933654800070866,3.698650968709742,0.6885791645393482,0,130.0,3/3/2026,8,6024
training_set\images\image_01164.jpg,1164,PASS,3.538232832326527,2.988794067518731,0.1378307289940297,0,130.0,3/3/2026,9,6024
training_set\images\image_01165.jpg,1165,PASS,1.435570314411614,0.9019554395044654,0.6467553732574148,0,130.0,3/3/2026,10,6024
training_set\images\image_01166.jpg,1166,PASS,1.5752384129050945,1.136428434013033,0.2048924555600155,0,130.0,3/13/2026,11,6024
training_set\images\image_01167.jpg,1167,PASS,1.56161822892356,1.0355067167959773,0.0712621053384294,0,130.0,3/3/2026,12,6024
training_set\images\image_01168.jpg,1168,PASS,1.857026791684519,0.8993178752506555,1.2644682269699048,0,130.0,3/3/2026,13,6024
training_set\images\image_01169.jpg,1169,PASS,1.6290484052749756,0.9599398038554184,0.396510317039175,0,130.0,3/3/2026,14,6024
training_set\images\image_01170.jpg,1170,PASS,6.035419635319158,4.62864877025392,0.5232907751515885,0,130.0,3/3/2026,15,6024
training_set\images\image_01172.jpg,1172,PASS,2.546267497018281,1.5934557859469465,0.0740719693437497,0,131.0,3/25/2026,1,6024
training_set\images\image_01173.jpg,1173,PASS,2.385903703495263,2.001668223059592,0.3421336698120205,1,131.0,3/25/2026,2,6024
training_set\images\image_01174.jpg,1174,PASS,2.311193473525719,1.6754458696893562,0.4923485208097053,0,131.0,3/25/2026,3,6024
training_set\images\image_01175.jpg,1175,PASS,2.439126110753536,1.799250517864797,0.1036624497043625,0,131.0,3/25/2026,4,6024
training_set\images\image_01176.jpg,1176,PASS,2.276602393809112,1.689264257778022,0.7341806244697895,0,131.0,3/25/2026,5,6024
training_set\images\image_01177.jpg,1177,PASS,2.5429207256939046,1.427138249806091,0.4360140809324018,0,131.0,3/25/2026,6,6024
training_set\images\image_01178.jpg,1178,PASS,1.9700522844246395,1.6367487197010568,0.1312069105153375,1,131.0,3/25/2026,7,6024
training_set\images\image_01179.jpg,1179,PASS,2.29829034002152,1.462424475009893,0.4679038054068982,0,131.0,3/25/2026,8,6024
training_set\images\image_01180.jpg,1180,PASS,2.623236586891153,1.849784041688416,0.3710994762457291,0,131.0,3/25/2026,9,6024
training_set\images\image_01181.jpg,1181,PASS,2.6439452933522225,2.153110517141092,0.1528006686252476,0,131.0,3/25/2026,10,6024
training_set\images\image_01182.jpg,1182,PASS,2.1450186069204,1.1593114354538303,0.6505159607550273,0,131.0,3/25/2026,11,6024
training_set\images\image_01183.jpg,1183,PASS,1.9356722847220864,1.5268200027145185,0.0537788568145432,0,131.0,3/25/2002,12,6024
training_set\images\image_01184.jpg,1184,PASS,1.9548022753433425,1.5574850743220994,0.0619583097213876,1,131.0,3/25/2026,1,6038
training_set\images\image_01185.jpg,1185,PASS,2.269168142089596,1.4655737054770628,0.4743719777010728,0,131.0,3/25/2026,2,6038
training_set\images\image_01186.jpg,1186,PASS,2.131083948340828,1.275347163453152,0.1563784999129336,0,131.0,3/25/2026,3,6038
training_set\images\image_01187.jpg,1187,PASS,1.9893156815321504,1.2717164068693316,0.2031370797873133,0,131.0,3/25/2026,4,6038
training_set\images\image_01188.jpg,1188,PASS,2.060741152579356,1.7020603624874928,0.0,2,131.0,3/25/2026,5,6038
training_set\images\image_01189.jpg,1189,PASS,2.033749986672537,1.4496429893727791,0.1098247655366233,0,131.0,3/25/2026,6,6038
training_set\images\image_01190.jpg,1190,PASS,1.6770561041138812,1.2647772219268676,0.0553111851322498,0,131.0,3/25/2026,7,6038
training_set\images\image_01191.jpg,1191,PASS,1.970618508935596,1.3824609911711407,0.3221865877417105,1,131.0,3/25/2026,9,6038
training_set\images\image_01192.jpg,1192,PASS,2.206351973784855,1.5838206238661166,0.1799390358208552,0,131.0,3/25/2026,10,6038
training_set\images\image_01193.jpg,1193,PASS,2.154779197998504,1.435400208645515,0.2512472984690597,0,131.0,3/25/2026,11,6038
training_set\images\image_01194.jpg,1194,PASS,2.002411195075239,1.584211847291597,0.2161585627629025,0,131.0,3/25/2026,12,6038
training_set\images\image_01195.jpg,1195,PASS,1.852856490108261,1.1684026141221404,0.2988770310014315,0,131.0,3/25/2026,13,6038
training_set\images\image_01196.jpg,1196,PASS,2.222884509267377,1.8033211779281264,0.422844379116768,0,131.0,3/25/2026,14,6038
training_set\images\image_01197.jpg,1197,PASS,1.9423062443484207,1.6999239096013783,0.0027621419560761,0,131.0,3/25/2026,15,6038
training_set\images\image_01198.jpg,1198,PASS,1.951308021667044,1.210049301769492,0.0694185583061568,0,131.0,3/25/2026,16,6038
training_set\images\image_01199.jpg,1199,PASS,1.88602634728542,1.567445517425332,0.0695430558701124,0,131.0,3/25/2026,17,6038
training_set\images\image_01200.jpg,1200,PASS,1.6910417868737548,1.1277629951821868,0.0327490894510245,0,131.0,3/25/2026,18,6038
training_set\images\image_01201.jpg,1201,PASS,1.4559188003539656,0.8697356691681684,0.1081185715983086,0,131.0,3/25/2026,19,6038
training_set\images\image_01202.jpg,1202,PASS,2.1669017355013684,1.549678500660315,0.5057154738353762,0,131.0,3/27/2026,20,6038
training_set\images\image_01203.jpg,1203,PASS,3.1494180027945182,2.547832704374536,0.0630239985122527,0,131.0,3/27/2026,21,6038
training_set\images\image_01204.jpg,1204,PASS,2.203419625712965,1.8120822176244529,0.0586635090483138,0,131.0,3/27/2026,22,6038
training_set\images\image_01205.jpg,1205,PASS,2.3978876411769123,1.9240337917494112,0.3253983431185983,0,131.0,3/27/2026,23,6038
training_set\images\image_01206.jpg,1206,PASS,2.7071836235828903,1.941101992866988,0.4232553675265209,0,131.0,3/27/2026,24,6038
training_set\images\image_01207.jpg,1207,PASS,3.267845883771243,2.173572375125729,1.1360421669946548,0,131.0,3/27/2026,25,6038
training_set\images\image_01209.jpg,1209,PASS,10.826448114160604,6.567880246729374,3.881409657121664,0,132.0,4/30/2026,1,6024
training_set\images\image_01210.jpg,1210,PASS,5.61388016828792,4.671788423566043,1.0910386620450128,1,132.0,4/30/2026,2,7024
training_set\images\image_01211.jpg,1211,PASS,6.77551237611043,4.895680487029007,0.5363726063928178,0,132.0,4/30/2026,3,7024
training_set\images\image_01212.jpg,1212,PASS,6.375069154939518,5.2272769050492665,1.0581859935891194,0,132.0,4/30/2026,4,7024
training_set\images\image_01213.jpg,1213,PASS,5.32029076122064,3.3727408312527647,2.269530261936334,0,132.0,4/30/2026,5,7024
training_set\images\image_01214.jpg,1214,PASS,3.988816308808103,2.9281720108744635,0.4227877753299358,0,132.0,4/30/2026,6,7024
training_set\images\image_01215.jpg,1215,PASS,2.07566656386098,1.6911457495613866,0.0903963075083269,0,132.0,4/30/2026,7,7024
training_set\images\image_01216.jpg,1216,PASS,2.368767645907768,1.4863481364570177,0.774540253484876,0,132.0,4/30/2026,8,7024
training_set\images\image_01217.jpg,1217,PASS,3.1716169965123777,2.102505083418384,1.12998592631101,0,132.0,4/30/2026,9,7024
training_set\images\image_01218.jpg,1218,PASS,2.905968647859372,2.03038189636948,0.3917352886265131,0,132.0,4/30/2026,10,7024
training_set\images\image_01219.jpg,1219,PASS,2.6909049396694966,1.7201459067185942,0.0063525813252436,0,132.0,4/30/2026,11,7024
training_set\images\image_01220.jpg,1220,PASS,3.096100957870807,2.305204084673084,0.1416544078634487,0,132.0,4/30/2026,12,7024
training_set\images\image_01221.jpg,1221,PASS,2.509953152772661,1.6607781278722855,0.4455393138385481,0,132.0,5/1/2026,13,7024
training_set\images\image_01222.jpg,1222,PASS,1.752331404991264,1.3028512582143612,0.2989520649157047,1,132.0,5/1/2026,14,7024
training_set\images\image_01224.jpg,1224,PASS,2.880230715361569,2.213544163684388,0.4432120728127184,0,132.0,5/1/2026,1,7038
training_set\images\image_01225.jpg,1225,PASS,2.6652312737950803,1.7721645132239068,0.2620180876624389,0,132.0,5/1/2026,2,7038
training_set\images\image_01226.jpg,1226,PASS,2.1696387931949936,1.542944023262061,0.0901038864494925,0,132.0,5/1/2026,3,7038
training_set\images\image_01227.jpg,1227,PASS,2.6853486449461683,1.88453707199461,0.7613096851525605,0,132.0,5/1/2026,4,7038
training_set\images\image_01228.jpg,1228,PASS,2.402891177916977,2.0885922890502067,0.0182795265653648,0,132.0,5/1/2026,5,7038
training_set\images\image_01229.jpg,1229,PASS,2.5054124413567904,2.019010060837944,0.0810223239648704,0,132.0,5/1/2026,6,7038
training_set\images\image_01230.jpg,1230,PASS,2.4566998585290127,1.8833010266899963,0.3453822814439777,0,132.0,5/1/2026,7,7038
training_set\images\image_01231.jpg,1231,PASS,2.407563805808336,1.4269843674853178,0.4787008826895338,0,132.0,5/1/2026,8,7038
training_set\images\image_01232.jpg,1232,PASS,2.2689608188979298,1.8339594368748,0.2821715259131316,0,132.0,5/2/2026,9,7038
training_set\images\image_01233.jpg,1233,PASS,1.936924916351484,1.3348021198972817,0.2247710091667099,0,132.0,5/3/2026,10,7038
training_set\images\image_01234.jpg,1234,PASS,2.374033930783978,1.5112359254603696,0.185477710912592,0,132.0,5/4/2026,11,7038
training_set\images\image_01235.jpg,1235,PASS,2.962489295407772,2.1206064868871315,0.3418340651416587,0,132.0,5/4/2026,12,7038
training_set\images\image_01236.jpg,1236,PASS,2.568397882570372,2.049997772802794,0.1829128131431581,0,132.0,5/4/2026,13,7038
training_set\images\image_01237.jpg,1237,PASS,2.5912934076782155,1.6509704512569152,0.2930270993289694,0,132.0,5/4/2026,14,7038
training_set\images\image_01238.jpg,1238,PASS,2.131648875124148,1.256720169846835,0.207214252671658,0,132.0,5/4/2026,15,7038
training_set\images\image_01239.jpg,1239,PASS,2.425139627759441,1.2720358660619182,1.4108347853773289,0,132.0,5/4/2026,16,7038
training_set\images\image_01240.jpg,1240,PASS,3.107883531368412,2.2007336581126675,0.1063155906155617,0,132.0,5/5/2026,17,7038
training_set\images\image_01241.jpg,1241,PASS,2.9313217712121977,2.0121084699286937,0.8603889960162121,0,132.0,5/5/2026,18,7038
training_set\images\image_01242.jpg,1242,PASS,3.340945115578171,2.640639285879766,0.8211225614440565,0,132.0,5/5/2026,19,7038
training_set\images\image_01243.jpg,1243,PASS,2.166689905315364,1.9668761966282249,0.0452549140753584,0,132.0,5/5/2026,20,7038
training_set\images\image_01244.jpg,1244,PASS,2.6713049014757946,1.777636693088872,0.4599214167863796,0,132.0,5/5/2026,21,7038
training_set\images\image_01245.jpg,1245,PASS,3.1238241785913634,2.658724022203093,0.1747029316754886,0,132.0,5/5/2026,22,7038
training_set\images\image_01246.jpg,1246,PASS,2.7162455575065154,2.0491450599191805,0.4728426639508933,0,132.0,5/5/2026,23,7038
training_set\images\image_01247.jpg,1247,PASS,4.143456951796188,3.5747376096375576,0.3750636524372956,0,132.0,5/5/2026,24,7038
training_set\images\image_01248.jpg,1248,PASS,4.096932528714515,3.059391658170701,1.2172423957064682,0,132.0,5/5/2026,25,7038
training_set\images\image_01249.jpg,1249,PASS,2.950150166278928,2.44779304122101,0.389467084421828,0,132.0,5/5/2026,26,7038
